
********************************************************************************
APP STARTED at Tue, 09 Sep 2025 05:19:23.449828 GMT
Tue, 09 Sep 2025 05:19:23.461802 GMT [INFO] Kivy: v2.3.1
Tue, 09 Sep 2025 05:19:23.461957 GMT [INFO] Logger: Record log in /home/cai_test_wi/.kivy/logs/kivy_25-09-09_18.txt
Tue, 09 Sep 2025 05:19:23.462030 GMT [INFO] [INFO   ] [Logger      ] Record log in /home/cai_test_wi/.kivy/logs/kivy_25-09-09_18.txt
Tue, 09 Sep 2025 05:19:23.462095 GMT [INFO] [INFO   ] [Kivy        ] v2.3.1
Tue, 09 Sep 2025 05:19:23.462134 GMT [INFO] Kivy: Installed at "/home/cai_test_wi/.local/lib/python3.10/site-packages/kivy/__init__.py"
Tue, 09 Sep 2025 05:19:23.462169 GMT [INFO] [INFO   ] [Kivy        ] Installed at "/home/cai_test_wi/.local/lib/python3.10/site-packages/kivy/__init__.py"
Tue, 09 Sep 2025 05:19:23.462207 GMT [INFO] Python: v3.10.12 (main, May 27 2025, 17:12:29) [GCC 11.4.0]
Tue, 09 Sep 2025 05:19:23.462236 GMT [INFO] [INFO   ] [Python      ] v3.10.12 (main, May 27 2025, 17:12:29) [GCC 11.4.0]
Tue, 09 Sep 2025 05:19:23.462268 GMT [INFO] Python: Interpreter at "/usr/bin/python3"
Tue, 09 Sep 2025 05:19:23.462297 GMT [INFO] [INFO   ] [Python      ] Interpreter at "/usr/bin/python3"
Tue, 09 Sep 2025 05:19:23.462345 GMT [INFO] Logger: Purge log fired. Processing...
Tue, 09 Sep 2025 05:19:23.462412 GMT [INFO] [INFO   ] [Logger      ] Purge log fired. Processing...
Tue, 09 Sep 2025 05:19:23.462936 GMT [INFO] Logger: Purge finished!
Tue, 09 Sep 2025 05:19:23.463001 GMT [INFO] [INFO   ] [Logger      ] Purge finished!
Tue, 09 Sep 2025 05:19:23.482428 GMT [INFO] Factory: 195 symbols loaded
Tue, 09 Sep 2025 05:19:23.482523 GMT [INFO] [INFO   ] [Factory     ] 195 symbols loaded
Tue, 09 Sep 2025 05:19:23.530805 GMT [INFO] Image: Providers: img_tex, img_dds, img_sdl2, img_pil (img_ffpyplayer ignored)
Tue, 09 Sep 2025 05:19:23.530902 GMT [INFO] [INFO   ] [Image       ] Providers: img_tex, img_dds, img_sdl2, img_pil (img_ffpyplayer ignored)
Tue, 09 Sep 2025 05:19:23.539355 GMT [INFO] Window: Provider: sdl2
Tue, 09 Sep 2025 05:19:23.539451 GMT [INFO] [INFO   ] [Window      ] Provider: sdl2
Tue, 09 Sep 2025 05:19:23.622239 GMT [INFO] GL: Using the "OpenGL" graphics system
Tue, 09 Sep 2025 05:19:23.622387 GMT [INFO] [INFO   ] [GL          ] Using the "OpenGL" graphics system
Tue, 09 Sep 2025 05:19:23.622576 GMT [INFO] GL: Backend used <sdl2>
Tue, 09 Sep 2025 05:19:23.622644 GMT [INFO] [INFO   ] [GL          ] Backend used <sdl2>
Tue, 09 Sep 2025 05:19:23.622721 GMT [INFO] GL: OpenGL version <b'4.6 (Compatibility Profile) Mesa 24.0.0-devel (git-3ca1f35cbf)'>
Tue, 09 Sep 2025 05:19:23.622782 GMT [INFO] [INFO   ] [GL          ] OpenGL version <b'4.6 (Compatibility Profile) Mesa 24.0.0-devel (git-3ca1f35cbf)'>
Tue, 09 Sep 2025 05:19:23.622845 GMT [INFO] GL: OpenGL vendor <b'Intel'>
Tue, 09 Sep 2025 05:19:23.622898 GMT [INFO] [INFO   ] [GL          ] OpenGL vendor <b'Intel'>
Tue, 09 Sep 2025 05:19:23.622967 GMT [INFO] GL: OpenGL renderer <b'Mesa Intel(R) Xe Graphics (TGL GT2)'>
Tue, 09 Sep 2025 05:19:23.623037 GMT [INFO] [INFO   ] [GL          ] OpenGL renderer <b'Mesa Intel(R) Xe Graphics (TGL GT2)'>
Tue, 09 Sep 2025 05:19:23.623112 GMT [INFO] GL: OpenGL parsed version: 4, 6
Tue, 09 Sep 2025 05:19:23.623173 GMT [INFO] [INFO   ] [GL          ] OpenGL parsed version: 4, 6
Tue, 09 Sep 2025 05:19:23.623237 GMT [INFO] GL: Shading version <b'4.60'>
Tue, 09 Sep 2025 05:19:23.623297 GMT [INFO] [INFO   ] [GL          ] Shading version <b'4.60'>
Tue, 09 Sep 2025 05:19:23.623459 GMT [INFO] GL: Texture max size <16384>
Tue, 09 Sep 2025 05:19:23.623503 GMT [INFO] [INFO   ] [GL          ] Texture max size <16384>
Tue, 09 Sep 2025 05:19:23.623548 GMT [INFO] GL: Texture max units <32>
Tue, 09 Sep 2025 05:19:23.623583 GMT [INFO] [INFO   ] [GL          ] Texture max units <32>
Tue, 09 Sep 2025 05:19:23.634583 GMT [INFO] Window: auto add sdl2 input provider
Tue, 09 Sep 2025 05:19:23.634767 GMT [INFO] [INFO   ] [Window      ] auto add sdl2 input provider
Tue, 09 Sep 2025 05:19:23.635062 GMT [INFO] Window: virtual keyboard not allowed, single mode, not docked
Tue, 09 Sep 2025 05:19:23.635180 GMT [INFO] [INFO   ] [Window      ] virtual keyboard not allowed, single mode, not docked
Tue, 09 Sep 2025 05:19:23.644171 GMT [INFO] Text: Provider: sdl2
Tue, 09 Sep 2025 05:19:23.644282 GMT [INFO] [INFO   ] [Text        ] Provider: sdl2
Tue, 09 Sep 2025 05:19:23.720028 GMT [INFO] GL: NPOT texture support is available
Tue, 09 Sep 2025 05:19:23.720144 GMT [INFO] [INFO   ] [GL          ] NPOT texture support is available
Tue, 09 Sep 2025 05:19:23.726502 GMT [INFO] Clipboard: Provider: xsel(['clipboard_xclip'] ignored)
Tue, 09 Sep 2025 05:19:23.726600 GMT [INFO] [INFO   ] [Clipboard   ] Provider: xsel(['clipboard_xclip'] ignored)
Tue, 09 Sep 2025 05:19:23.726650 GMT [INFO] CutBuffer: cut buffer support enabled
Tue, 09 Sep 2025 05:19:23.726689 GMT [INFO] [INFO   ] [CutBuffer   ] cut buffer support enabled
Tue, 09 Sep 2025 05:19:23.781978 GMT [INFO] Base: Start application main loop
Tue, 09 Sep 2025 05:19:23.782106 GMT [INFO] [INFO   ] [Base        ] Start application main loop
Tue, 09 Sep 2025 05:19:52.751486 GMT [INFO] Base: Leaving application in progress...
Tue, 09 Sep 2025 05:19:52.751671 GMT [INFO] [INFO   ] [Base        ] Leaving application in progress...

********************************************************************************
APP STARTED at Tue, 09 Sep 2025 05:23:16.518850 GMT
Tue, 09 Sep 2025 05:23:16.532224 GMT [INFO] Kivy: v2.3.1
Tue, 09 Sep 2025 05:23:16.532423 GMT [INFO] Logger: Record log in /home/cai_test_wi/.kivy/logs/kivy_25-09-09_19.txt
Tue, 09 Sep 2025 05:23:16.532529 GMT [INFO] [INFO   ] [Logger      ] Record log in /home/cai_test_wi/.kivy/logs/kivy_25-09-09_19.txt
Tue, 09 Sep 2025 05:23:16.532600 GMT [INFO] [INFO   ] [Kivy        ] v2.3.1
Tue, 09 Sep 2025 05:23:16.532643 GMT [INFO] Kivy: Installed at "/home/cai_test_wi/.local/lib/python3.10/site-packages/kivy/__init__.py"
Tue, 09 Sep 2025 05:23:16.532681 GMT [INFO] [INFO   ] [Kivy        ] Installed at "/home/cai_test_wi/.local/lib/python3.10/site-packages/kivy/__init__.py"
Tue, 09 Sep 2025 05:23:16.532732 GMT [INFO] Python: v3.10.12 (main, May 27 2025, 17:12:29) [GCC 11.4.0]
Tue, 09 Sep 2025 05:23:16.532776 GMT [INFO] [INFO   ] [Python      ] v3.10.12 (main, May 27 2025, 17:12:29) [GCC 11.4.0]
Tue, 09 Sep 2025 05:23:16.532814 GMT [INFO] Python: Interpreter at "/usr/bin/python3"
Tue, 09 Sep 2025 05:23:16.532848 GMT [INFO] [INFO   ] [Python      ] Interpreter at "/usr/bin/python3"
Tue, 09 Sep 2025 05:23:16.532907 GMT [INFO] Logger: Purge log fired. Processing...
Tue, 09 Sep 2025 05:23:16.533000 GMT [INFO] [INFO   ] [Logger      ] Purge log fired. Processing...
Tue, 09 Sep 2025 05:23:16.533605 GMT [INFO] Logger: Purge finished!
Tue, 09 Sep 2025 05:23:16.533661 GMT [INFO] [INFO   ] [Logger      ] Purge finished!
Tue, 09 Sep 2025 05:23:16.553876 GMT [INFO] Factory: 195 symbols loaded
Tue, 09 Sep 2025 05:23:16.554020 GMT [INFO] [INFO   ] [Factory     ] 195 symbols loaded
Tue, 09 Sep 2025 05:23:16.604292 GMT [INFO] Image: Providers: img_tex, img_dds, img_sdl2, img_pil (img_ffpyplayer ignored)
Tue, 09 Sep 2025 05:23:16.604404 GMT [INFO] [INFO   ] [Image       ] Providers: img_tex, img_dds, img_sdl2, img_pil (img_ffpyplayer ignored)
Tue, 09 Sep 2025 05:23:16.613850 GMT [INFO] Window: Provider: sdl2
Tue, 09 Sep 2025 05:23:16.613967 GMT [INFO] [INFO   ] [Window      ] Provider: sdl2
Tue, 09 Sep 2025 05:23:16.703621 GMT [INFO] GL: Using the "OpenGL" graphics system
Tue, 09 Sep 2025 05:23:16.704030 GMT [INFO] [INFO   ] [GL          ] Using the "OpenGL" graphics system
Tue, 09 Sep 2025 05:23:16.704798 GMT [INFO] GL: Backend used <sdl2>
Tue, 09 Sep 2025 05:23:16.705129 GMT [INFO] [INFO   ] [GL          ] Backend used <sdl2>
Tue, 09 Sep 2025 05:23:16.705301 GMT [INFO] GL: OpenGL version <b'4.6 (Compatibility Profile) Mesa 24.0.0-devel (git-3ca1f35cbf)'>
Tue, 09 Sep 2025 05:23:16.705458 GMT [INFO] [INFO   ] [GL          ] OpenGL version <b'4.6 (Compatibility Profile) Mesa 24.0.0-devel (git-3ca1f35cbf)'>
Tue, 09 Sep 2025 05:23:16.705579 GMT [INFO] GL: OpenGL vendor <b'Intel'>
Tue, 09 Sep 2025 05:23:16.705667 GMT [INFO] [INFO   ] [GL          ] OpenGL vendor <b'Intel'>
Tue, 09 Sep 2025 05:23:16.705791 GMT [INFO] GL: OpenGL renderer <b'Mesa Intel(R) Xe Graphics (TGL GT2)'>
Tue, 09 Sep 2025 05:23:16.705881 GMT [INFO] [INFO   ] [GL          ] OpenGL renderer <b'Mesa Intel(R) Xe Graphics (TGL GT2)'>
Tue, 09 Sep 2025 05:23:16.706032 GMT [INFO] GL: OpenGL parsed version: 4, 6
Tue, 09 Sep 2025 05:23:16.706120 GMT [INFO] [INFO   ] [GL          ] OpenGL parsed version: 4, 6
Tue, 09 Sep 2025 05:23:16.706209 GMT [INFO] GL: Shading version <b'4.60'>
Tue, 09 Sep 2025 05:23:16.706294 GMT [INFO] [INFO   ] [GL          ] Shading version <b'4.60'>
Tue, 09 Sep 2025 05:23:16.706628 GMT [INFO] GL: Texture max size <16384>
Tue, 09 Sep 2025 05:23:16.706751 GMT [INFO] [INFO   ] [GL          ] Texture max size <16384>
Tue, 09 Sep 2025 05:23:16.706889 GMT [INFO] GL: Texture max units <32>
Tue, 09 Sep 2025 05:23:16.706987 GMT [INFO] [INFO   ] [GL          ] Texture max units <32>
Tue, 09 Sep 2025 05:23:16.733498 GMT [INFO] Window: auto add sdl2 input provider
Tue, 09 Sep 2025 05:23:16.733871 GMT [INFO] [INFO   ] [Window      ] auto add sdl2 input provider
Tue, 09 Sep 2025 05:23:16.734552 GMT [INFO] Window: virtual keyboard not allowed, single mode, not docked
Tue, 09 Sep 2025 05:23:16.734691 GMT [INFO] [INFO   ] [Window      ] virtual keyboard not allowed, single mode, not docked
Tue, 09 Sep 2025 05:23:16.750127 GMT [INFO] Text: Provider: sdl2
Tue, 09 Sep 2025 05:23:16.750320 GMT [INFO] [INFO   ] [Text        ] Provider: sdl2
Tue, 09 Sep 2025 05:23:16.885722 GMT [INFO] GL: NPOT texture support is available
Tue, 09 Sep 2025 05:23:16.885921 GMT [INFO] [INFO   ] [GL          ] NPOT texture support is available
Tue, 09 Sep 2025 05:23:16.895609 GMT [INFO] Clipboard: Provider: xsel(['clipboard_xclip'] ignored)
Tue, 09 Sep 2025 05:23:16.895804 GMT [INFO] [INFO   ] [Clipboard   ] Provider: xsel(['clipboard_xclip'] ignored)
Tue, 09 Sep 2025 05:23:16.895918 GMT [INFO] CutBuffer: cut buffer support enabled
Tue, 09 Sep 2025 05:23:16.896007 GMT [INFO] [INFO   ] [CutBuffer   ] cut buffer support enabled
Tue, 09 Sep 2025 05:23:16.971853 GMT [INFO] Base: Start application main loop
Tue, 09 Sep 2025 05:23:16.972097 GMT [INFO] [INFO   ] [Base        ] Start application main loop
Tue, 09 Sep 2025 05:24:44.985510 GMT [INFO] Base: Leaving application in progress...
Tue, 09 Sep 2025 05:24:44.985685 GMT [INFO] [INFO   ] [Base        ] Leaving application in progress...

********************************************************************************
APP STARTED at Tue, 09 Sep 2025 05:24:50.193137 GMT
Tue, 09 Sep 2025 05:24:50.206117 GMT [INFO] Kivy: v2.3.1
Tue, 09 Sep 2025 05:24:50.206317 GMT [INFO] Logger: Record log in /home/cai_test_wi/.kivy/logs/kivy_25-09-09_20.txt
Tue, 09 Sep 2025 05:24:50.206412 GMT [INFO] [INFO   ] [Logger      ] Record log in /home/cai_test_wi/.kivy/logs/kivy_25-09-09_20.txt
Tue, 09 Sep 2025 05:24:50.206484 GMT [INFO] [INFO   ] [Kivy        ] v2.3.1
Tue, 09 Sep 2025 05:24:50.206526 GMT [INFO] Kivy: Installed at "/home/cai_test_wi/.local/lib/python3.10/site-packages/kivy/__init__.py"
Tue, 09 Sep 2025 05:24:50.206565 GMT [INFO] [INFO   ] [Kivy        ] Installed at "/home/cai_test_wi/.local/lib/python3.10/site-packages/kivy/__init__.py"
Tue, 09 Sep 2025 05:24:50.206607 GMT [INFO] Python: v3.10.12 (main, May 27 2025, 17:12:29) [GCC 11.4.0]
Tue, 09 Sep 2025 05:24:50.206642 GMT [INFO] [INFO   ] [Python      ] v3.10.12 (main, May 27 2025, 17:12:29) [GCC 11.4.0]
Tue, 09 Sep 2025 05:24:50.206679 GMT [INFO] Python: Interpreter at "/usr/bin/python3"
Tue, 09 Sep 2025 05:24:50.206715 GMT [INFO] [INFO   ] [Python      ] Interpreter at "/usr/bin/python3"
Tue, 09 Sep 2025 05:24:50.206773 GMT [INFO] Logger: Purge log fired. Processing...
Tue, 09 Sep 2025 05:24:50.206850 GMT [INFO] [INFO   ] [Logger      ] Purge log fired. Processing...
Tue, 09 Sep 2025 05:24:50.207433 GMT [INFO] Logger: Purge finished!
Tue, 09 Sep 2025 05:24:50.207481 GMT [INFO] [INFO   ] [Logger      ] Purge finished!
Tue, 09 Sep 2025 05:24:50.226843 GMT [INFO] Factory: 195 symbols loaded
Tue, 09 Sep 2025 05:24:50.226956 GMT [INFO] [INFO   ] [Factory     ] 195 symbols loaded
Tue, 09 Sep 2025 05:24:50.278836 GMT [INFO] Image: Providers: img_tex, img_dds, img_sdl2, img_pil (img_ffpyplayer ignored)
Tue, 09 Sep 2025 05:24:50.278971 GMT [INFO] [INFO   ] [Image       ] Providers: img_tex, img_dds, img_sdl2, img_pil (img_ffpyplayer ignored)
Tue, 09 Sep 2025 05:24:50.288779 GMT [INFO] Window: Provider: sdl2
Tue, 09 Sep 2025 05:24:50.288884 GMT [INFO] [INFO   ] [Window      ] Provider: sdl2
Tue, 09 Sep 2025 05:24:50.406252 GMT [INFO] GL: Using the "OpenGL" graphics system
Tue, 09 Sep 2025 05:24:50.406503 GMT [INFO] [INFO   ] [GL          ] Using the "OpenGL" graphics system
Tue, 09 Sep 2025 05:24:50.406913 GMT [INFO] GL: Backend used <sdl2>
Tue, 09 Sep 2025 05:24:50.407107 GMT [INFO] [INFO   ] [GL          ] Backend used <sdl2>
Tue, 09 Sep 2025 05:24:50.407231 GMT [INFO] GL: OpenGL version <b'4.6 (Compatibility Profile) Mesa 24.0.0-devel (git-3ca1f35cbf)'>
Tue, 09 Sep 2025 05:24:50.407344 GMT [INFO] [INFO   ] [GL          ] OpenGL version <b'4.6 (Compatibility Profile) Mesa 24.0.0-devel (git-3ca1f35cbf)'>
Tue, 09 Sep 2025 05:24:50.407421 GMT [INFO] GL: OpenGL vendor <b'Intel'>
Tue, 09 Sep 2025 05:24:50.407490 GMT [INFO] [INFO   ] [GL          ] OpenGL vendor <b'Intel'>
Tue, 09 Sep 2025 05:24:50.407565 GMT [INFO] GL: OpenGL renderer <b'Mesa Intel(R) Xe Graphics (TGL GT2)'>
Tue, 09 Sep 2025 05:24:50.407643 GMT [INFO] [INFO   ] [GL          ] OpenGL renderer <b'Mesa Intel(R) Xe Graphics (TGL GT2)'>
Tue, 09 Sep 2025 05:24:50.407725 GMT [INFO] GL: OpenGL parsed version: 4, 6
Tue, 09 Sep 2025 05:24:50.407791 GMT [INFO] [INFO   ] [GL          ] OpenGL parsed version: 4, 6
Tue, 09 Sep 2025 05:24:50.407867 GMT [INFO] GL: Shading version <b'4.60'>
Tue, 09 Sep 2025 05:24:50.407943 GMT [INFO] [INFO   ] [GL          ] Shading version <b'4.60'>
Tue, 09 Sep 2025 05:24:50.408128 GMT [INFO] GL: Texture max size <16384>
Tue, 09 Sep 2025 05:24:50.408177 GMT [INFO] [INFO   ] [GL          ] Texture max size <16384>
Tue, 09 Sep 2025 05:24:50.408260 GMT [INFO] GL: Texture max units <32>
Tue, 09 Sep 2025 05:24:50.408316 GMT [INFO] [INFO   ] [GL          ] Texture max units <32>
Tue, 09 Sep 2025 05:24:50.423362 GMT [INFO] Window: auto add sdl2 input provider
Tue, 09 Sep 2025 05:24:50.423578 GMT [INFO] [INFO   ] [Window      ] auto add sdl2 input provider
Tue, 09 Sep 2025 05:24:50.423951 GMT [INFO] Window: virtual keyboard not allowed, single mode, not docked
Tue, 09 Sep 2025 05:24:50.424135 GMT [INFO] [INFO   ] [Window      ] virtual keyboard not allowed, single mode, not docked
Tue, 09 Sep 2025 05:24:50.439869 GMT [INFO] Text: Provider: sdl2
Tue, 09 Sep 2025 05:24:50.440138 GMT [INFO] [INFO   ] [Text        ] Provider: sdl2
Tue, 09 Sep 2025 05:24:50.573418 GMT [INFO] GL: NPOT texture support is available
Tue, 09 Sep 2025 05:24:50.573602 GMT [INFO] [INFO   ] [GL          ] NPOT texture support is available
Tue, 09 Sep 2025 05:24:50.583822 GMT [INFO] Clipboard: Provider: xsel(['clipboard_xclip'] ignored)
Tue, 09 Sep 2025 05:24:50.584061 GMT [INFO] [INFO   ] [Clipboard   ] Provider: xsel(['clipboard_xclip'] ignored)
Tue, 09 Sep 2025 05:24:50.584207 GMT [INFO] CutBuffer: cut buffer support enabled
Tue, 09 Sep 2025 05:24:50.584260 GMT [INFO] [INFO   ] [CutBuffer   ] cut buffer support enabled
Tue, 09 Sep 2025 05:24:50.659510 GMT [INFO] Base: Start application main loop
Tue, 09 Sep 2025 05:24:50.659700 GMT [INFO] [INFO   ] [Base        ] Start application main loop
Tue, 09 Sep 2025 05:25:27.390756 GMT [INFO] Base: Leaving application in progress...
Tue, 09 Sep 2025 05:25:27.390950 GMT [INFO] [INFO   ] [Base        ] Leaving application in progress...

********************************************************************************
APP STARTED at Tue, 09 Sep 2025 05:30:02.076794 GMT
Tue, 09 Sep 2025 05:30:02.088430 GMT [INFO] Kivy: v2.3.1
Tue, 09 Sep 2025 05:30:02.088586 GMT [INFO] Logger: Record log in /home/cai_test_wi/.kivy/logs/kivy_25-09-09_21.txt
Tue, 09 Sep 2025 05:30:02.088683 GMT [INFO] [INFO   ] [Logger      ] Record log in /home/cai_test_wi/.kivy/logs/kivy_25-09-09_21.txt
Tue, 09 Sep 2025 05:30:02.088759 GMT [INFO] [INFO   ] [Kivy        ] v2.3.1
Tue, 09 Sep 2025 05:30:02.088800 GMT [INFO] Kivy: Installed at "/home/cai_test_wi/.local/lib/python3.10/site-packages/kivy/__init__.py"
Tue, 09 Sep 2025 05:30:02.088835 GMT [INFO] [INFO   ] [Kivy        ] Installed at "/home/cai_test_wi/.local/lib/python3.10/site-packages/kivy/__init__.py"
Tue, 09 Sep 2025 05:30:02.088877 GMT [INFO] Python: v3.10.12 (main, May 27 2025, 17:12:29) [GCC 11.4.0]
Tue, 09 Sep 2025 05:30:02.088912 GMT [INFO] [INFO   ] [Python      ] v3.10.12 (main, May 27 2025, 17:12:29) [GCC 11.4.0]
Tue, 09 Sep 2025 05:30:02.088953 GMT [INFO] Python: Interpreter at "/usr/bin/python3"
Tue, 09 Sep 2025 05:30:02.088990 GMT [INFO] [INFO   ] [Python      ] Interpreter at "/usr/bin/python3"
Tue, 09 Sep 2025 05:30:02.089064 GMT [INFO] Logger: Purge log fired. Processing...
Tue, 09 Sep 2025 05:30:02.089172 GMT [INFO] [INFO   ] [Logger      ] Purge log fired. Processing...
Tue, 09 Sep 2025 05:30:02.089927 GMT [INFO] Logger: Purge finished!
Tue, 09 Sep 2025 05:30:02.090000 GMT [INFO] [INFO   ] [Logger      ] Purge finished!
Tue, 09 Sep 2025 05:30:02.108718 GMT [INFO] Factory: 195 symbols loaded
Tue, 09 Sep 2025 05:30:02.108815 GMT [INFO] [INFO   ] [Factory     ] 195 symbols loaded
Tue, 09 Sep 2025 05:30:02.155657 GMT [INFO] Image: Providers: img_tex, img_dds, img_sdl2, img_pil (img_ffpyplayer ignored)
Tue, 09 Sep 2025 05:30:02.155752 GMT [INFO] [INFO   ] [Image       ] Providers: img_tex, img_dds, img_sdl2, img_pil (img_ffpyplayer ignored)
Tue, 09 Sep 2025 05:30:02.164138 GMT [INFO] Window: Provider: sdl2
Tue, 09 Sep 2025 05:30:02.164223 GMT [INFO] [INFO   ] [Window      ] Provider: sdl2
Tue, 09 Sep 2025 05:30:02.247974 GMT [INFO] GL: Using the "OpenGL" graphics system
Tue, 09 Sep 2025 05:30:02.248181 GMT [INFO] [INFO   ] [GL          ] Using the "OpenGL" graphics system
Tue, 09 Sep 2025 05:30:02.248378 GMT [INFO] GL: Backend used <sdl2>
Tue, 09 Sep 2025 05:30:02.248430 GMT [INFO] [INFO   ] [GL          ] Backend used <sdl2>
Tue, 09 Sep 2025 05:30:02.248489 GMT [INFO] GL: OpenGL version <b'4.6 (Compatibility Profile) Mesa 24.0.0-devel (git-3ca1f35cbf)'>
Tue, 09 Sep 2025 05:30:02.248551 GMT [INFO] [INFO   ] [GL          ] OpenGL version <b'4.6 (Compatibility Profile) Mesa 24.0.0-devel (git-3ca1f35cbf)'>
Tue, 09 Sep 2025 05:30:02.248618 GMT [INFO] GL: OpenGL vendor <b'Intel'>
Tue, 09 Sep 2025 05:30:02.248679 GMT [INFO] [INFO   ] [GL          ] OpenGL vendor <b'Intel'>
Tue, 09 Sep 2025 05:30:02.248747 GMT [INFO] GL: OpenGL renderer <b'Mesa Intel(R) Xe Graphics (TGL GT2)'>
Tue, 09 Sep 2025 05:30:02.248809 GMT [INFO] [INFO   ] [GL          ] OpenGL renderer <b'Mesa Intel(R) Xe Graphics (TGL GT2)'>
Tue, 09 Sep 2025 05:30:02.248859 GMT [INFO] GL: OpenGL parsed version: 4, 6
Tue, 09 Sep 2025 05:30:02.248900 GMT [INFO] [INFO   ] [GL          ] OpenGL parsed version: 4, 6
Tue, 09 Sep 2025 05:30:02.248958 GMT [INFO] GL: Shading version <b'4.60'>
Tue, 09 Sep 2025 05:30:02.249009 GMT [INFO] [INFO   ] [GL          ] Shading version <b'4.60'>
Tue, 09 Sep 2025 05:30:02.249177 GMT [INFO] GL: Texture max size <16384>
Tue, 09 Sep 2025 05:30:02.249237 GMT [INFO] [INFO   ] [GL          ] Texture max size <16384>
Tue, 09 Sep 2025 05:30:02.249296 GMT [INFO] GL: Texture max units <32>
Tue, 09 Sep 2025 05:30:02.249343 GMT [INFO] [INFO   ] [GL          ] Texture max units <32>
Tue, 09 Sep 2025 05:30:02.258367 GMT [INFO] Window: auto add sdl2 input provider
Tue, 09 Sep 2025 05:30:02.258492 GMT [INFO] [INFO   ] [Window      ] auto add sdl2 input provider
Tue, 09 Sep 2025 05:30:02.258692 GMT [INFO] Window: virtual keyboard not allowed, single mode, not docked
Tue, 09 Sep 2025 05:30:02.258749 GMT [INFO] [INFO   ] [Window      ] virtual keyboard not allowed, single mode, not docked
Tue, 09 Sep 2025 05:30:02.267763 GMT [INFO] Text: Provider: sdl2
Tue, 09 Sep 2025 05:30:02.267876 GMT [INFO] [INFO   ] [Text        ] Provider: sdl2
Tue, 09 Sep 2025 05:30:02.346225 GMT [INFO] GL: NPOT texture support is available
Tue, 09 Sep 2025 05:30:02.346351 GMT [INFO] [INFO   ] [GL          ] NPOT texture support is available
Tue, 09 Sep 2025 05:30:02.353042 GMT [INFO] Clipboard: Provider: xsel(['clipboard_xclip'] ignored)
Tue, 09 Sep 2025 05:30:02.353155 GMT [INFO] [INFO   ] [Clipboard   ] Provider: xsel(['clipboard_xclip'] ignored)
Tue, 09 Sep 2025 05:30:02.353206 GMT [INFO] CutBuffer: cut buffer support enabled
Tue, 09 Sep 2025 05:30:02.353246 GMT [INFO] [INFO   ] [CutBuffer   ] cut buffer support enabled
Tue, 09 Sep 2025 05:30:02.408082 GMT [INFO] Base: Start application main loop
Tue, 09 Sep 2025 05:30:02.408230 GMT [INFO] [INFO   ] [Base        ] Start application main loop
Tue, 09 Sep 2025 05:32:48.278549 GMT [INFO] Base: Leaving application in progress...
Tue, 09 Sep 2025 05:32:48.278731 GMT [INFO] [INFO   ] [Base        ] Leaving application in progress...

********************************************************************************
APP STARTED at Tue, 09 Sep 2025 05:32:51.384906 GMT
Tue, 09 Sep 2025 05:32:51.397788 GMT [INFO] Kivy: v2.3.1
Tue, 09 Sep 2025 05:32:51.397957 GMT [INFO] Logger: Record log in /home/cai_test_wi/.kivy/logs/kivy_25-09-09_22.txt
Tue, 09 Sep 2025 05:32:51.398045 GMT [INFO] [INFO   ] [Logger      ] Record log in /home/cai_test_wi/.kivy/logs/kivy_25-09-09_22.txt
Tue, 09 Sep 2025 05:32:51.398114 GMT [INFO] [INFO   ] [Kivy        ] v2.3.1
Tue, 09 Sep 2025 05:32:51.398156 GMT [INFO] Kivy: Installed at "/home/cai_test_wi/.local/lib/python3.10/site-packages/kivy/__init__.py"
Tue, 09 Sep 2025 05:32:51.398201 GMT [INFO] [INFO   ] [Kivy        ] Installed at "/home/cai_test_wi/.local/lib/python3.10/site-packages/kivy/__init__.py"
Tue, 09 Sep 2025 05:32:51.398255 GMT [INFO] Python: v3.10.12 (main, May 27 2025, 17:12:29) [GCC 11.4.0]
Tue, 09 Sep 2025 05:32:51.398292 GMT [INFO] [INFO   ] [Python      ] v3.10.12 (main, May 27 2025, 17:12:29) [GCC 11.4.0]
Tue, 09 Sep 2025 05:32:51.398335 GMT [INFO] Python: Interpreter at "/usr/bin/python3"
Tue, 09 Sep 2025 05:32:51.398371 GMT [INFO] [INFO   ] [Python      ] Interpreter at "/usr/bin/python3"
Tue, 09 Sep 2025 05:32:51.398430 GMT [INFO] Logger: Purge log fired. Processing...
Tue, 09 Sep 2025 05:32:51.398515 GMT [INFO] [INFO   ] [Logger      ] Purge log fired. Processing...
Tue, 09 Sep 2025 05:32:51.399140 GMT [INFO] Logger: Purge finished!
Tue, 09 Sep 2025 05:32:51.399195 GMT [INFO] [INFO   ] [Logger      ] Purge finished!
Tue, 09 Sep 2025 05:32:51.417580 GMT [INFO] Factory: 195 symbols loaded
Tue, 09 Sep 2025 05:32:51.417675 GMT [INFO] [INFO   ] [Factory     ] 195 symbols loaded
Tue, 09 Sep 2025 05:32:51.465104 GMT [INFO] Image: Providers: img_tex, img_dds, img_sdl2, img_pil (img_ffpyplayer ignored)
Tue, 09 Sep 2025 05:32:51.465204 GMT [INFO] [INFO   ] [Image       ] Providers: img_tex, img_dds, img_sdl2, img_pil (img_ffpyplayer ignored)
Tue, 09 Sep 2025 05:32:51.473645 GMT [INFO] Window: Provider: sdl2
Tue, 09 Sep 2025 05:32:51.473728 GMT [INFO] [INFO   ] [Window      ] Provider: sdl2
Tue, 09 Sep 2025 05:32:51.551006 GMT [INFO] GL: Using the "OpenGL" graphics system
Tue, 09 Sep 2025 05:32:51.551202 GMT [INFO] [INFO   ] [GL          ] Using the "OpenGL" graphics system
Tue, 09 Sep 2025 05:32:51.551434 GMT [INFO] GL: Backend used <sdl2>
Tue, 09 Sep 2025 05:32:51.551517 GMT [INFO] [INFO   ] [GL          ] Backend used <sdl2>
Tue, 09 Sep 2025 05:32:51.551598 GMT [INFO] GL: OpenGL version <b'4.6 (Compatibility Profile) Mesa 24.0.0-devel (git-3ca1f35cbf)'>
Tue, 09 Sep 2025 05:32:51.551657 GMT [INFO] [INFO   ] [GL          ] OpenGL version <b'4.6 (Compatibility Profile) Mesa 24.0.0-devel (git-3ca1f35cbf)'>
Tue, 09 Sep 2025 05:32:51.551718 GMT [INFO] GL: OpenGL vendor <b'Intel'>
Tue, 09 Sep 2025 05:32:51.551779 GMT [INFO] [INFO   ] [GL          ] OpenGL vendor <b'Intel'>
Tue, 09 Sep 2025 05:32:51.551842 GMT [INFO] GL: OpenGL renderer <b'Mesa Intel(R) Xe Graphics (TGL GT2)'>
Tue, 09 Sep 2025 05:32:51.551909 GMT [INFO] [INFO   ] [GL          ] OpenGL renderer <b'Mesa Intel(R) Xe Graphics (TGL GT2)'>
Tue, 09 Sep 2025 05:32:51.551972 GMT [INFO] GL: OpenGL parsed version: 4, 6
Tue, 09 Sep 2025 05:32:51.552029 GMT [INFO] [INFO   ] [GL          ] OpenGL parsed version: 4, 6
Tue, 09 Sep 2025 05:32:51.552101 GMT [INFO] GL: Shading version <b'4.60'>
Tue, 09 Sep 2025 05:32:51.552154 GMT [INFO] [INFO   ] [GL          ] Shading version <b'4.60'>
Tue, 09 Sep 2025 05:32:51.552330 GMT [INFO] GL: Texture max size <16384>
Tue, 09 Sep 2025 05:32:51.552384 GMT [INFO] [INFO   ] [GL          ] Texture max size <16384>
Tue, 09 Sep 2025 05:32:51.552430 GMT [INFO] GL: Texture max units <32>
Tue, 09 Sep 2025 05:32:51.552467 GMT [INFO] [INFO   ] [GL          ] Texture max units <32>
Tue, 09 Sep 2025 05:32:51.561488 GMT [INFO] Window: auto add sdl2 input provider
Tue, 09 Sep 2025 05:32:51.561624 GMT [INFO] [INFO   ] [Window      ] auto add sdl2 input provider
Tue, 09 Sep 2025 05:32:51.561879 GMT [INFO] Window: virtual keyboard not allowed, single mode, not docked
Tue, 09 Sep 2025 05:32:51.561983 GMT [INFO] [INFO   ] [Window      ] virtual keyboard not allowed, single mode, not docked
Tue, 09 Sep 2025 05:32:51.570968 GMT [INFO] Text: Provider: sdl2
Tue, 09 Sep 2025 05:32:51.571083 GMT [INFO] [INFO   ] [Text        ] Provider: sdl2
Tue, 09 Sep 2025 05:32:51.649184 GMT [INFO] GL: NPOT texture support is available
Tue, 09 Sep 2025 05:32:51.649303 GMT [INFO] [INFO   ] [GL          ] NPOT texture support is available
Tue, 09 Sep 2025 05:32:51.655455 GMT [INFO] Clipboard: Provider: xsel(['clipboard_xclip'] ignored)
Tue, 09 Sep 2025 05:32:51.655562 GMT [INFO] [INFO   ] [Clipboard   ] Provider: xsel(['clipboard_xclip'] ignored)
Tue, 09 Sep 2025 05:32:51.655615 GMT [INFO] CutBuffer: cut buffer support enabled
Tue, 09 Sep 2025 05:32:51.655654 GMT [INFO] [INFO   ] [CutBuffer   ] cut buffer support enabled
Tue, 09 Sep 2025 05:32:51.708328 GMT [INFO] Base: Start application main loop
Tue, 09 Sep 2025 05:32:51.708467 GMT [INFO] [INFO   ] [Base        ] Start application main loop
Tue, 09 Sep 2025 05:33:27.553840 GMT [INFO] Base: Leaving application in progress...
Tue, 09 Sep 2025 05:33:27.554134 GMT [INFO] [INFO   ] [Base        ] Leaving application in progress...

********************************************************************************
APP STARTED at Tue, 09 Sep 2025 05:34:55.525728 GMT
Tue, 09 Sep 2025 05:34:55.537959 GMT [INFO] Kivy: v2.3.1
Tue, 09 Sep 2025 05:34:55.538150 GMT [INFO] Logger: Record log in /home/cai_test_wi/.kivy/logs/kivy_25-09-09_23.txt
Tue, 09 Sep 2025 05:34:55.538234 GMT [INFO] [INFO   ] [Logger      ] Record log in /home/cai_test_wi/.kivy/logs/kivy_25-09-09_23.txt
Tue, 09 Sep 2025 05:34:55.538304 GMT [INFO] [INFO   ] [Kivy        ] v2.3.1
Tue, 09 Sep 2025 05:34:55.538344 GMT [INFO] Kivy: Installed at "/home/cai_test_wi/.local/lib/python3.10/site-packages/kivy/__init__.py"
Tue, 09 Sep 2025 05:34:55.538380 GMT [INFO] [INFO   ] [Kivy        ] Installed at "/home/cai_test_wi/.local/lib/python3.10/site-packages/kivy/__init__.py"
Tue, 09 Sep 2025 05:34:55.538423 GMT [INFO] Python: v3.10.12 (main, May 27 2025, 17:12:29) [GCC 11.4.0]
Tue, 09 Sep 2025 05:34:55.538457 GMT [INFO] [INFO   ] [Python      ] v3.10.12 (main, May 27 2025, 17:12:29) [GCC 11.4.0]
Tue, 09 Sep 2025 05:34:55.538493 GMT [INFO] Python: Interpreter at "/usr/bin/python3"
Tue, 09 Sep 2025 05:34:55.538527 GMT [INFO] [INFO   ] [Python      ] Interpreter at "/usr/bin/python3"
Tue, 09 Sep 2025 05:34:55.538584 GMT [INFO] Logger: Purge log fired. Processing...
Tue, 09 Sep 2025 05:34:55.538667 GMT [INFO] [INFO   ] [Logger      ] Purge log fired. Processing...
Tue, 09 Sep 2025 05:34:55.539254 GMT [INFO] Logger: Purge finished!
Tue, 09 Sep 2025 05:34:55.539306 GMT [INFO] [INFO   ] [Logger      ] Purge finished!
Tue, 09 Sep 2025 05:34:55.557636 GMT [INFO] Factory: 195 symbols loaded
Tue, 09 Sep 2025 05:34:55.557739 GMT [INFO] [INFO   ] [Factory     ] 195 symbols loaded
Tue, 09 Sep 2025 05:34:55.604437 GMT [INFO] Image: Providers: img_tex, img_dds, img_sdl2, img_pil (img_ffpyplayer ignored)
Tue, 09 Sep 2025 05:34:55.604534 GMT [INFO] [INFO   ] [Image       ] Providers: img_tex, img_dds, img_sdl2, img_pil (img_ffpyplayer ignored)
Tue, 09 Sep 2025 05:34:55.612797 GMT [INFO] Window: Provider: sdl2
Tue, 09 Sep 2025 05:34:55.612898 GMT [INFO] [INFO   ] [Window      ] Provider: sdl2
Tue, 09 Sep 2025 05:34:55.705148 GMT [INFO] GL: Using the "OpenGL" graphics system
Tue, 09 Sep 2025 05:34:55.705333 GMT [INFO] [INFO   ] [GL          ] Using the "OpenGL" graphics system
Tue, 09 Sep 2025 05:34:55.705577 GMT [INFO] GL: Backend used <sdl2>
Tue, 09 Sep 2025 05:34:55.705673 GMT [INFO] [INFO   ] [GL          ] Backend used <sdl2>
Tue, 09 Sep 2025 05:34:55.705760 GMT [INFO] GL: OpenGL version <b'4.6 (Compatibility Profile) Mesa 24.0.0-devel (git-3ca1f35cbf)'>
Tue, 09 Sep 2025 05:34:55.705829 GMT [INFO] [INFO   ] [GL          ] OpenGL version <b'4.6 (Compatibility Profile) Mesa 24.0.0-devel (git-3ca1f35cbf)'>
Tue, 09 Sep 2025 05:34:55.705897 GMT [INFO] GL: OpenGL vendor <b'Intel'>
Tue, 09 Sep 2025 05:34:55.705987 GMT [INFO] [INFO   ] [GL          ] OpenGL vendor <b'Intel'>
Tue, 09 Sep 2025 05:34:55.706062 GMT [INFO] GL: OpenGL renderer <b'Mesa Intel(R) Xe Graphics (TGL GT2)'>
Tue, 09 Sep 2025 05:34:55.706150 GMT [INFO] [INFO   ] [GL          ] OpenGL renderer <b'Mesa Intel(R) Xe Graphics (TGL GT2)'>
Tue, 09 Sep 2025 05:34:55.706217 GMT [INFO] GL: OpenGL parsed version: 4, 6
Tue, 09 Sep 2025 05:34:55.706273 GMT [INFO] [INFO   ] [GL          ] OpenGL parsed version: 4, 6
Tue, 09 Sep 2025 05:34:55.706324 GMT [INFO] GL: Shading version <b'4.60'>
Tue, 09 Sep 2025 05:34:55.706370 GMT [INFO] [INFO   ] [GL          ] Shading version <b'4.60'>
Tue, 09 Sep 2025 05:34:55.706505 GMT [INFO] GL: Texture max size <16384>
Tue, 09 Sep 2025 05:34:55.706546 GMT [INFO] [INFO   ] [GL          ] Texture max size <16384>
Tue, 09 Sep 2025 05:34:55.706588 GMT [INFO] GL: Texture max units <32>
Tue, 09 Sep 2025 05:34:55.706622 GMT [INFO] [INFO   ] [GL          ] Texture max units <32>
Tue, 09 Sep 2025 05:34:55.715408 GMT [INFO] Window: auto add sdl2 input provider
Tue, 09 Sep 2025 05:34:55.715530 GMT [INFO] [INFO   ] [Window      ] auto add sdl2 input provider
Tue, 09 Sep 2025 05:34:55.715716 GMT [INFO] Window: virtual keyboard not allowed, single mode, not docked
Tue, 09 Sep 2025 05:34:55.715777 GMT [INFO] [INFO   ] [Window      ] virtual keyboard not allowed, single mode, not docked
Tue, 09 Sep 2025 05:34:55.724554 GMT [INFO] Text: Provider: sdl2
Tue, 09 Sep 2025 05:34:55.724666 GMT [INFO] [INFO   ] [Text        ] Provider: sdl2
Tue, 09 Sep 2025 05:34:55.802565 GMT [INFO] GL: NPOT texture support is available
Tue, 09 Sep 2025 05:34:55.802692 GMT [INFO] [INFO   ] [GL          ] NPOT texture support is available
Tue, 09 Sep 2025 05:34:55.808911 GMT [INFO] Clipboard: Provider: xsel(['clipboard_xclip'] ignored)
Tue, 09 Sep 2025 05:34:55.809028 GMT [INFO] [INFO   ] [Clipboard   ] Provider: xsel(['clipboard_xclip'] ignored)
Tue, 09 Sep 2025 05:34:55.809083 GMT [INFO] CutBuffer: cut buffer support enabled
Tue, 09 Sep 2025 05:34:55.809122 GMT [INFO] [INFO   ] [CutBuffer   ] cut buffer support enabled
Tue, 09 Sep 2025 05:34:55.865078 GMT [INFO] Base: Start application main loop
Tue, 09 Sep 2025 05:34:55.865218 GMT [INFO] [INFO   ] [Base        ] Start application main loop
Tue, 09 Sep 2025 05:35:49.825228 GMT [INFO] Base: Leaving application in progress...
Tue, 09 Sep 2025 05:35:49.825406 GMT [INFO] [INFO   ] [Base        ] Leaving application in progress...

********************************************************************************
APP STARTED at Tue, 09 Sep 2025 06:15:14.300091 GMT
Tue, 09 Sep 2025 06:15:14.313061 GMT [INFO] Kivy: v2.3.1
Tue, 09 Sep 2025 06:15:14.313227 GMT [INFO] Logger: Record log in /home/cai_test_wi/.kivy/logs/kivy_25-09-09_24.txt
Tue, 09 Sep 2025 06:15:14.313311 GMT [INFO] [INFO   ] [Logger      ] Record log in /home/cai_test_wi/.kivy/logs/kivy_25-09-09_24.txt
Tue, 09 Sep 2025 06:15:14.313378 GMT [INFO] [INFO   ] [Kivy        ] v2.3.1
Tue, 09 Sep 2025 06:15:14.313419 GMT [INFO] Kivy: Installed at "/home/cai_test_wi/.local/lib/python3.10/site-packages/kivy/__init__.py"
Tue, 09 Sep 2025 06:15:14.313456 GMT [INFO] [INFO   ] [Kivy        ] Installed at "/home/cai_test_wi/.local/lib/python3.10/site-packages/kivy/__init__.py"
Tue, 09 Sep 2025 06:15:14.313499 GMT [INFO] Python: v3.10.12 (main, May 27 2025, 17:12:29) [GCC 11.4.0]
Tue, 09 Sep 2025 06:15:14.313538 GMT [INFO] [INFO   ] [Python      ] v3.10.12 (main, May 27 2025, 17:12:29) [GCC 11.4.0]
Tue, 09 Sep 2025 06:15:14.313581 GMT [INFO] Python: Interpreter at "/usr/bin/python3"
Tue, 09 Sep 2025 06:15:14.313616 GMT [INFO] [INFO   ] [Python      ] Interpreter at "/usr/bin/python3"
Tue, 09 Sep 2025 06:15:14.313671 GMT [INFO] Logger: Purge log fired. Processing...
Tue, 09 Sep 2025 06:15:14.313758 GMT [INFO] [INFO   ] [Logger      ] Purge log fired. Processing...
Tue, 09 Sep 2025 06:15:14.314368 GMT [INFO] Logger: Purge finished!
Tue, 09 Sep 2025 06:15:14.314418 GMT [INFO] [INFO   ] [Logger      ] Purge finished!
Tue, 09 Sep 2025 06:15:14.334362 GMT [INFO] Factory: 195 symbols loaded
Tue, 09 Sep 2025 06:15:14.334479 GMT [INFO] [INFO   ] [Factory     ] 195 symbols loaded
Tue, 09 Sep 2025 06:15:14.385716 GMT [INFO] Image: Providers: img_tex, img_dds, img_sdl2, img_pil (img_ffpyplayer ignored)
Tue, 09 Sep 2025 06:15:14.385840 GMT [INFO] [INFO   ] [Image       ] Providers: img_tex, img_dds, img_sdl2, img_pil (img_ffpyplayer ignored)
Tue, 09 Sep 2025 06:15:14.395304 GMT [INFO] Window: Provider: sdl2
Tue, 09 Sep 2025 06:15:14.395403 GMT [INFO] [INFO   ] [Window      ] Provider: sdl2
Tue, 09 Sep 2025 06:15:14.493983 GMT [INFO] GL: Using the "OpenGL" graphics system
Tue, 09 Sep 2025 06:15:14.494192 GMT [INFO] [INFO   ] [GL          ] Using the "OpenGL" graphics system
Tue, 09 Sep 2025 06:15:14.494446 GMT [INFO] GL: Backend used <sdl2>
Tue, 09 Sep 2025 06:15:14.494529 GMT [INFO] [INFO   ] [GL          ] Backend used <sdl2>
Tue, 09 Sep 2025 06:15:14.494617 GMT [INFO] GL: OpenGL version <b'4.6 (Compatibility Profile) Mesa 24.0.0-devel (git-3ca1f35cbf)'>
Tue, 09 Sep 2025 06:15:14.494685 GMT [INFO] [INFO   ] [GL          ] OpenGL version <b'4.6 (Compatibility Profile) Mesa 24.0.0-devel (git-3ca1f35cbf)'>
Tue, 09 Sep 2025 06:15:14.494751 GMT [INFO] GL: OpenGL vendor <b'Intel'>
Tue, 09 Sep 2025 06:15:14.494810 GMT [INFO] [INFO   ] [GL          ] OpenGL vendor <b'Intel'>
Tue, 09 Sep 2025 06:15:14.494873 GMT [INFO] GL: OpenGL renderer <b'Mesa Intel(R) Xe Graphics (TGL GT2)'>
Tue, 09 Sep 2025 06:15:14.494928 GMT [INFO] [INFO   ] [GL          ] OpenGL renderer <b'Mesa Intel(R) Xe Graphics (TGL GT2)'>
Tue, 09 Sep 2025 06:15:14.495003 GMT [INFO] GL: OpenGL parsed version: 4, 6
Tue, 09 Sep 2025 06:15:14.495063 GMT [INFO] [INFO   ] [GL          ] OpenGL parsed version: 4, 6
Tue, 09 Sep 2025 06:15:14.495127 GMT [INFO] GL: Shading version <b'4.60'>
Tue, 09 Sep 2025 06:15:14.495186 GMT [INFO] [INFO   ] [GL          ] Shading version <b'4.60'>
Tue, 09 Sep 2025 06:15:14.495325 GMT [INFO] GL: Texture max size <16384>
Tue, 09 Sep 2025 06:15:14.495368 GMT [INFO] [INFO   ] [GL          ] Texture max size <16384>
Tue, 09 Sep 2025 06:15:14.495411 GMT [INFO] GL: Texture max units <32>
Tue, 09 Sep 2025 06:15:14.495446 GMT [INFO] [INFO   ] [GL          ] Texture max units <32>
Tue, 09 Sep 2025 06:15:14.504346 GMT [INFO] Window: auto add sdl2 input provider
Tue, 09 Sep 2025 06:15:14.504483 GMT [INFO] [INFO   ] [Window      ] auto add sdl2 input provider
Tue, 09 Sep 2025 06:15:14.504757 GMT [INFO] Window: virtual keyboard not allowed, single mode, not docked
Tue, 09 Sep 2025 06:15:14.504835 GMT [INFO] [INFO   ] [Window      ] virtual keyboard not allowed, single mode, not docked
Tue, 09 Sep 2025 06:15:14.513935 GMT [INFO] Text: Provider: sdl2
Tue, 09 Sep 2025 06:15:14.514055 GMT [INFO] [INFO   ] [Text        ] Provider: sdl2

********************************************************************************
APP STARTED at Tue, 09 Sep 2025 06:15:23.205409 GMT
Tue, 09 Sep 2025 06:15:23.218726 GMT [INFO] Kivy: v2.3.1
Tue, 09 Sep 2025 06:15:23.218967 GMT [INFO] Logger: Record log in /home/cai_test_wi/.kivy/logs/kivy_25-09-09_25.txt
Tue, 09 Sep 2025 06:15:23.219114 GMT [INFO] [INFO   ] [Logger      ] Record log in /home/cai_test_wi/.kivy/logs/kivy_25-09-09_25.txt
Tue, 09 Sep 2025 06:15:23.219205 GMT [INFO] [INFO   ] [Kivy        ] v2.3.1
Tue, 09 Sep 2025 06:15:23.219249 GMT [INFO] Kivy: Installed at "/home/cai_test_wi/.local/lib/python3.10/site-packages/kivy/__init__.py"
Tue, 09 Sep 2025 06:15:23.219292 GMT [INFO] [INFO   ] [Kivy        ] Installed at "/home/cai_test_wi/.local/lib/python3.10/site-packages/kivy/__init__.py"
Tue, 09 Sep 2025 06:15:23.219335 GMT [INFO] Python: v3.10.12 (main, May 27 2025, 17:12:29) [GCC 11.4.0]
Tue, 09 Sep 2025 06:15:23.219370 GMT [INFO] [INFO   ] [Python      ] v3.10.12 (main, May 27 2025, 17:12:29) [GCC 11.4.0]
Tue, 09 Sep 2025 06:15:23.219406 GMT [INFO] Python: Interpreter at "/usr/bin/python3"
Tue, 09 Sep 2025 06:15:23.219440 GMT [INFO] [INFO   ] [Python      ] Interpreter at "/usr/bin/python3"
Tue, 09 Sep 2025 06:15:23.219498 GMT [INFO] Logger: Purge log fired. Processing...
Tue, 09 Sep 2025 06:15:23.219578 GMT [INFO] [INFO   ] [Logger      ] Purge log fired. Processing...
Tue, 09 Sep 2025 06:15:23.220190 GMT [INFO] Logger: Purge finished!
Tue, 09 Sep 2025 06:15:23.220248 GMT [INFO] [INFO   ] [Logger      ] Purge finished!
Tue, 09 Sep 2025 06:15:23.240611 GMT [INFO] Factory: 195 symbols loaded
Tue, 09 Sep 2025 06:15:23.240728 GMT [INFO] [INFO   ] [Factory     ] 195 symbols loaded
Tue, 09 Sep 2025 06:15:23.294573 GMT [INFO] Image: Providers: img_tex, img_dds, img_sdl2, img_pil (img_ffpyplayer ignored)
Tue, 09 Sep 2025 06:15:23.294696 GMT [INFO] [INFO   ] [Image       ] Providers: img_tex, img_dds, img_sdl2, img_pil (img_ffpyplayer ignored)
Tue, 09 Sep 2025 06:15:23.304450 GMT [INFO] Window: Provider: sdl2
Tue, 09 Sep 2025 06:15:23.304555 GMT [INFO] [INFO   ] [Window      ] Provider: sdl2
Tue, 09 Sep 2025 06:15:23.413968 GMT [INFO] GL: Using the "OpenGL" graphics system
Tue, 09 Sep 2025 06:15:23.414299 GMT [INFO] [INFO   ] [GL          ] Using the "OpenGL" graphics system
Tue, 09 Sep 2025 06:15:23.414885 GMT [INFO] GL: Backend used <sdl2>
Tue, 09 Sep 2025 06:15:23.415063 GMT [INFO] [INFO   ] [GL          ] Backend used <sdl2>
Tue, 09 Sep 2025 06:15:23.415208 GMT [INFO] GL: OpenGL version <b'4.6 (Compatibility Profile) Mesa 24.0.0-devel (git-3ca1f35cbf)'>
Tue, 09 Sep 2025 06:15:23.415312 GMT [INFO] [INFO   ] [GL          ] OpenGL version <b'4.6 (Compatibility Profile) Mesa 24.0.0-devel (git-3ca1f35cbf)'>
Tue, 09 Sep 2025 06:15:23.415407 GMT [INFO] GL: OpenGL vendor <b'Intel'>
Tue, 09 Sep 2025 06:15:23.415505 GMT [INFO] [INFO   ] [GL          ] OpenGL vendor <b'Intel'>
Tue, 09 Sep 2025 06:15:23.415604 GMT [INFO] GL: OpenGL renderer <b'Mesa Intel(R) Xe Graphics (TGL GT2)'>
Tue, 09 Sep 2025 06:15:23.415708 GMT [INFO] [INFO   ] [GL          ] OpenGL renderer <b'Mesa Intel(R) Xe Graphics (TGL GT2)'>
Tue, 09 Sep 2025 06:15:23.415815 GMT [INFO] GL: OpenGL parsed version: 4, 6
Tue, 09 Sep 2025 06:15:23.415909 GMT [INFO] [INFO   ] [GL          ] OpenGL parsed version: 4, 6
Tue, 09 Sep 2025 06:15:23.416065 GMT [INFO] GL: Shading version <b'4.60'>
Tue, 09 Sep 2025 06:15:23.416169 GMT [INFO] [INFO   ] [GL          ] Shading version <b'4.60'>
Tue, 09 Sep 2025 06:15:23.416443 GMT [INFO] GL: Texture max size <16384>
Tue, 09 Sep 2025 06:15:23.416542 GMT [INFO] [INFO   ] [GL          ] Texture max size <16384>
Tue, 09 Sep 2025 06:15:23.416655 GMT [INFO] GL: Texture max units <32>
Tue, 09 Sep 2025 06:15:23.416752 GMT [INFO] [INFO   ] [GL          ] Texture max units <32>
Tue, 09 Sep 2025 06:15:23.433290 GMT [INFO] Window: auto add sdl2 input provider
Tue, 09 Sep 2025 06:15:23.433551 GMT [INFO] [INFO   ] [Window      ] auto add sdl2 input provider
Tue, 09 Sep 2025 06:15:23.433975 GMT [INFO] Window: virtual keyboard not allowed, single mode, not docked
Tue, 09 Sep 2025 06:15:23.434138 GMT [INFO] [INFO   ] [Window      ] virtual keyboard not allowed, single mode, not docked
Tue, 09 Sep 2025 06:15:23.445782 GMT [INFO] Text: Provider: sdl2
Tue, 09 Sep 2025 06:15:23.445902 GMT [INFO] [INFO   ] [Text        ] Provider: sdl2

********************************************************************************
APP STARTED at Tue, 09 Sep 2025 06:15:41.109295 GMT
Tue, 09 Sep 2025 06:15:41.122300 GMT [INFO] Kivy: v2.3.1
Tue, 09 Sep 2025 06:15:41.122502 GMT [INFO] Logger: Record log in /home/cai_test_wi/.kivy/logs/kivy_25-09-09_26.txt
Tue, 09 Sep 2025 06:15:41.122614 GMT [INFO] [INFO   ] [Logger      ] Record log in /home/cai_test_wi/.kivy/logs/kivy_25-09-09_26.txt
Tue, 09 Sep 2025 06:15:41.122701 GMT [INFO] [INFO   ] [Kivy        ] v2.3.1
Tue, 09 Sep 2025 06:15:41.122744 GMT [INFO] Kivy: Installed at "/home/cai_test_wi/.local/lib/python3.10/site-packages/kivy/__init__.py"
Tue, 09 Sep 2025 06:15:41.122793 GMT [INFO] [INFO   ] [Kivy        ] Installed at "/home/cai_test_wi/.local/lib/python3.10/site-packages/kivy/__init__.py"
Tue, 09 Sep 2025 06:15:41.122837 GMT [INFO] Python: v3.10.12 (main, May 27 2025, 17:12:29) [GCC 11.4.0]
Tue, 09 Sep 2025 06:15:41.122871 GMT [INFO] [INFO   ] [Python      ] v3.10.12 (main, May 27 2025, 17:12:29) [GCC 11.4.0]
Tue, 09 Sep 2025 06:15:41.122907 GMT [INFO] Python: Interpreter at "/usr/bin/python3"
Tue, 09 Sep 2025 06:15:41.122949 GMT [INFO] [INFO   ] [Python      ] Interpreter at "/usr/bin/python3"
Tue, 09 Sep 2025 06:15:41.123026 GMT [INFO] Logger: Purge log fired. Processing...
Tue, 09 Sep 2025 06:15:41.123103 GMT [INFO] [INFO   ] [Logger      ] Purge log fired. Processing...
Tue, 09 Sep 2025 06:15:41.123696 GMT [INFO] Logger: Purge finished!
Tue, 09 Sep 2025 06:15:41.123750 GMT [INFO] [INFO   ] [Logger      ] Purge finished!
Tue, 09 Sep 2025 06:15:41.154159 GMT [INFO] Factory: 195 symbols loaded
Tue, 09 Sep 2025 06:15:41.154341 GMT [INFO] [INFO   ] [Factory     ] 195 symbols loaded
Tue, 09 Sep 2025 06:15:41.237740 GMT [INFO] Image: Providers: img_tex, img_dds, img_sdl2, img_pil (img_ffpyplayer ignored)
Tue, 09 Sep 2025 06:15:41.237950 GMT [INFO] [INFO   ] [Image       ] Providers: img_tex, img_dds, img_sdl2, img_pil (img_ffpyplayer ignored)
Tue, 09 Sep 2025 06:15:41.258657 GMT [INFO] Window: Provider: sdl2
Tue, 09 Sep 2025 06:15:41.258963 GMT [INFO] [INFO   ] [Window      ] Provider: sdl2
Tue, 09 Sep 2025 06:15:41.361051 GMT [INFO] GL: Using the "OpenGL" graphics system
Tue, 09 Sep 2025 06:15:41.361203 GMT [INFO] [INFO   ] [GL          ] Using the "OpenGL" graphics system
Tue, 09 Sep 2025 06:15:41.361440 GMT [INFO] GL: Backend used <sdl2>
Tue, 09 Sep 2025 06:15:41.361534 GMT [INFO] [INFO   ] [GL          ] Backend used <sdl2>
Tue, 09 Sep 2025 06:15:41.361613 GMT [INFO] GL: OpenGL version <b'4.6 (Compatibility Profile) Mesa 24.0.0-devel (git-3ca1f35cbf)'>
Tue, 09 Sep 2025 06:15:41.361671 GMT [INFO] [INFO   ] [GL          ] OpenGL version <b'4.6 (Compatibility Profile) Mesa 24.0.0-devel (git-3ca1f35cbf)'>
Tue, 09 Sep 2025 06:15:41.361737 GMT [INFO] GL: OpenGL vendor <b'Intel'>
Tue, 09 Sep 2025 06:15:41.361796 GMT [INFO] [INFO   ] [GL          ] OpenGL vendor <b'Intel'>
Tue, 09 Sep 2025 06:15:41.361862 GMT [INFO] GL: OpenGL renderer <b'Mesa Intel(R) Xe Graphics (TGL GT2)'>
Tue, 09 Sep 2025 06:15:41.361925 GMT [INFO] [INFO   ] [GL          ] OpenGL renderer <b'Mesa Intel(R) Xe Graphics (TGL GT2)'>
Tue, 09 Sep 2025 06:15:41.362009 GMT [INFO] GL: OpenGL parsed version: 4, 6
Tue, 09 Sep 2025 06:15:41.362070 GMT [INFO] [INFO   ] [GL          ] OpenGL parsed version: 4, 6
Tue, 09 Sep 2025 06:15:41.362131 GMT [INFO] GL: Shading version <b'4.60'>
Tue, 09 Sep 2025 06:15:41.362185 GMT [INFO] [INFO   ] [GL          ] Shading version <b'4.60'>
Tue, 09 Sep 2025 06:15:41.362323 GMT [INFO] GL: Texture max size <16384>
Tue, 09 Sep 2025 06:15:41.362365 GMT [INFO] [INFO   ] [GL          ] Texture max size <16384>
Tue, 09 Sep 2025 06:15:41.362407 GMT [INFO] GL: Texture max units <32>
Tue, 09 Sep 2025 06:15:41.362444 GMT [INFO] [INFO   ] [GL          ] Texture max units <32>
Tue, 09 Sep 2025 06:15:41.371598 GMT [INFO] Window: auto add sdl2 input provider
Tue, 09 Sep 2025 06:15:41.371727 GMT [INFO] [INFO   ] [Window      ] auto add sdl2 input provider
Tue, 09 Sep 2025 06:15:41.371926 GMT [INFO] Window: virtual keyboard not allowed, single mode, not docked
Tue, 09 Sep 2025 06:15:41.372001 GMT [INFO] [INFO   ] [Window      ] virtual keyboard not allowed, single mode, not docked
Tue, 09 Sep 2025 06:15:41.380980 GMT [INFO] Text: Provider: sdl2
Tue, 09 Sep 2025 06:15:41.381095 GMT [INFO] [INFO   ] [Text        ] Provider: sdl2
Tue, 09 Sep 2025 06:15:41.458854 GMT [INFO] GL: NPOT texture support is available
Tue, 09 Sep 2025 06:15:41.458977 GMT [INFO] [INFO   ] [GL          ] NPOT texture support is available
Tue, 09 Sep 2025 06:15:41.465153 GMT [INFO] Clipboard: Provider: xsel(['clipboard_xclip'] ignored)
Tue, 09 Sep 2025 06:15:41.465265 GMT [INFO] [INFO   ] [Clipboard   ] Provider: xsel(['clipboard_xclip'] ignored)
Tue, 09 Sep 2025 06:15:41.465319 GMT [INFO] CutBuffer: cut buffer support enabled
Tue, 09 Sep 2025 06:15:41.465363 GMT [INFO] [INFO   ] [CutBuffer   ] cut buffer support enabled
Tue, 09 Sep 2025 06:15:41.519007 GMT [INFO] Base: Start application main loop
Tue, 09 Sep 2025 06:15:41.519205 GMT [INFO] [INFO   ] [Base        ] Start application main loop
Tue, 09 Sep 2025 06:16:04.138474 GMT [INFO] Base: Leaving application in progress...
Tue, 09 Sep 2025 06:16:04.138661 GMT [INFO] [INFO   ] [Base        ] Leaving application in progress...

********************************************************************************
APP STARTED at Tue, 09 Sep 2025 06:16:34.922307 GMT
Tue, 09 Sep 2025 06:16:34.935407 GMT [INFO] Kivy: v2.3.1
Tue, 09 Sep 2025 06:16:34.935591 GMT [INFO] Logger: Record log in /home/cai_test_wi/.kivy/logs/kivy_25-09-09_27.txt
Tue, 09 Sep 2025 06:16:34.935676 GMT [INFO] [INFO   ] [Logger      ] Record log in /home/cai_test_wi/.kivy/logs/kivy_25-09-09_27.txt
Tue, 09 Sep 2025 06:16:34.935745 GMT [INFO] [INFO   ] [Kivy        ] v2.3.1
Tue, 09 Sep 2025 06:16:34.935786 GMT [INFO] Kivy: Installed at "/home/cai_test_wi/.local/lib/python3.10/site-packages/kivy/__init__.py"
Tue, 09 Sep 2025 06:16:34.935825 GMT [INFO] [INFO   ] [Kivy        ] Installed at "/home/cai_test_wi/.local/lib/python3.10/site-packages/kivy/__init__.py"
Tue, 09 Sep 2025 06:16:34.935867 GMT [INFO] Python: v3.10.12 (main, May 27 2025, 17:12:29) [GCC 11.4.0]
Tue, 09 Sep 2025 06:16:34.935902 GMT [INFO] [INFO   ] [Python      ] v3.10.12 (main, May 27 2025, 17:12:29) [GCC 11.4.0]
Tue, 09 Sep 2025 06:16:34.935944 GMT [INFO] Python: Interpreter at "/usr/bin/python3"
Tue, 09 Sep 2025 06:16:34.935982 GMT [INFO] [INFO   ] [Python      ] Interpreter at "/usr/bin/python3"
Tue, 09 Sep 2025 06:16:34.936035 GMT [INFO] Logger: Purge log fired. Processing...
Tue, 09 Sep 2025 06:16:34.936105 GMT [INFO] [INFO   ] [Logger      ] Purge log fired. Processing...
Tue, 09 Sep 2025 06:16:34.936715 GMT [INFO] Logger: Purge finished!
Tue, 09 Sep 2025 06:16:34.936769 GMT [INFO] [INFO   ] [Logger      ] Purge finished!
Tue, 09 Sep 2025 06:16:34.966911 GMT [INFO] Factory: 195 symbols loaded
Tue, 09 Sep 2025 06:16:34.967114 GMT [INFO] [INFO   ] [Factory     ] 195 symbols loaded
Tue, 09 Sep 2025 06:16:35.049342 GMT [INFO] Image: Providers: img_tex, img_dds, img_sdl2, img_pil (img_ffpyplayer ignored)
Tue, 09 Sep 2025 06:16:35.049530 GMT [INFO] [INFO   ] [Image       ] Providers: img_tex, img_dds, img_sdl2, img_pil (img_ffpyplayer ignored)
Tue, 09 Sep 2025 06:16:35.064852 GMT [INFO] Window: Provider: sdl2
Tue, 09 Sep 2025 06:16:35.065066 GMT [INFO] [INFO   ] [Window      ] Provider: sdl2
Tue, 09 Sep 2025 06:16:35.146365 GMT [INFO] GL: Using the "OpenGL" graphics system
Tue, 09 Sep 2025 06:16:35.146515 GMT [INFO] [INFO   ] [GL          ] Using the "OpenGL" graphics system
Tue, 09 Sep 2025 06:16:35.146742 GMT [INFO] GL: Backend used <sdl2>
Tue, 09 Sep 2025 06:16:35.146827 GMT [INFO] [INFO   ] [GL          ] Backend used <sdl2>
Tue, 09 Sep 2025 06:16:35.146913 GMT [INFO] GL: OpenGL version <b'4.6 (Compatibility Profile) Mesa 24.0.0-devel (git-3ca1f35cbf)'>
Tue, 09 Sep 2025 06:16:35.146986 GMT [INFO] [INFO   ] [GL          ] OpenGL version <b'4.6 (Compatibility Profile) Mesa 24.0.0-devel (git-3ca1f35cbf)'>
Tue, 09 Sep 2025 06:16:35.147053 GMT [INFO] GL: OpenGL vendor <b'Intel'>
Tue, 09 Sep 2025 06:16:35.147111 GMT [INFO] [INFO   ] [GL          ] OpenGL vendor <b'Intel'>
Tue, 09 Sep 2025 06:16:35.147175 GMT [INFO] GL: OpenGL renderer <b'Mesa Intel(R) Xe Graphics (TGL GT2)'>
Tue, 09 Sep 2025 06:16:35.147239 GMT [INFO] [INFO   ] [GL          ] OpenGL renderer <b'Mesa Intel(R) Xe Graphics (TGL GT2)'>
Tue, 09 Sep 2025 06:16:35.147324 GMT [INFO] GL: OpenGL parsed version: 4, 6
Tue, 09 Sep 2025 06:16:35.147384 GMT [INFO] [INFO   ] [GL          ] OpenGL parsed version: 4, 6
Tue, 09 Sep 2025 06:16:35.147448 GMT [INFO] GL: Shading version <b'4.60'>
Tue, 09 Sep 2025 06:16:35.147533 GMT [INFO] [INFO   ] [GL          ] Shading version <b'4.60'>
Tue, 09 Sep 2025 06:16:35.147712 GMT [INFO] GL: Texture max size <16384>
Tue, 09 Sep 2025 06:16:35.147759 GMT [INFO] [INFO   ] [GL          ] Texture max size <16384>
Tue, 09 Sep 2025 06:16:35.147803 GMT [INFO] GL: Texture max units <32>
Tue, 09 Sep 2025 06:16:35.147840 GMT [INFO] [INFO   ] [GL          ] Texture max units <32>
Tue, 09 Sep 2025 06:16:35.159038 GMT [INFO] Window: auto add sdl2 input provider
Tue, 09 Sep 2025 06:16:35.159221 GMT [INFO] [INFO   ] [Window      ] auto add sdl2 input provider
Tue, 09 Sep 2025 06:16:35.159501 GMT [INFO] Window: virtual keyboard not allowed, single mode, not docked
Tue, 09 Sep 2025 06:16:35.159600 GMT [INFO] [INFO   ] [Window      ] virtual keyboard not allowed, single mode, not docked
Tue, 09 Sep 2025 06:16:35.170849 GMT [INFO] Text: Provider: sdl2
Tue, 09 Sep 2025 06:16:35.171031 GMT [INFO] [INFO   ] [Text        ] Provider: sdl2
Tue, 09 Sep 2025 06:16:35.256408 GMT [INFO] GL: NPOT texture support is available
Tue, 09 Sep 2025 06:16:35.256530 GMT [INFO] [INFO   ] [GL          ] NPOT texture support is available
Tue, 09 Sep 2025 06:16:35.263431 GMT [INFO] Clipboard: Provider: xsel(['clipboard_xclip'] ignored)
Tue, 09 Sep 2025 06:16:35.263541 GMT [INFO] [INFO   ] [Clipboard   ] Provider: xsel(['clipboard_xclip'] ignored)
Tue, 09 Sep 2025 06:16:35.263593 GMT [INFO] CutBuffer: cut buffer support enabled
Tue, 09 Sep 2025 06:16:35.263635 GMT [INFO] [INFO   ] [CutBuffer   ] cut buffer support enabled
Tue, 09 Sep 2025 06:16:35.320795 GMT [INFO] Base: Start application main loop
Tue, 09 Sep 2025 06:16:35.320934 GMT [INFO] [INFO   ] [Base        ] Start application main loop
Tue, 09 Sep 2025 06:17:11.628777 GMT [INFO] Base: Leaving application in progress...
Tue, 09 Sep 2025 06:17:11.628980 GMT [INFO] [INFO   ] [Base        ] Leaving application in progress...

********************************************************************************
APP STARTED at Tue, 09 Sep 2025 06:26:59.347076 GMT
Tue, 09 Sep 2025 06:26:59.359566 GMT [INFO] Kivy: v2.3.1
Tue, 09 Sep 2025 06:26:59.359759 GMT [INFO] Logger: Record log in /home/cai_test_wi/.kivy/logs/kivy_25-09-09_28.txt
Tue, 09 Sep 2025 06:26:59.359845 GMT [INFO] [INFO   ] [Logger      ] Record log in /home/cai_test_wi/.kivy/logs/kivy_25-09-09_28.txt
Tue, 09 Sep 2025 06:26:59.359915 GMT [INFO] [INFO   ] [Kivy        ] v2.3.1
Tue, 09 Sep 2025 06:26:59.359961 GMT [INFO] Kivy: Installed at "/home/cai_test_wi/.local/lib/python3.10/site-packages/kivy/__init__.py"
Tue, 09 Sep 2025 06:26:59.359998 GMT [INFO] [INFO   ] [Kivy        ] Installed at "/home/cai_test_wi/.local/lib/python3.10/site-packages/kivy/__init__.py"
Tue, 09 Sep 2025 06:26:59.360041 GMT [INFO] Python: v3.10.12 (main, May 27 2025, 17:12:29) [GCC 11.4.0]
Tue, 09 Sep 2025 06:26:59.360077 GMT [INFO] [INFO   ] [Python      ] v3.10.12 (main, May 27 2025, 17:12:29) [GCC 11.4.0]
Tue, 09 Sep 2025 06:26:59.360114 GMT [INFO] Python: Interpreter at "/usr/bin/python3"
Tue, 09 Sep 2025 06:26:59.360148 GMT [INFO] [INFO   ] [Python      ] Interpreter at "/usr/bin/python3"
Tue, 09 Sep 2025 06:26:59.360204 GMT [INFO] Logger: Purge log fired. Processing...
Tue, 09 Sep 2025 06:26:59.360285 GMT [INFO] [INFO   ] [Logger      ] Purge log fired. Processing...
Tue, 09 Sep 2025 06:26:59.360880 GMT [INFO] Logger: Purge finished!
Tue, 09 Sep 2025 06:26:59.360938 GMT [INFO] [INFO   ] [Logger      ] Purge finished!
Tue, 09 Sep 2025 06:26:59.380211 GMT [INFO] Factory: 195 symbols loaded
Tue, 09 Sep 2025 06:26:59.380308 GMT [INFO] [INFO   ] [Factory     ] 195 symbols loaded
Tue, 09 Sep 2025 06:26:59.428244 GMT [INFO] Image: Providers: img_tex, img_dds, img_sdl2, img_pil (img_ffpyplayer ignored)
Tue, 09 Sep 2025 06:26:59.428350 GMT [INFO] [INFO   ] [Image       ] Providers: img_tex, img_dds, img_sdl2, img_pil (img_ffpyplayer ignored)
Tue, 09 Sep 2025 06:26:59.436753 GMT [INFO] Window: Provider: sdl2
Tue, 09 Sep 2025 06:26:59.436838 GMT [INFO] [INFO   ] [Window      ] Provider: sdl2
Tue, 09 Sep 2025 06:26:59.529833 GMT [INFO] GL: Using the "OpenGL" graphics system
Tue, 09 Sep 2025 06:26:59.529991 GMT [INFO] [INFO   ] [GL          ] Using the "OpenGL" graphics system
Tue, 09 Sep 2025 06:26:59.530175 GMT [INFO] GL: Backend used <sdl2>
Tue, 09 Sep 2025 06:26:59.530223 GMT [INFO] [INFO   ] [GL          ] Backend used <sdl2>
Tue, 09 Sep 2025 06:26:59.530281 GMT [INFO] GL: OpenGL version <b'4.6 (Compatibility Profile) Mesa 24.0.0-devel (git-3ca1f35cbf)'>
Tue, 09 Sep 2025 06:26:59.530337 GMT [INFO] [INFO   ] [GL          ] OpenGL version <b'4.6 (Compatibility Profile) Mesa 24.0.0-devel (git-3ca1f35cbf)'>
Tue, 09 Sep 2025 06:26:59.530396 GMT [INFO] GL: OpenGL vendor <b'Intel'>
Tue, 09 Sep 2025 06:26:59.530444 GMT [INFO] [INFO   ] [GL          ] OpenGL vendor <b'Intel'>
Tue, 09 Sep 2025 06:26:59.530504 GMT [INFO] GL: OpenGL renderer <b'Mesa Intel(R) Xe Graphics (TGL GT2)'>
Tue, 09 Sep 2025 06:26:59.530553 GMT [INFO] [INFO   ] [GL          ] OpenGL renderer <b'Mesa Intel(R) Xe Graphics (TGL GT2)'>
Tue, 09 Sep 2025 06:26:59.530616 GMT [INFO] GL: OpenGL parsed version: 4, 6
Tue, 09 Sep 2025 06:26:59.530655 GMT [INFO] [INFO   ] [GL          ] OpenGL parsed version: 4, 6
Tue, 09 Sep 2025 06:26:59.530695 GMT [INFO] GL: Shading version <b'4.60'>
Tue, 09 Sep 2025 06:26:59.530742 GMT [INFO] [INFO   ] [GL          ] Shading version <b'4.60'>
Tue, 09 Sep 2025 06:26:59.530921 GMT [INFO] GL: Texture max size <16384>
Tue, 09 Sep 2025 06:26:59.531000 GMT [INFO] [INFO   ] [GL          ] Texture max size <16384>
Tue, 09 Sep 2025 06:26:59.531048 GMT [INFO] GL: Texture max units <32>
Tue, 09 Sep 2025 06:26:59.531085 GMT [INFO] [INFO   ] [GL          ] Texture max units <32>
Tue, 09 Sep 2025 06:26:59.539768 GMT [INFO] Window: auto add sdl2 input provider
Tue, 09 Sep 2025 06:26:59.539890 GMT [INFO] [INFO   ] [Window      ] auto add sdl2 input provider
Tue, 09 Sep 2025 06:26:59.540106 GMT [INFO] Window: virtual keyboard not allowed, single mode, not docked
Tue, 09 Sep 2025 06:26:59.540170 GMT [INFO] [INFO   ] [Window      ] virtual keyboard not allowed, single mode, not docked
Tue, 09 Sep 2025 06:26:59.549127 GMT [INFO] Text: Provider: sdl2
Tue, 09 Sep 2025 06:26:59.549262 GMT [INFO] [INFO   ] [Text        ] Provider: sdl2
Tue, 09 Sep 2025 06:26:59.633723 GMT [INFO] GL: NPOT texture support is available
Tue, 09 Sep 2025 06:26:59.633842 GMT [INFO] [INFO   ] [GL          ] NPOT texture support is available
Tue, 09 Sep 2025 06:26:59.641910 GMT [INFO] Clipboard: Provider: xsel(['clipboard_xclip'] ignored)
Tue, 09 Sep 2025 06:26:59.642029 GMT [INFO] [INFO   ] [Clipboard   ] Provider: xsel(['clipboard_xclip'] ignored)
Tue, 09 Sep 2025 06:26:59.642081 GMT [INFO] CutBuffer: cut buffer support enabled
Tue, 09 Sep 2025 06:26:59.642124 GMT [INFO] [INFO   ] [CutBuffer   ] cut buffer support enabled
Tue, 09 Sep 2025 06:26:59.704047 GMT [INFO] Base: Start application main loop
Tue, 09 Sep 2025 06:26:59.704251 GMT [INFO] [INFO   ] [Base        ] Start application main loop
Tue, 09 Sep 2025 06:29:10.981540 GMT [INFO] Base: Leaving application in progress...
Tue, 09 Sep 2025 06:29:10.981712 GMT [INFO] [INFO   ] [Base        ] Leaving application in progress...

********************************************************************************
APP STARTED at Tue, 09 Sep 2025 06:31:24.496983 GMT
Tue, 09 Sep 2025 06:31:24.508942 GMT [INFO] Kivy: v2.3.1
Tue, 09 Sep 2025 06:31:24.509133 GMT [INFO] Logger: Record log in /home/cai_test_wi/.kivy/logs/kivy_25-09-09_29.txt
Tue, 09 Sep 2025 06:31:24.509232 GMT [INFO] [INFO   ] [Logger      ] Record log in /home/cai_test_wi/.kivy/logs/kivy_25-09-09_29.txt
Tue, 09 Sep 2025 06:31:24.509302 GMT [INFO] [INFO   ] [Kivy        ] v2.3.1
Tue, 09 Sep 2025 06:31:24.509344 GMT [INFO] Kivy: Installed at "/home/cai_test_wi/.local/lib/python3.10/site-packages/kivy/__init__.py"
Tue, 09 Sep 2025 06:31:24.509398 GMT [INFO] [INFO   ] [Kivy        ] Installed at "/home/cai_test_wi/.local/lib/python3.10/site-packages/kivy/__init__.py"
Tue, 09 Sep 2025 06:31:24.509442 GMT [INFO] Python: v3.10.12 (main, May 27 2025, 17:12:29) [GCC 11.4.0]
Tue, 09 Sep 2025 06:31:24.509476 GMT [INFO] [INFO   ] [Python      ] v3.10.12 (main, May 27 2025, 17:12:29) [GCC 11.4.0]
Tue, 09 Sep 2025 06:31:24.509515 GMT [INFO] Python: Interpreter at "/usr/bin/python3"
Tue, 09 Sep 2025 06:31:24.509550 GMT [INFO] [INFO   ] [Python      ] Interpreter at "/usr/bin/python3"
Tue, 09 Sep 2025 06:31:24.509605 GMT [INFO] Logger: Purge log fired. Processing...
Tue, 09 Sep 2025 06:31:24.509681 GMT [INFO] [INFO   ] [Logger      ] Purge log fired. Processing...
Tue, 09 Sep 2025 06:31:24.510312 GMT [INFO] Logger: Purge finished!
Tue, 09 Sep 2025 06:31:24.510370 GMT [INFO] [INFO   ] [Logger      ] Purge finished!
Tue, 09 Sep 2025 06:31:24.529238 GMT [INFO] Factory: 195 symbols loaded
Tue, 09 Sep 2025 06:31:24.529335 GMT [INFO] [INFO   ] [Factory     ] 195 symbols loaded
Tue, 09 Sep 2025 06:31:24.576168 GMT [INFO] Image: Providers: img_tex, img_dds, img_sdl2, img_pil (img_ffpyplayer ignored)
Tue, 09 Sep 2025 06:31:24.576265 GMT [INFO] [INFO   ] [Image       ] Providers: img_tex, img_dds, img_sdl2, img_pil (img_ffpyplayer ignored)
Tue, 09 Sep 2025 06:31:24.584666 GMT [INFO] Window: Provider: sdl2
Tue, 09 Sep 2025 06:31:24.584751 GMT [INFO] [INFO   ] [Window      ] Provider: sdl2
Tue, 09 Sep 2025 06:31:24.674759 GMT [INFO] GL: Using the "OpenGL" graphics system
Tue, 09 Sep 2025 06:31:24.675186 GMT [INFO] [INFO   ] [GL          ] Using the "OpenGL" graphics system
Tue, 09 Sep 2025 06:31:24.675978 GMT [INFO] GL: Backend used <sdl2>
Tue, 09 Sep 2025 06:31:24.676211 GMT [INFO] [INFO   ] [GL          ] Backend used <sdl2>
Tue, 09 Sep 2025 06:31:24.676372 GMT [INFO] GL: OpenGL version <b'4.6 (Compatibility Profile) Mesa 24.0.0-devel (git-3ca1f35cbf)'>
Tue, 09 Sep 2025 06:31:24.676461 GMT [INFO] [INFO   ] [GL          ] OpenGL version <b'4.6 (Compatibility Profile) Mesa 24.0.0-devel (git-3ca1f35cbf)'>
Tue, 09 Sep 2025 06:31:24.676584 GMT [INFO] GL: OpenGL vendor <b'Intel'>
Tue, 09 Sep 2025 06:31:24.676671 GMT [INFO] [INFO   ] [GL          ] OpenGL vendor <b'Intel'>
Tue, 09 Sep 2025 06:31:24.676794 GMT [INFO] GL: OpenGL renderer <b'Mesa Intel(R) Xe Graphics (TGL GT2)'>
Tue, 09 Sep 2025 06:31:24.676916 GMT [INFO] [INFO   ] [GL          ] OpenGL renderer <b'Mesa Intel(R) Xe Graphics (TGL GT2)'>
Tue, 09 Sep 2025 06:31:24.677078 GMT [INFO] GL: OpenGL parsed version: 4, 6
Tue, 09 Sep 2025 06:31:24.677166 GMT [INFO] [INFO   ] [GL          ] OpenGL parsed version: 4, 6
Tue, 09 Sep 2025 06:31:24.677255 GMT [INFO] GL: Shading version <b'4.60'>
Tue, 09 Sep 2025 06:31:24.677342 GMT [INFO] [INFO   ] [GL          ] Shading version <b'4.60'>
Tue, 09 Sep 2025 06:31:24.677672 GMT [INFO] GL: Texture max size <16384>
Tue, 09 Sep 2025 06:31:24.677793 GMT [INFO] [INFO   ] [GL          ] Texture max size <16384>
Tue, 09 Sep 2025 06:31:24.677884 GMT [INFO] GL: Texture max units <32>
Tue, 09 Sep 2025 06:31:24.678002 GMT [INFO] [INFO   ] [GL          ] Texture max units <32>
Tue, 09 Sep 2025 06:31:24.704891 GMT [INFO] Window: auto add sdl2 input provider
Tue, 09 Sep 2025 06:31:24.705233 GMT [INFO] [INFO   ] [Window      ] auto add sdl2 input provider
Tue, 09 Sep 2025 06:31:24.705754 GMT [INFO] Window: virtual keyboard not allowed, single mode, not docked
Tue, 09 Sep 2025 06:31:24.705922 GMT [INFO] [INFO   ] [Window      ] virtual keyboard not allowed, single mode, not docked
Tue, 09 Sep 2025 06:31:24.733417 GMT [INFO] Text: Provider: sdl2
Tue, 09 Sep 2025 06:31:24.733707 GMT [INFO] [INFO   ] [Text        ] Provider: sdl2
Tue, 09 Sep 2025 06:31:24.937324 GMT [INFO] GL: NPOT texture support is available
Tue, 09 Sep 2025 06:31:24.937574 GMT [INFO] [INFO   ] [GL          ] NPOT texture support is available
Tue, 09 Sep 2025 06:31:24.950779 GMT [INFO] Clipboard: Provider: xsel(['clipboard_xclip'] ignored)
Tue, 09 Sep 2025 06:31:24.950891 GMT [INFO] [INFO   ] [Clipboard   ] Provider: xsel(['clipboard_xclip'] ignored)
Tue, 09 Sep 2025 06:31:24.950953 GMT [INFO] CutBuffer: cut buffer support enabled
Tue, 09 Sep 2025 06:31:24.950995 GMT [INFO] [INFO   ] [CutBuffer   ] cut buffer support enabled
Tue, 09 Sep 2025 06:31:24.998686 GMT [INFO] Base: Start application main loop
Tue, 09 Sep 2025 06:31:24.998981 GMT [INFO] [INFO   ] [Base        ] Start application main loop
Tue, 09 Sep 2025 06:32:52.777095 GMT [INFO] Base: Leaving application in progress...
Tue, 09 Sep 2025 06:32:52.777281 GMT [INFO] [INFO   ] [Base        ] Leaving application in progress...

********************************************************************************
APP STARTED at Tue, 09 Sep 2025 06:32:54.347519 GMT
Tue, 09 Sep 2025 06:32:54.359431 GMT [INFO] Kivy: v2.3.1
Tue, 09 Sep 2025 06:32:54.359621 GMT [INFO] Logger: Record log in /home/cai_test_wi/.kivy/logs/kivy_25-09-09_30.txt
Tue, 09 Sep 2025 06:32:54.359703 GMT [INFO] [INFO   ] [Logger      ] Record log in /home/cai_test_wi/.kivy/logs/kivy_25-09-09_30.txt
Tue, 09 Sep 2025 06:32:54.359772 GMT [INFO] [INFO   ] [Kivy        ] v2.3.1
Tue, 09 Sep 2025 06:32:54.359813 GMT [INFO] Kivy: Installed at "/home/cai_test_wi/.local/lib/python3.10/site-packages/kivy/__init__.py"
Tue, 09 Sep 2025 06:32:54.359849 GMT [INFO] [INFO   ] [Kivy        ] Installed at "/home/cai_test_wi/.local/lib/python3.10/site-packages/kivy/__init__.py"
Tue, 09 Sep 2025 06:32:54.359891 GMT [INFO] Python: v3.10.12 (main, May 27 2025, 17:12:29) [GCC 11.4.0]
Tue, 09 Sep 2025 06:32:54.359926 GMT [INFO] [INFO   ] [Python      ] v3.10.12 (main, May 27 2025, 17:12:29) [GCC 11.4.0]
Tue, 09 Sep 2025 06:32:54.359970 GMT [INFO] Python: Interpreter at "/usr/bin/python3"
Tue, 09 Sep 2025 06:32:54.360005 GMT [INFO] [INFO   ] [Python      ] Interpreter at "/usr/bin/python3"
Tue, 09 Sep 2025 06:32:54.360062 GMT [INFO] Logger: Purge log fired. Processing...
Tue, 09 Sep 2025 06:32:54.360139 GMT [INFO] [INFO   ] [Logger      ] Purge log fired. Processing...
Tue, 09 Sep 2025 06:32:54.360728 GMT [INFO] Logger: Purge finished!
Tue, 09 Sep 2025 06:32:54.360780 GMT [INFO] [INFO   ] [Logger      ] Purge finished!
Tue, 09 Sep 2025 06:32:54.380077 GMT [INFO] Factory: 195 symbols loaded
Tue, 09 Sep 2025 06:32:54.380230 GMT [INFO] [INFO   ] [Factory     ] 195 symbols loaded
Tue, 09 Sep 2025 06:32:54.429037 GMT [INFO] Image: Providers: img_tex, img_dds, img_sdl2, img_pil (img_ffpyplayer ignored)
Tue, 09 Sep 2025 06:32:54.429140 GMT [INFO] [INFO   ] [Image       ] Providers: img_tex, img_dds, img_sdl2, img_pil (img_ffpyplayer ignored)
Tue, 09 Sep 2025 06:32:54.437516 GMT [INFO] Window: Provider: sdl2
Tue, 09 Sep 2025 06:32:54.437605 GMT [INFO] [INFO   ] [Window      ] Provider: sdl2
Tue, 09 Sep 2025 06:32:54.557221 GMT [INFO] GL: Using the "OpenGL" graphics system
Tue, 09 Sep 2025 06:32:54.557391 GMT [INFO] [INFO   ] [GL          ] Using the "OpenGL" graphics system
Tue, 09 Sep 2025 06:32:54.557582 GMT [INFO] GL: Backend used <sdl2>
Tue, 09 Sep 2025 06:32:54.557634 GMT [INFO] [INFO   ] [GL          ] Backend used <sdl2>
Tue, 09 Sep 2025 06:32:54.557688 GMT [INFO] GL: OpenGL version <b'4.6 (Compatibility Profile) Mesa 24.0.0-devel (git-3ca1f35cbf)'>
Tue, 09 Sep 2025 06:32:54.557726 GMT [INFO] [INFO   ] [GL          ] OpenGL version <b'4.6 (Compatibility Profile) Mesa 24.0.0-devel (git-3ca1f35cbf)'>
Tue, 09 Sep 2025 06:32:54.557771 GMT [INFO] GL: OpenGL vendor <b'Intel'>
Tue, 09 Sep 2025 06:32:54.557827 GMT [INFO] [INFO   ] [GL          ] OpenGL vendor <b'Intel'>
Tue, 09 Sep 2025 06:32:54.557888 GMT [INFO] GL: OpenGL renderer <b'Mesa Intel(R) Xe Graphics (TGL GT2)'>
Tue, 09 Sep 2025 06:32:54.557957 GMT [INFO] [INFO   ] [GL          ] OpenGL renderer <b'Mesa Intel(R) Xe Graphics (TGL GT2)'>
Tue, 09 Sep 2025 06:32:54.558053 GMT [INFO] GL: OpenGL parsed version: 4, 6
Tue, 09 Sep 2025 06:32:54.558117 GMT [INFO] [INFO   ] [GL          ] OpenGL parsed version: 4, 6
Tue, 09 Sep 2025 06:32:54.558185 GMT [INFO] GL: Shading version <b'4.60'>
Tue, 09 Sep 2025 06:32:54.558244 GMT [INFO] [INFO   ] [GL          ] Shading version <b'4.60'>
Tue, 09 Sep 2025 06:32:54.558444 GMT [INFO] GL: Texture max size <16384>
Tue, 09 Sep 2025 06:32:54.558509 GMT [INFO] [INFO   ] [GL          ] Texture max size <16384>
Tue, 09 Sep 2025 06:32:54.558555 GMT [INFO] GL: Texture max units <32>
Tue, 09 Sep 2025 06:32:54.558593 GMT [INFO] [INFO   ] [GL          ] Texture max units <32>
Tue, 09 Sep 2025 06:32:54.567762 GMT [INFO] Window: auto add sdl2 input provider
Tue, 09 Sep 2025 06:32:54.567911 GMT [INFO] [INFO   ] [Window      ] auto add sdl2 input provider
Tue, 09 Sep 2025 06:32:54.568129 GMT [INFO] Window: virtual keyboard not allowed, single mode, not docked
Tue, 09 Sep 2025 06:32:54.568192 GMT [INFO] [INFO   ] [Window      ] virtual keyboard not allowed, single mode, not docked
Tue, 09 Sep 2025 06:32:54.577242 GMT [INFO] Text: Provider: sdl2
Tue, 09 Sep 2025 06:32:54.577357 GMT [INFO] [INFO   ] [Text        ] Provider: sdl2
Tue, 09 Sep 2025 06:32:54.655392 GMT [INFO] GL: NPOT texture support is available
Tue, 09 Sep 2025 06:32:54.655523 GMT [INFO] [INFO   ] [GL          ] NPOT texture support is available
Tue, 09 Sep 2025 06:32:54.661777 GMT [INFO] Clipboard: Provider: xsel(['clipboard_xclip'] ignored)
Tue, 09 Sep 2025 06:32:54.661924 GMT [INFO] [INFO   ] [Clipboard   ] Provider: xsel(['clipboard_xclip'] ignored)
Tue, 09 Sep 2025 06:32:54.662011 GMT [INFO] CutBuffer: cut buffer support enabled
Tue, 09 Sep 2025 06:32:54.662058 GMT [INFO] [INFO   ] [CutBuffer   ] cut buffer support enabled
Tue, 09 Sep 2025 06:32:54.721757 GMT [INFO] Base: Start application main loop
Tue, 09 Sep 2025 06:32:54.721892 GMT [INFO] [INFO   ] [Base        ] Start application main loop
Tue, 09 Sep 2025 06:33:47.435508 GMT [INFO] Base: Leaving application in progress...
Tue, 09 Sep 2025 06:33:47.435849 GMT [INFO] [INFO   ] [Base        ] Leaving application in progress...

********************************************************************************
APP STARTED at Tue, 09 Sep 2025 06:34:26.802493 GMT
Tue, 09 Sep 2025 06:34:26.814845 GMT [INFO] Kivy: v2.3.1
Tue, 09 Sep 2025 06:34:26.815044 GMT [INFO] Logger: Record log in /home/cai_test_wi/.kivy/logs/kivy_25-09-09_31.txt
Tue, 09 Sep 2025 06:34:26.815129 GMT [INFO] [INFO   ] [Logger      ] Record log in /home/cai_test_wi/.kivy/logs/kivy_25-09-09_31.txt
Tue, 09 Sep 2025 06:34:26.815197 GMT [INFO] [INFO   ] [Kivy        ] v2.3.1
Tue, 09 Sep 2025 06:34:26.815238 GMT [INFO] Kivy: Installed at "/home/cai_test_wi/.local/lib/python3.10/site-packages/kivy/__init__.py"
Tue, 09 Sep 2025 06:34:26.815276 GMT [INFO] [INFO   ] [Kivy        ] Installed at "/home/cai_test_wi/.local/lib/python3.10/site-packages/kivy/__init__.py"
Tue, 09 Sep 2025 06:34:26.815319 GMT [INFO] Python: v3.10.12 (main, May 27 2025, 17:12:29) [GCC 11.4.0]
Tue, 09 Sep 2025 06:34:26.815354 GMT [INFO] [INFO   ] [Python      ] v3.10.12 (main, May 27 2025, 17:12:29) [GCC 11.4.0]
Tue, 09 Sep 2025 06:34:26.815390 GMT [INFO] Python: Interpreter at "/usr/bin/python3"
Tue, 09 Sep 2025 06:34:26.815424 GMT [INFO] [INFO   ] [Python      ] Interpreter at "/usr/bin/python3"
Tue, 09 Sep 2025 06:34:26.815483 GMT [INFO] Logger: Purge log fired. Processing...
Tue, 09 Sep 2025 06:34:26.815566 GMT [INFO] [INFO   ] [Logger      ] Purge log fired. Processing...
Tue, 09 Sep 2025 06:34:26.816230 GMT [INFO] Logger: Purge finished!
Tue, 09 Sep 2025 06:34:26.816283 GMT [INFO] [INFO   ] [Logger      ] Purge finished!
Tue, 09 Sep 2025 06:34:26.835080 GMT [INFO] Factory: 195 symbols loaded
Tue, 09 Sep 2025 06:34:26.835185 GMT [INFO] [INFO   ] [Factory     ] 195 symbols loaded
Tue, 09 Sep 2025 06:34:26.882520 GMT [INFO] Image: Providers: img_tex, img_dds, img_sdl2, img_pil (img_ffpyplayer ignored)
Tue, 09 Sep 2025 06:34:26.882617 GMT [INFO] [INFO   ] [Image       ] Providers: img_tex, img_dds, img_sdl2, img_pil (img_ffpyplayer ignored)
Tue, 09 Sep 2025 06:34:26.890962 GMT [INFO] Window: Provider: sdl2
Tue, 09 Sep 2025 06:34:26.891055 GMT [INFO] [INFO   ] [Window      ] Provider: sdl2
Tue, 09 Sep 2025 06:34:26.989085 GMT [INFO] GL: Using the "OpenGL" graphics system
Tue, 09 Sep 2025 06:34:26.989238 GMT [INFO] [INFO   ] [GL          ] Using the "OpenGL" graphics system
Tue, 09 Sep 2025 06:34:26.989442 GMT [INFO] GL: Backend used <sdl2>
Tue, 09 Sep 2025 06:34:26.989522 GMT [INFO] [INFO   ] [GL          ] Backend used <sdl2>
Tue, 09 Sep 2025 06:34:26.989608 GMT [INFO] GL: OpenGL version <b'4.6 (Compatibility Profile) Mesa 24.0.0-devel (git-3ca1f35cbf)'>
Tue, 09 Sep 2025 06:34:26.989671 GMT [INFO] [INFO   ] [GL          ] OpenGL version <b'4.6 (Compatibility Profile) Mesa 24.0.0-devel (git-3ca1f35cbf)'>
Tue, 09 Sep 2025 06:34:26.989732 GMT [INFO] GL: OpenGL vendor <b'Intel'>
Tue, 09 Sep 2025 06:34:26.989790 GMT [INFO] [INFO   ] [GL          ] OpenGL vendor <b'Intel'>
Tue, 09 Sep 2025 06:34:26.989850 GMT [INFO] GL: OpenGL renderer <b'Mesa Intel(R) Xe Graphics (TGL GT2)'>
Tue, 09 Sep 2025 06:34:26.989906 GMT [INFO] [INFO   ] [GL          ] OpenGL renderer <b'Mesa Intel(R) Xe Graphics (TGL GT2)'>
Tue, 09 Sep 2025 06:34:26.989962 GMT [INFO] GL: OpenGL parsed version: 4, 6
Tue, 09 Sep 2025 06:34:26.990022 GMT [INFO] [INFO   ] [GL          ] OpenGL parsed version: 4, 6
Tue, 09 Sep 2025 06:34:26.990067 GMT [INFO] GL: Shading version <b'4.60'>
Tue, 09 Sep 2025 06:34:26.990108 GMT [INFO] [INFO   ] [GL          ] Shading version <b'4.60'>
Tue, 09 Sep 2025 06:34:26.990266 GMT [INFO] GL: Texture max size <16384>
Tue, 09 Sep 2025 06:34:26.990314 GMT [INFO] [INFO   ] [GL          ] Texture max size <16384>
Tue, 09 Sep 2025 06:34:26.990357 GMT [INFO] GL: Texture max units <32>
Tue, 09 Sep 2025 06:34:26.990393 GMT [INFO] [INFO   ] [GL          ] Texture max units <32>
Tue, 09 Sep 2025 06:34:26.999079 GMT [INFO] Window: auto add sdl2 input provider
Tue, 09 Sep 2025 06:34:26.999203 GMT [INFO] [INFO   ] [Window      ] auto add sdl2 input provider
Tue, 09 Sep 2025 06:34:26.999408 GMT [INFO] Window: virtual keyboard not allowed, single mode, not docked
Tue, 09 Sep 2025 06:34:26.999468 GMT [INFO] [INFO   ] [Window      ] virtual keyboard not allowed, single mode, not docked
Tue, 09 Sep 2025 06:34:27.008531 GMT [INFO] Text: Provider: sdl2
Tue, 09 Sep 2025 06:34:27.008661 GMT [INFO] [INFO   ] [Text        ] Provider: sdl2
Tue, 09 Sep 2025 06:34:27.087324 GMT [INFO] GL: NPOT texture support is available
Tue, 09 Sep 2025 06:34:27.087446 GMT [INFO] [INFO   ] [GL          ] NPOT texture support is available
Tue, 09 Sep 2025 06:34:27.093499 GMT [INFO] Clipboard: Provider: xsel(['clipboard_xclip'] ignored)
Tue, 09 Sep 2025 06:34:27.093602 GMT [INFO] [INFO   ] [Clipboard   ] Provider: xsel(['clipboard_xclip'] ignored)
Tue, 09 Sep 2025 06:34:27.093654 GMT [INFO] CutBuffer: cut buffer support enabled
Tue, 09 Sep 2025 06:34:27.093698 GMT [INFO] [INFO   ] [CutBuffer   ] cut buffer support enabled
Tue, 09 Sep 2025 06:34:27.148492 GMT [INFO] Base: Start application main loop
Tue, 09 Sep 2025 06:34:27.148636 GMT [INFO] [INFO   ] [Base        ] Start application main loop
Tue, 09 Sep 2025 06:34:29.895065 GMT [INFO] Base: Leaving application in progress...
Tue, 09 Sep 2025 06:34:29.896370 GMT [INFO] [INFO   ] [Base        ] Leaving application in progress...

********************************************************************************
APP STARTED at Tue, 09 Sep 2025 06:36:09.909210 GMT
Tue, 09 Sep 2025 06:36:09.921296 GMT [INFO] Kivy: v2.3.1
Tue, 09 Sep 2025 06:36:09.921506 GMT [INFO] Logger: Record log in /home/cai_test_wi/.kivy/logs/kivy_25-09-09_32.txt
Tue, 09 Sep 2025 06:36:09.921601 GMT [INFO] [INFO   ] [Logger      ] Record log in /home/cai_test_wi/.kivy/logs/kivy_25-09-09_32.txt
Tue, 09 Sep 2025 06:36:09.921674 GMT [INFO] [INFO   ] [Kivy        ] v2.3.1
Tue, 09 Sep 2025 06:36:09.921715 GMT [INFO] Kivy: Installed at "/home/cai_test_wi/.local/lib/python3.10/site-packages/kivy/__init__.py"
Tue, 09 Sep 2025 06:36:09.921753 GMT [INFO] [INFO   ] [Kivy        ] Installed at "/home/cai_test_wi/.local/lib/python3.10/site-packages/kivy/__init__.py"
Tue, 09 Sep 2025 06:36:09.921796 GMT [INFO] Python: v3.10.12 (main, May 27 2025, 17:12:29) [GCC 11.4.0]
Tue, 09 Sep 2025 06:36:09.921832 GMT [INFO] [INFO   ] [Python      ] v3.10.12 (main, May 27 2025, 17:12:29) [GCC 11.4.0]
Tue, 09 Sep 2025 06:36:09.921869 GMT [INFO] Python: Interpreter at "/usr/bin/python3"
Tue, 09 Sep 2025 06:36:09.921907 GMT [INFO] [INFO   ] [Python      ] Interpreter at "/usr/bin/python3"
Tue, 09 Sep 2025 06:36:09.921982 GMT [INFO] Logger: Purge log fired. Processing...
Tue, 09 Sep 2025 06:36:09.922064 GMT [INFO] [INFO   ] [Logger      ] Purge log fired. Processing...
Tue, 09 Sep 2025 06:36:09.922664 GMT [INFO] Logger: Purge finished!
Tue, 09 Sep 2025 06:36:09.922719 GMT [INFO] [INFO   ] [Logger      ] Purge finished!
Tue, 09 Sep 2025 06:36:09.941742 GMT [INFO] Factory: 195 symbols loaded
Tue, 09 Sep 2025 06:36:09.941848 GMT [INFO] [INFO   ] [Factory     ] 195 symbols loaded
Tue, 09 Sep 2025 06:36:09.989304 GMT [INFO] Image: Providers: img_tex, img_dds, img_sdl2, img_pil (img_ffpyplayer ignored)
Tue, 09 Sep 2025 06:36:09.989403 GMT [INFO] [INFO   ] [Image       ] Providers: img_tex, img_dds, img_sdl2, img_pil (img_ffpyplayer ignored)
Tue, 09 Sep 2025 06:36:09.997827 GMT [INFO] Window: Provider: sdl2
Tue, 09 Sep 2025 06:36:09.997916 GMT [INFO] [INFO   ] [Window      ] Provider: sdl2
Tue, 09 Sep 2025 06:36:10.080747 GMT [INFO] GL: Using the "OpenGL" graphics system
Tue, 09 Sep 2025 06:36:10.081055 GMT [INFO] [INFO   ] [GL          ] Using the "OpenGL" graphics system
Tue, 09 Sep 2025 06:36:10.081445 GMT [INFO] GL: Backend used <sdl2>
Tue, 09 Sep 2025 06:36:10.081578 GMT [INFO] [INFO   ] [GL          ] Backend used <sdl2>
Tue, 09 Sep 2025 06:36:10.081727 GMT [INFO] GL: OpenGL version <b'4.6 (Compatibility Profile) Mesa 24.0.0-devel (git-3ca1f35cbf)'>
Tue, 09 Sep 2025 06:36:10.081841 GMT [INFO] [INFO   ] [GL          ] OpenGL version <b'4.6 (Compatibility Profile) Mesa 24.0.0-devel (git-3ca1f35cbf)'>
Tue, 09 Sep 2025 06:36:10.081922 GMT [INFO] GL: OpenGL vendor <b'Intel'>
Tue, 09 Sep 2025 06:36:10.082029 GMT [INFO] [INFO   ] [GL          ] OpenGL vendor <b'Intel'>
Tue, 09 Sep 2025 06:36:10.082096 GMT [INFO] GL: OpenGL renderer <b'Mesa Intel(R) Xe Graphics (TGL GT2)'>
Tue, 09 Sep 2025 06:36:10.082167 GMT [INFO] [INFO   ] [GL          ] OpenGL renderer <b'Mesa Intel(R) Xe Graphics (TGL GT2)'>
Tue, 09 Sep 2025 06:36:10.082263 GMT [INFO] GL: OpenGL parsed version: 4, 6
Tue, 09 Sep 2025 06:36:10.082329 GMT [INFO] [INFO   ] [GL          ] OpenGL parsed version: 4, 6
Tue, 09 Sep 2025 06:36:10.082409 GMT [INFO] GL: Shading version <b'4.60'>
Tue, 09 Sep 2025 06:36:10.082484 GMT [INFO] [INFO   ] [GL          ] Shading version <b'4.60'>
Tue, 09 Sep 2025 06:36:10.082684 GMT [INFO] GL: Texture max size <16384>
Tue, 09 Sep 2025 06:36:10.082768 GMT [INFO] [INFO   ] [GL          ] Texture max size <16384>
Tue, 09 Sep 2025 06:36:10.082851 GMT [INFO] GL: Texture max units <32>
Tue, 09 Sep 2025 06:36:10.082925 GMT [INFO] [INFO   ] [GL          ] Texture max units <32>
Tue, 09 Sep 2025 06:36:10.097340 GMT [INFO] Window: auto add sdl2 input provider
Tue, 09 Sep 2025 06:36:10.097557 GMT [INFO] [INFO   ] [Window      ] auto add sdl2 input provider
Tue, 09 Sep 2025 06:36:10.097908 GMT [INFO] Window: virtual keyboard not allowed, single mode, not docked
Tue, 09 Sep 2025 06:36:10.098066 GMT [INFO] [INFO   ] [Window      ] virtual keyboard not allowed, single mode, not docked
Tue, 09 Sep 2025 06:36:10.113622 GMT [INFO] Text: Provider: sdl2
Tue, 09 Sep 2025 06:36:10.113825 GMT [INFO] [INFO   ] [Text        ] Provider: sdl2
Tue, 09 Sep 2025 06:36:10.244304 GMT [INFO] GL: NPOT texture support is available
Tue, 09 Sep 2025 06:36:10.244506 GMT [INFO] [INFO   ] [GL          ] NPOT texture support is available
Tue, 09 Sep 2025 06:36:10.254148 GMT [INFO] Clipboard: Provider: xsel(['clipboard_xclip'] ignored)
Tue, 09 Sep 2025 06:36:10.254341 GMT [INFO] [INFO   ] [Clipboard   ] Provider: xsel(['clipboard_xclip'] ignored)
Tue, 09 Sep 2025 06:36:10.254438 GMT [INFO] CutBuffer: cut buffer support enabled
Tue, 09 Sep 2025 06:36:10.254523 GMT [INFO] [INFO   ] [CutBuffer   ] cut buffer support enabled
Tue, 09 Sep 2025 06:36:10.344492 GMT [INFO] Base: Start application main loop
Tue, 09 Sep 2025 06:36:10.344621 GMT [INFO] [INFO   ] [Base        ] Start application main loop
Tue, 09 Sep 2025 06:36:27.940135 GMT [INFO] Base: Leaving application in progress...
Tue, 09 Sep 2025 06:36:27.940338 GMT [INFO] [INFO   ] [Base        ] Leaving application in progress...

********************************************************************************
APP STARTED at Tue, 09 Sep 2025 06:37:15.368123 GMT
Tue, 09 Sep 2025 06:37:15.379982 GMT [INFO] Kivy: v2.3.1
Tue, 09 Sep 2025 06:37:15.380162 GMT [INFO] Logger: Record log in /home/cai_test_wi/.kivy/logs/kivy_25-09-09_33.txt
Tue, 09 Sep 2025 06:37:15.380241 GMT [INFO] [INFO   ] [Logger      ] Record log in /home/cai_test_wi/.kivy/logs/kivy_25-09-09_33.txt
Tue, 09 Sep 2025 06:37:15.380309 GMT [INFO] [INFO   ] [Kivy        ] v2.3.1
Tue, 09 Sep 2025 06:37:15.380349 GMT [INFO] Kivy: Installed at "/home/cai_test_wi/.local/lib/python3.10/site-packages/kivy/__init__.py"
Tue, 09 Sep 2025 06:37:15.380386 GMT [INFO] [INFO   ] [Kivy        ] Installed at "/home/cai_test_wi/.local/lib/python3.10/site-packages/kivy/__init__.py"
Tue, 09 Sep 2025 06:37:15.380428 GMT [INFO] Python: v3.10.12 (main, May 27 2025, 17:12:29) [GCC 11.4.0]
Tue, 09 Sep 2025 06:37:15.380463 GMT [INFO] [INFO   ] [Python      ] v3.10.12 (main, May 27 2025, 17:12:29) [GCC 11.4.0]
Tue, 09 Sep 2025 06:37:15.380498 GMT [INFO] Python: Interpreter at "/usr/bin/python3"
Tue, 09 Sep 2025 06:37:15.380533 GMT [INFO] [INFO   ] [Python      ] Interpreter at "/usr/bin/python3"
Tue, 09 Sep 2025 06:37:15.380588 GMT [INFO] Logger: Purge log fired. Processing...
Tue, 09 Sep 2025 06:37:15.380669 GMT [INFO] [INFO   ] [Logger      ] Purge log fired. Processing...
Tue, 09 Sep 2025 06:37:15.381283 GMT [INFO] Logger: Purge finished!
Tue, 09 Sep 2025 06:37:15.381342 GMT [INFO] [INFO   ] [Logger      ] Purge finished!
Tue, 09 Sep 2025 06:37:15.400409 GMT [INFO] Factory: 195 symbols loaded
Tue, 09 Sep 2025 06:37:15.400509 GMT [INFO] [INFO   ] [Factory     ] 195 symbols loaded
Tue, 09 Sep 2025 06:37:15.447624 GMT [INFO] Image: Providers: img_tex, img_dds, img_sdl2, img_pil (img_ffpyplayer ignored)
Tue, 09 Sep 2025 06:37:15.447722 GMT [INFO] [INFO   ] [Image       ] Providers: img_tex, img_dds, img_sdl2, img_pil (img_ffpyplayer ignored)
Tue, 09 Sep 2025 06:37:15.456110 GMT [INFO] Window: Provider: sdl2
Tue, 09 Sep 2025 06:37:15.456199 GMT [INFO] [INFO   ] [Window      ] Provider: sdl2
Tue, 09 Sep 2025 06:37:15.531475 GMT [INFO] GL: Using the "OpenGL" graphics system
Tue, 09 Sep 2025 06:37:15.531631 GMT [INFO] [INFO   ] [GL          ] Using the "OpenGL" graphics system
Tue, 09 Sep 2025 06:37:15.531820 GMT [INFO] GL: Backend used <sdl2>
Tue, 09 Sep 2025 06:37:15.531871 GMT [INFO] [INFO   ] [GL          ] Backend used <sdl2>
Tue, 09 Sep 2025 06:37:15.531961 GMT [INFO] GL: OpenGL version <b'4.6 (Compatibility Profile) Mesa 24.0.0-devel (git-3ca1f35cbf)'>
Tue, 09 Sep 2025 06:37:15.532035 GMT [INFO] [INFO   ] [GL          ] OpenGL version <b'4.6 (Compatibility Profile) Mesa 24.0.0-devel (git-3ca1f35cbf)'>
Tue, 09 Sep 2025 06:37:15.532099 GMT [INFO] GL: OpenGL vendor <b'Intel'>
Tue, 09 Sep 2025 06:37:15.532159 GMT [INFO] [INFO   ] [GL          ] OpenGL vendor <b'Intel'>
Tue, 09 Sep 2025 06:37:15.532220 GMT [INFO] GL: OpenGL renderer <b'Mesa Intel(R) Xe Graphics (TGL GT2)'>
Tue, 09 Sep 2025 06:37:15.532286 GMT [INFO] [INFO   ] [GL          ] OpenGL renderer <b'Mesa Intel(R) Xe Graphics (TGL GT2)'>
Tue, 09 Sep 2025 06:37:15.532361 GMT [INFO] GL: OpenGL parsed version: 4, 6
Tue, 09 Sep 2025 06:37:15.532431 GMT [INFO] [INFO   ] [GL          ] OpenGL parsed version: 4, 6
Tue, 09 Sep 2025 06:37:15.532498 GMT [INFO] GL: Shading version <b'4.60'>
Tue, 09 Sep 2025 06:37:15.532554 GMT [INFO] [INFO   ] [GL          ] Shading version <b'4.60'>
Tue, 09 Sep 2025 06:37:15.532767 GMT [INFO] GL: Texture max size <16384>
Tue, 09 Sep 2025 06:37:15.532847 GMT [INFO] [INFO   ] [GL          ] Texture max size <16384>
Tue, 09 Sep 2025 06:37:15.532912 GMT [INFO] GL: Texture max units <32>
Tue, 09 Sep 2025 06:37:15.532976 GMT [INFO] [INFO   ] [GL          ] Texture max units <32>
Tue, 09 Sep 2025 06:37:15.542177 GMT [INFO] Window: auto add sdl2 input provider
Tue, 09 Sep 2025 06:37:15.542305 GMT [INFO] [INFO   ] [Window      ] auto add sdl2 input provider
Tue, 09 Sep 2025 06:37:15.542513 GMT [INFO] Window: virtual keyboard not allowed, single mode, not docked
Tue, 09 Sep 2025 06:37:15.542573 GMT [INFO] [INFO   ] [Window      ] virtual keyboard not allowed, single mode, not docked
Tue, 09 Sep 2025 06:37:15.551937 GMT [INFO] Text: Provider: sdl2
Tue, 09 Sep 2025 06:37:15.552085 GMT [INFO] [INFO   ] [Text        ] Provider: sdl2
Tue, 09 Sep 2025 06:37:15.630940 GMT [INFO] GL: NPOT texture support is available
Tue, 09 Sep 2025 06:37:15.631090 GMT [INFO] [INFO   ] [GL          ] NPOT texture support is available
Tue, 09 Sep 2025 06:37:15.637946 GMT [INFO] Clipboard: Provider: xsel(['clipboard_xclip'] ignored)
Tue, 09 Sep 2025 06:37:15.638071 GMT [INFO] [INFO   ] [Clipboard   ] Provider: xsel(['clipboard_xclip'] ignored)
Tue, 09 Sep 2025 06:37:15.638124 GMT [INFO] CutBuffer: cut buffer support enabled
Tue, 09 Sep 2025 06:37:15.638180 GMT [INFO] [INFO   ] [CutBuffer   ] cut buffer support enabled
Tue, 09 Sep 2025 06:37:15.694379 GMT [INFO] Base: Start application main loop
Tue, 09 Sep 2025 06:37:15.694601 GMT [INFO] [INFO   ] [Base        ] Start application main loop
Tue, 09 Sep 2025 06:37:34.128544 GMT [INFO] Base: Leaving application in progress...
Tue, 09 Sep 2025 06:37:34.128729 GMT [INFO] [INFO   ] [Base        ] Leaving application in progress...

********************************************************************************
APP STARTED at Tue, 09 Sep 2025 06:44:57.200026 GMT
Tue, 09 Sep 2025 06:44:57.212466 GMT [INFO] Kivy: v2.3.1
Tue, 09 Sep 2025 06:44:57.212656 GMT [INFO] Logger: Record log in /home/cai_test_wi/.kivy/logs/kivy_25-09-09_34.txt
Tue, 09 Sep 2025 06:44:57.212740 GMT [INFO] [INFO   ] [Logger      ] Record log in /home/cai_test_wi/.kivy/logs/kivy_25-09-09_34.txt
Tue, 09 Sep 2025 06:44:57.212810 GMT [INFO] [INFO   ] [Kivy        ] v2.3.1
Tue, 09 Sep 2025 06:44:57.212851 GMT [INFO] Kivy: Installed at "/home/cai_test_wi/.local/lib/python3.10/site-packages/kivy/__init__.py"
Tue, 09 Sep 2025 06:44:57.212888 GMT [INFO] [INFO   ] [Kivy        ] Installed at "/home/cai_test_wi/.local/lib/python3.10/site-packages/kivy/__init__.py"
Tue, 09 Sep 2025 06:44:57.212934 GMT [INFO] Python: v3.10.12 (main, May 27 2025, 17:12:29) [GCC 11.4.0]
Tue, 09 Sep 2025 06:44:57.212972 GMT [INFO] [INFO   ] [Python      ] v3.10.12 (main, May 27 2025, 17:12:29) [GCC 11.4.0]
Tue, 09 Sep 2025 06:44:57.213010 GMT [INFO] Python: Interpreter at "/usr/bin/python3"
Tue, 09 Sep 2025 06:44:57.213044 GMT [INFO] [INFO   ] [Python      ] Interpreter at "/usr/bin/python3"
Tue, 09 Sep 2025 06:44:57.213100 GMT [INFO] Logger: Purge log fired. Processing...
Tue, 09 Sep 2025 06:44:57.213180 GMT [INFO] [INFO   ] [Logger      ] Purge log fired. Processing...
Tue, 09 Sep 2025 06:44:57.213765 GMT [INFO] Logger: Purge finished!
Tue, 09 Sep 2025 06:44:57.213822 GMT [INFO] [INFO   ] [Logger      ] Purge finished!
Tue, 09 Sep 2025 06:44:57.232902 GMT [INFO] Factory: 195 symbols loaded
Tue, 09 Sep 2025 06:44:57.233021 GMT [INFO] [INFO   ] [Factory     ] 195 symbols loaded
Tue, 09 Sep 2025 06:44:57.284836 GMT [INFO] Image: Providers: img_tex, img_dds, img_sdl2, img_pil (img_ffpyplayer ignored)
Tue, 09 Sep 2025 06:44:57.284942 GMT [INFO] [INFO   ] [Image       ] Providers: img_tex, img_dds, img_sdl2, img_pil (img_ffpyplayer ignored)
Tue, 09 Sep 2025 06:44:57.293535 GMT [INFO] Window: Provider: sdl2
Tue, 09 Sep 2025 06:44:57.293628 GMT [INFO] [INFO   ] [Window      ] Provider: sdl2
Tue, 09 Sep 2025 06:44:57.374660 GMT [INFO] GL: Using the "OpenGL" graphics system
Tue, 09 Sep 2025 06:44:57.374842 GMT [INFO] [INFO   ] [GL          ] Using the "OpenGL" graphics system
Tue, 09 Sep 2025 06:44:57.375050 GMT [INFO] GL: Backend used <sdl2>
Tue, 09 Sep 2025 06:44:57.375127 GMT [INFO] [INFO   ] [GL          ] Backend used <sdl2>
Tue, 09 Sep 2025 06:44:57.375205 GMT [INFO] GL: OpenGL version <b'4.6 (Compatibility Profile) Mesa 24.0.0-devel (git-3ca1f35cbf)'>
Tue, 09 Sep 2025 06:44:57.375259 GMT [INFO] [INFO   ] [GL          ] OpenGL version <b'4.6 (Compatibility Profile) Mesa 24.0.0-devel (git-3ca1f35cbf)'>
Tue, 09 Sep 2025 06:44:57.375337 GMT [INFO] GL: OpenGL vendor <b'Intel'>
Tue, 09 Sep 2025 06:44:57.375402 GMT [INFO] [INFO   ] [GL          ] OpenGL vendor <b'Intel'>
Tue, 09 Sep 2025 06:44:57.375455 GMT [INFO] GL: OpenGL renderer <b'Mesa Intel(R) Xe Graphics (TGL GT2)'>
Tue, 09 Sep 2025 06:44:57.375510 GMT [INFO] [INFO   ] [GL          ] OpenGL renderer <b'Mesa Intel(R) Xe Graphics (TGL GT2)'>
Tue, 09 Sep 2025 06:44:57.375573 GMT [INFO] GL: OpenGL parsed version: 4, 6
Tue, 09 Sep 2025 06:44:57.375616 GMT [INFO] [INFO   ] [GL          ] OpenGL parsed version: 4, 6
Tue, 09 Sep 2025 06:44:57.375673 GMT [INFO] GL: Shading version <b'4.60'>
Tue, 09 Sep 2025 06:44:57.375731 GMT [INFO] [INFO   ] [GL          ] Shading version <b'4.60'>
Tue, 09 Sep 2025 06:44:57.375905 GMT [INFO] GL: Texture max size <16384>
Tue, 09 Sep 2025 06:44:57.375964 GMT [INFO] [INFO   ] [GL          ] Texture max size <16384>
Tue, 09 Sep 2025 06:44:57.376012 GMT [INFO] GL: Texture max units <32>
Tue, 09 Sep 2025 06:44:57.376049 GMT [INFO] [INFO   ] [GL          ] Texture max units <32>
Tue, 09 Sep 2025 06:44:57.384912 GMT [INFO] Window: auto add sdl2 input provider
Tue, 09 Sep 2025 06:44:57.385081 GMT [INFO] [INFO   ] [Window      ] auto add sdl2 input provider
Tue, 09 Sep 2025 06:44:57.385351 GMT [INFO] Window: virtual keyboard not allowed, single mode, not docked
Tue, 09 Sep 2025 06:44:57.385417 GMT [INFO] [INFO   ] [Window      ] virtual keyboard not allowed, single mode, not docked
Tue, 09 Sep 2025 06:44:57.394560 GMT [INFO] Text: Provider: sdl2
Tue, 09 Sep 2025 06:44:57.394679 GMT [INFO] [INFO   ] [Text        ] Provider: sdl2
Tue, 09 Sep 2025 06:44:57.472593 GMT [INFO] GL: NPOT texture support is available
Tue, 09 Sep 2025 06:44:57.472725 GMT [INFO] [INFO   ] [GL          ] NPOT texture support is available
Tue, 09 Sep 2025 06:44:57.478800 GMT [INFO] Clipboard: Provider: xsel(['clipboard_xclip'] ignored)
Tue, 09 Sep 2025 06:44:57.478902 GMT [INFO] [INFO   ] [Clipboard   ] Provider: xsel(['clipboard_xclip'] ignored)
Tue, 09 Sep 2025 06:44:57.478958 GMT [INFO] CutBuffer: cut buffer support enabled
Tue, 09 Sep 2025 06:44:57.479000 GMT [INFO] [INFO   ] [CutBuffer   ] cut buffer support enabled
Tue, 09 Sep 2025 06:44:57.529838 GMT [INFO] Base: Start application main loop
Tue, 09 Sep 2025 06:44:57.530015 GMT [INFO] [INFO   ] [Base        ] Start application main loop
Tue, 09 Sep 2025 06:45:40.601763 GMT [INFO] Base: Leaving application in progress...
Tue, 09 Sep 2025 06:45:40.602098 GMT [INFO] [INFO   ] [Base        ] Leaving application in progress...

********************************************************************************
APP STARTED at Tue, 09 Sep 2025 06:51:33.576413 GMT
Tue, 09 Sep 2025 06:51:33.588310 GMT [INFO] Kivy: v2.3.1
Tue, 09 Sep 2025 06:51:33.588591 GMT [INFO] Logger: Record log in /home/cai_test_wi/.kivy/logs/kivy_25-09-09_35.txt
Tue, 09 Sep 2025 06:51:33.588695 GMT [INFO] [INFO   ] [Logger      ] Record log in /home/cai_test_wi/.kivy/logs/kivy_25-09-09_35.txt
Tue, 09 Sep 2025 06:51:33.588768 GMT [INFO] [INFO   ] [Kivy        ] v2.3.1
Tue, 09 Sep 2025 06:51:33.588811 GMT [INFO] Kivy: Installed at "/home/cai_test_wi/.local/lib/python3.10/site-packages/kivy/__init__.py"
Tue, 09 Sep 2025 06:51:33.588849 GMT [INFO] [INFO   ] [Kivy        ] Installed at "/home/cai_test_wi/.local/lib/python3.10/site-packages/kivy/__init__.py"
Tue, 09 Sep 2025 06:51:33.588893 GMT [INFO] Python: v3.10.12 (main, May 27 2025, 17:12:29) [GCC 11.4.0]
Tue, 09 Sep 2025 06:51:33.588929 GMT [INFO] [INFO   ] [Python      ] v3.10.12 (main, May 27 2025, 17:12:29) [GCC 11.4.0]
Tue, 09 Sep 2025 06:51:33.588978 GMT [INFO] Python: Interpreter at "/usr/bin/python3"
Tue, 09 Sep 2025 06:51:33.589013 GMT [INFO] [INFO   ] [Python      ] Interpreter at "/usr/bin/python3"
Tue, 09 Sep 2025 06:51:33.589070 GMT [INFO] Logger: Purge log fired. Processing...
Tue, 09 Sep 2025 06:51:33.589142 GMT [INFO] [INFO   ] [Logger      ] Purge log fired. Processing...
Tue, 09 Sep 2025 06:51:33.589665 GMT [INFO] Logger: Purge finished!
Tue, 09 Sep 2025 06:51:33.589719 GMT [INFO] [INFO   ] [Logger      ] Purge finished!
Tue, 09 Sep 2025 06:51:33.608543 GMT [INFO] Factory: 195 symbols loaded
Tue, 09 Sep 2025 06:51:33.608649 GMT [INFO] [INFO   ] [Factory     ] 195 symbols loaded
Tue, 09 Sep 2025 06:51:33.655962 GMT [INFO] Image: Providers: img_tex, img_dds, img_sdl2, img_pil (img_ffpyplayer ignored)
Tue, 09 Sep 2025 06:51:33.656059 GMT [INFO] [INFO   ] [Image       ] Providers: img_tex, img_dds, img_sdl2, img_pil (img_ffpyplayer ignored)
Tue, 09 Sep 2025 06:51:33.664441 GMT [INFO] Window: Provider: sdl2
Tue, 09 Sep 2025 06:51:33.664526 GMT [INFO] [INFO   ] [Window      ] Provider: sdl2
Tue, 09 Sep 2025 06:51:33.750331 GMT [INFO] GL: Using the "OpenGL" graphics system
Tue, 09 Sep 2025 06:51:33.750480 GMT [INFO] [INFO   ] [GL          ] Using the "OpenGL" graphics system
Tue, 09 Sep 2025 06:51:33.750706 GMT [INFO] GL: Backend used <sdl2>
Tue, 09 Sep 2025 06:51:33.750787 GMT [INFO] [INFO   ] [GL          ] Backend used <sdl2>
Tue, 09 Sep 2025 06:51:33.750860 GMT [INFO] GL: OpenGL version <b'4.6 (Compatibility Profile) Mesa 24.0.0-devel (git-3ca1f35cbf)'>
Tue, 09 Sep 2025 06:51:33.750920 GMT [INFO] [INFO   ] [GL          ] OpenGL version <b'4.6 (Compatibility Profile) Mesa 24.0.0-devel (git-3ca1f35cbf)'>
Tue, 09 Sep 2025 06:51:33.750988 GMT [INFO] GL: OpenGL vendor <b'Intel'>
Tue, 09 Sep 2025 06:51:33.751053 GMT [INFO] [INFO   ] [GL          ] OpenGL vendor <b'Intel'>
Tue, 09 Sep 2025 06:51:33.751100 GMT [INFO] GL: OpenGL renderer <b'Mesa Intel(R) Xe Graphics (TGL GT2)'>
Tue, 09 Sep 2025 06:51:33.751149 GMT [INFO] [INFO   ] [GL          ] OpenGL renderer <b'Mesa Intel(R) Xe Graphics (TGL GT2)'>
Tue, 09 Sep 2025 06:51:33.751222 GMT [INFO] GL: OpenGL parsed version: 4, 6
Tue, 09 Sep 2025 06:51:33.751282 GMT [INFO] [INFO   ] [GL          ] OpenGL parsed version: 4, 6
Tue, 09 Sep 2025 06:51:33.751336 GMT [INFO] GL: Shading version <b'4.60'>
Tue, 09 Sep 2025 06:51:33.751378 GMT [INFO] [INFO   ] [GL          ] Shading version <b'4.60'>
Tue, 09 Sep 2025 06:51:33.751574 GMT [INFO] GL: Texture max size <16384>
Tue, 09 Sep 2025 06:51:33.751650 GMT [INFO] [INFO   ] [GL          ] Texture max size <16384>
Tue, 09 Sep 2025 06:51:33.751719 GMT [INFO] GL: Texture max units <32>
Tue, 09 Sep 2025 06:51:33.751780 GMT [INFO] [INFO   ] [GL          ] Texture max units <32>
Tue, 09 Sep 2025 06:51:33.760763 GMT [INFO] Window: auto add sdl2 input provider
Tue, 09 Sep 2025 06:51:33.760964 GMT [INFO] [INFO   ] [Window      ] auto add sdl2 input provider
Tue, 09 Sep 2025 06:51:33.761200 GMT [INFO] Window: virtual keyboard not allowed, single mode, not docked
Tue, 09 Sep 2025 06:51:33.761273 GMT [INFO] [INFO   ] [Window      ] virtual keyboard not allowed, single mode, not docked
Tue, 09 Sep 2025 06:51:33.770875 GMT [INFO] Text: Provider: sdl2
Tue, 09 Sep 2025 06:51:33.771059 GMT [INFO] [INFO   ] [Text        ] Provider: sdl2
Tue, 09 Sep 2025 06:51:33.857426 GMT [INFO] GL: NPOT texture support is available
Tue, 09 Sep 2025 06:51:33.857545 GMT [INFO] [INFO   ] [GL          ] NPOT texture support is available
Tue, 09 Sep 2025 06:51:33.864870 GMT [INFO] Clipboard: Provider: xsel(['clipboard_xclip'] ignored)
Tue, 09 Sep 2025 06:51:33.864996 GMT [INFO] [INFO   ] [Clipboard   ] Provider: xsel(['clipboard_xclip'] ignored)
Tue, 09 Sep 2025 06:51:33.865051 GMT [INFO] CutBuffer: cut buffer support enabled
Tue, 09 Sep 2025 06:51:33.865091 GMT [INFO] [INFO   ] [CutBuffer   ] cut buffer support enabled
Tue, 09 Sep 2025 06:51:33.923543 GMT [INFO] Base: Start application main loop
Tue, 09 Sep 2025 06:51:33.923685 GMT [INFO] [INFO   ] [Base        ] Start application main loop
Tue, 09 Sep 2025 06:54:49.751696 GMT [INFO] Base: Leaving application in progress...
Tue, 09 Sep 2025 06:54:49.751910 GMT [INFO] [INFO   ] [Base        ] Leaving application in progress...

********************************************************************************
APP STARTED at Tue, 09 Sep 2025 07:12:12.431779 GMT
Tue, 09 Sep 2025 07:12:12.443436 GMT [INFO] Kivy: v2.3.1
Tue, 09 Sep 2025 07:12:12.443621 GMT [INFO] Logger: Record log in /home/cai_test_wi/.kivy/logs/kivy_25-09-09_36.txt
Tue, 09 Sep 2025 07:12:12.443705 GMT [INFO] [INFO   ] [Logger      ] Record log in /home/cai_test_wi/.kivy/logs/kivy_25-09-09_36.txt
Tue, 09 Sep 2025 07:12:12.443771 GMT [INFO] [INFO   ] [Kivy        ] v2.3.1
Tue, 09 Sep 2025 07:12:12.443810 GMT [INFO] Kivy: Installed at "/home/cai_test_wi/.local/lib/python3.10/site-packages/kivy/__init__.py"
Tue, 09 Sep 2025 07:12:12.443845 GMT [INFO] [INFO   ] [Kivy        ] Installed at "/home/cai_test_wi/.local/lib/python3.10/site-packages/kivy/__init__.py"
Tue, 09 Sep 2025 07:12:12.443886 GMT [INFO] Python: v3.10.12 (main, May 27 2025, 17:12:29) [GCC 11.4.0]
Tue, 09 Sep 2025 07:12:12.443920 GMT [INFO] [INFO   ] [Python      ] v3.10.12 (main, May 27 2025, 17:12:29) [GCC 11.4.0]
Tue, 09 Sep 2025 07:12:12.443962 GMT [INFO] Python: Interpreter at "/usr/bin/python3"
Tue, 09 Sep 2025 07:12:12.443996 GMT [INFO] [INFO   ] [Python      ] Interpreter at "/usr/bin/python3"
Tue, 09 Sep 2025 07:12:12.444046 GMT [INFO] Logger: Purge log fired. Processing...
Tue, 09 Sep 2025 07:12:12.444119 GMT [INFO] [INFO   ] [Logger      ] Purge log fired. Processing...
Tue, 09 Sep 2025 07:12:12.444648 GMT [INFO] Logger: Purge finished!
Tue, 09 Sep 2025 07:12:12.444692 GMT [INFO] [INFO   ] [Logger      ] Purge finished!
Tue, 09 Sep 2025 07:12:12.473074 GMT [INFO] Factory: 195 symbols loaded
Tue, 09 Sep 2025 07:12:12.473265 GMT [INFO] [INFO   ] [Factory     ] 195 symbols loaded
Tue, 09 Sep 2025 07:12:12.550965 GMT [INFO] Image: Providers: img_tex, img_dds, img_sdl2, img_pil (img_ffpyplayer ignored)
Tue, 09 Sep 2025 07:12:12.551135 GMT [INFO] [INFO   ] [Image       ] Providers: img_tex, img_dds, img_sdl2, img_pil (img_ffpyplayer ignored)
Tue, 09 Sep 2025 07:12:12.567195 GMT [INFO] Window: Provider: sdl2
Tue, 09 Sep 2025 07:12:12.567369 GMT [INFO] [INFO   ] [Window      ] Provider: sdl2
Tue, 09 Sep 2025 07:12:12.649407 GMT [INFO] GL: Using the "OpenGL" graphics system
Tue, 09 Sep 2025 07:12:12.649698 GMT [INFO] [INFO   ] [GL          ] Using the "OpenGL" graphics system
Tue, 09 Sep 2025 07:12:12.650036 GMT [INFO] GL: Backend used <sdl2>
Tue, 09 Sep 2025 07:12:12.650194 GMT [INFO] [INFO   ] [GL          ] Backend used <sdl2>
Tue, 09 Sep 2025 07:12:12.650333 GMT [INFO] GL: OpenGL version <b'4.6 (Compatibility Profile) Mesa 24.0.0-devel (git-3ca1f35cbf)'>
Tue, 09 Sep 2025 07:12:12.650424 GMT [INFO] [INFO   ] [GL          ] OpenGL version <b'4.6 (Compatibility Profile) Mesa 24.0.0-devel (git-3ca1f35cbf)'>
Tue, 09 Sep 2025 07:12:12.650529 GMT [INFO] GL: OpenGL vendor <b'Intel'>
Tue, 09 Sep 2025 07:12:12.650606 GMT [INFO] [INFO   ] [GL          ] OpenGL vendor <b'Intel'>
Tue, 09 Sep 2025 07:12:12.650707 GMT [INFO] GL: OpenGL renderer <b'Mesa Intel(R) Xe Graphics (TGL GT2)'>
Tue, 09 Sep 2025 07:12:12.650790 GMT [INFO] [INFO   ] [GL          ] OpenGL renderer <b'Mesa Intel(R) Xe Graphics (TGL GT2)'>
Tue, 09 Sep 2025 07:12:12.650871 GMT [INFO] GL: OpenGL parsed version: 4, 6
Tue, 09 Sep 2025 07:12:12.650949 GMT [INFO] [INFO   ] [GL          ] OpenGL parsed version: 4, 6
Tue, 09 Sep 2025 07:12:12.651029 GMT [INFO] GL: Shading version <b'4.60'>
Tue, 09 Sep 2025 07:12:12.651087 GMT [INFO] [INFO   ] [GL          ] Shading version <b'4.60'>
Tue, 09 Sep 2025 07:12:12.651285 GMT [INFO] GL: Texture max size <16384>
Tue, 09 Sep 2025 07:12:12.651362 GMT [INFO] [INFO   ] [GL          ] Texture max size <16384>
Tue, 09 Sep 2025 07:12:12.651425 GMT [INFO] GL: Texture max units <32>
Tue, 09 Sep 2025 07:12:12.651502 GMT [INFO] [INFO   ] [GL          ] Texture max units <32>
Tue, 09 Sep 2025 07:12:12.665729 GMT [INFO] Window: auto add sdl2 input provider
Tue, 09 Sep 2025 07:12:12.665945 GMT [INFO] [INFO   ] [Window      ] auto add sdl2 input provider
Tue, 09 Sep 2025 07:12:12.666294 GMT [INFO] Window: virtual keyboard not allowed, single mode, not docked
Tue, 09 Sep 2025 07:12:12.666414 GMT [INFO] [INFO   ] [Window      ] virtual keyboard not allowed, single mode, not docked
Tue, 09 Sep 2025 07:12:12.681745 GMT [INFO] Text: Provider: sdl2
Tue, 09 Sep 2025 07:12:12.681954 GMT [INFO] [INFO   ] [Text        ] Provider: sdl2
Tue, 09 Sep 2025 07:12:12.807658 GMT [INFO] GL: NPOT texture support is available
Tue, 09 Sep 2025 07:12:12.807937 GMT [INFO] [INFO   ] [GL          ] NPOT texture support is available
Tue, 09 Sep 2025 07:12:12.817692 GMT [INFO] Clipboard: Provider: xsel(['clipboard_xclip'] ignored)
Tue, 09 Sep 2025 07:12:12.817890 GMT [INFO] [INFO   ] [Clipboard   ] Provider: xsel(['clipboard_xclip'] ignored)
Tue, 09 Sep 2025 07:12:12.818014 GMT [INFO] CutBuffer: cut buffer support enabled
Tue, 09 Sep 2025 07:12:12.818099 GMT [INFO] [INFO   ] [CutBuffer   ] cut buffer support enabled
Tue, 09 Sep 2025 07:12:12.894083 GMT [INFO] Base: Start application main loop
Tue, 09 Sep 2025 07:12:12.894207 GMT [INFO] [INFO   ] [Base        ] Start application main loop
Tue, 09 Sep 2025 07:15:24.218434 GMT [INFO] Base: Leaving application in progress...
Tue, 09 Sep 2025 07:15:24.218597 GMT [INFO] [INFO   ] [Base        ] Leaving application in progress...

********************************************************************************
APP STARTED at Tue, 09 Sep 2025 07:15:33.609082 GMT
Tue, 09 Sep 2025 07:15:33.620949 GMT [INFO] Kivy: v2.3.1
Tue, 09 Sep 2025 07:15:33.621140 GMT [INFO] Logger: Record log in /home/cai_test_wi/.kivy/logs/kivy_25-09-09_37.txt
Tue, 09 Sep 2025 07:15:33.621220 GMT [INFO] [INFO   ] [Logger      ] Record log in /home/cai_test_wi/.kivy/logs/kivy_25-09-09_37.txt
Tue, 09 Sep 2025 07:15:33.621287 GMT [INFO] [INFO   ] [Kivy        ] v2.3.1
Tue, 09 Sep 2025 07:15:33.621326 GMT [INFO] Kivy: Installed at "/home/cai_test_wi/.local/lib/python3.10/site-packages/kivy/__init__.py"
Tue, 09 Sep 2025 07:15:33.621362 GMT [INFO] [INFO   ] [Kivy        ] Installed at "/home/cai_test_wi/.local/lib/python3.10/site-packages/kivy/__init__.py"
Tue, 09 Sep 2025 07:15:33.621403 GMT [INFO] Python: v3.10.12 (main, May 27 2025, 17:12:29) [GCC 11.4.0]
Tue, 09 Sep 2025 07:15:33.621438 GMT [INFO] [INFO   ] [Python      ] v3.10.12 (main, May 27 2025, 17:12:29) [GCC 11.4.0]
Tue, 09 Sep 2025 07:15:33.621474 GMT [INFO] Python: Interpreter at "/usr/bin/python3"
Tue, 09 Sep 2025 07:15:33.621508 GMT [INFO] [INFO   ] [Python      ] Interpreter at "/usr/bin/python3"
Tue, 09 Sep 2025 07:15:33.621564 GMT [INFO] Logger: Purge log fired. Processing...
Tue, 09 Sep 2025 07:15:33.621641 GMT [INFO] [INFO   ] [Logger      ] Purge log fired. Processing...
Tue, 09 Sep 2025 07:15:33.622248 GMT [INFO] Logger: Purge finished!
Tue, 09 Sep 2025 07:15:33.622300 GMT [INFO] [INFO   ] [Logger      ] Purge finished!
Tue, 09 Sep 2025 07:15:33.641440 GMT [INFO] Factory: 195 symbols loaded
Tue, 09 Sep 2025 07:15:33.641535 GMT [INFO] [INFO   ] [Factory     ] 195 symbols loaded
Tue, 09 Sep 2025 07:15:33.689186 GMT [INFO] Image: Providers: img_tex, img_dds, img_sdl2, img_pil (img_ffpyplayer ignored)
Tue, 09 Sep 2025 07:15:33.689287 GMT [INFO] [INFO   ] [Image       ] Providers: img_tex, img_dds, img_sdl2, img_pil (img_ffpyplayer ignored)
Tue, 09 Sep 2025 07:15:33.697836 GMT [INFO] Window: Provider: sdl2
Tue, 09 Sep 2025 07:15:33.697917 GMT [INFO] [INFO   ] [Window      ] Provider: sdl2
Tue, 09 Sep 2025 07:15:33.781020 GMT [INFO] GL: Using the "OpenGL" graphics system
Tue, 09 Sep 2025 07:15:33.781270 GMT [INFO] [INFO   ] [GL          ] Using the "OpenGL" graphics system
Tue, 09 Sep 2025 07:15:33.781626 GMT [INFO] GL: Backend used <sdl2>
Tue, 09 Sep 2025 07:15:33.781776 GMT [INFO] [INFO   ] [GL          ] Backend used <sdl2>
Tue, 09 Sep 2025 07:15:33.781920 GMT [INFO] GL: OpenGL version <b'4.6 (Compatibility Profile) Mesa 24.0.0-devel (git-3ca1f35cbf)'>
Tue, 09 Sep 2025 07:15:33.782041 GMT [INFO] [INFO   ] [GL          ] OpenGL version <b'4.6 (Compatibility Profile) Mesa 24.0.0-devel (git-3ca1f35cbf)'>
Tue, 09 Sep 2025 07:15:33.782130 GMT [INFO] GL: OpenGL vendor <b'Intel'>
Tue, 09 Sep 2025 07:15:33.782210 GMT [INFO] [INFO   ] [GL          ] OpenGL vendor <b'Intel'>
Tue, 09 Sep 2025 07:15:33.782288 GMT [INFO] GL: OpenGL renderer <b'Mesa Intel(R) Xe Graphics (TGL GT2)'>
Tue, 09 Sep 2025 07:15:33.782358 GMT [INFO] [INFO   ] [GL          ] OpenGL renderer <b'Mesa Intel(R) Xe Graphics (TGL GT2)'>
Tue, 09 Sep 2025 07:15:33.782455 GMT [INFO] GL: OpenGL parsed version: 4, 6
Tue, 09 Sep 2025 07:15:33.782526 GMT [INFO] [INFO   ] [GL          ] OpenGL parsed version: 4, 6
Tue, 09 Sep 2025 07:15:33.782594 GMT [INFO] GL: Shading version <b'4.60'>
Tue, 09 Sep 2025 07:15:33.782670 GMT [INFO] [INFO   ] [GL          ] Shading version <b'4.60'>
Tue, 09 Sep 2025 07:15:33.782872 GMT [INFO] GL: Texture max size <16384>
Tue, 09 Sep 2025 07:15:33.782963 GMT [INFO] [INFO   ] [GL          ] Texture max size <16384>
Tue, 09 Sep 2025 07:15:33.783053 GMT [INFO] GL: Texture max units <32>
Tue, 09 Sep 2025 07:15:33.783130 GMT [INFO] [INFO   ] [GL          ] Texture max units <32>
Tue, 09 Sep 2025 07:15:33.797490 GMT [INFO] Window: auto add sdl2 input provider
Tue, 09 Sep 2025 07:15:33.797707 GMT [INFO] [INFO   ] [Window      ] auto add sdl2 input provider
Tue, 09 Sep 2025 07:15:33.798081 GMT [INFO] Window: virtual keyboard not allowed, single mode, not docked
Tue, 09 Sep 2025 07:15:33.798204 GMT [INFO] [INFO   ] [Window      ] virtual keyboard not allowed, single mode, not docked
Tue, 09 Sep 2025 07:15:33.813642 GMT [INFO] Text: Provider: sdl2
Tue, 09 Sep 2025 07:15:33.813833 GMT [INFO] [INFO   ] [Text        ] Provider: sdl2
Tue, 09 Sep 2025 07:15:33.952695 GMT [INFO] GL: NPOT texture support is available
Tue, 09 Sep 2025 07:15:33.952991 GMT [INFO] [INFO   ] [GL          ] NPOT texture support is available
Tue, 09 Sep 2025 07:15:33.966844 GMT [INFO] Clipboard: Provider: xsel(['clipboard_xclip'] ignored)
Tue, 09 Sep 2025 07:15:33.967095 GMT [INFO] [INFO   ] [Clipboard   ] Provider: xsel(['clipboard_xclip'] ignored)
Tue, 09 Sep 2025 07:15:33.967198 GMT [INFO] CutBuffer: cut buffer support enabled
Tue, 09 Sep 2025 07:15:33.967283 GMT [INFO] [INFO   ] [CutBuffer   ] cut buffer support enabled
Tue, 09 Sep 2025 07:15:34.060565 GMT [INFO] Base: Start application main loop
Tue, 09 Sep 2025 07:15:34.060695 GMT [INFO] [INFO   ] [Base        ] Start application main loop
Tue, 09 Sep 2025 07:16:24.949642 GMT [INFO] Base: Leaving application in progress...
Tue, 09 Sep 2025 07:16:24.949833 GMT [INFO] [INFO   ] [Base        ] Leaving application in progress...

********************************************************************************
APP STARTED at Tue, 09 Sep 2025 07:16:26.940194 GMT
Tue, 09 Sep 2025 07:16:26.952003 GMT [INFO] Kivy: v2.3.1
Tue, 09 Sep 2025 07:16:26.952224 GMT [INFO] Logger: Record log in /home/cai_test_wi/.kivy/logs/kivy_25-09-09_38.txt
Tue, 09 Sep 2025 07:16:26.952309 GMT [INFO] [INFO   ] [Logger      ] Record log in /home/cai_test_wi/.kivy/logs/kivy_25-09-09_38.txt
Tue, 09 Sep 2025 07:16:26.952377 GMT [INFO] [INFO   ] [Kivy        ] v2.3.1
Tue, 09 Sep 2025 07:16:26.952416 GMT [INFO] Kivy: Installed at "/home/cai_test_wi/.local/lib/python3.10/site-packages/kivy/__init__.py"
Tue, 09 Sep 2025 07:16:26.952453 GMT [INFO] [INFO   ] [Kivy        ] Installed at "/home/cai_test_wi/.local/lib/python3.10/site-packages/kivy/__init__.py"
Tue, 09 Sep 2025 07:16:26.952494 GMT [INFO] Python: v3.10.12 (main, May 27 2025, 17:12:29) [GCC 11.4.0]
Tue, 09 Sep 2025 07:16:26.952528 GMT [INFO] [INFO   ] [Python      ] v3.10.12 (main, May 27 2025, 17:12:29) [GCC 11.4.0]
Tue, 09 Sep 2025 07:16:26.952565 GMT [INFO] Python: Interpreter at "/usr/bin/python3"
Tue, 09 Sep 2025 07:16:26.952599 GMT [INFO] [INFO   ] [Python      ] Interpreter at "/usr/bin/python3"
Tue, 09 Sep 2025 07:16:26.952655 GMT [INFO] Logger: Purge log fired. Processing...
Tue, 09 Sep 2025 07:16:26.952734 GMT [INFO] [INFO   ] [Logger      ] Purge log fired. Processing...
Tue, 09 Sep 2025 07:16:26.953335 GMT [INFO] Logger: Purge finished!
Tue, 09 Sep 2025 07:16:26.953386 GMT [INFO] [INFO   ] [Logger      ] Purge finished!
Tue, 09 Sep 2025 07:16:26.992658 GMT [INFO] Factory: 195 symbols loaded
Tue, 09 Sep 2025 07:16:26.992909 GMT [INFO] [INFO   ] [Factory     ] 195 symbols loaded
Tue, 09 Sep 2025 07:16:27.105708 GMT [INFO] Image: Providers: img_tex, img_dds, img_sdl2, img_pil (img_ffpyplayer ignored)
Tue, 09 Sep 2025 07:16:27.106021 GMT [INFO] [INFO   ] [Image       ] Providers: img_tex, img_dds, img_sdl2, img_pil (img_ffpyplayer ignored)
Tue, 09 Sep 2025 07:16:27.126714 GMT [INFO] Window: Provider: sdl2
Tue, 09 Sep 2025 07:16:27.126918 GMT [INFO] [INFO   ] [Window      ] Provider: sdl2
Tue, 09 Sep 2025 07:16:27.236067 GMT [INFO] GL: Using the "OpenGL" graphics system
Tue, 09 Sep 2025 07:16:27.236661 GMT [INFO] [INFO   ] [GL          ] Using the "OpenGL" graphics system
Tue, 09 Sep 2025 07:16:27.237562 GMT [INFO] GL: Backend used <sdl2>
Tue, 09 Sep 2025 07:16:27.237864 GMT [INFO] [INFO   ] [GL          ] Backend used <sdl2>
Tue, 09 Sep 2025 07:16:27.238153 GMT [INFO] GL: OpenGL version <b'4.6 (Compatibility Profile) Mesa 24.0.0-devel (git-3ca1f35cbf)'>
Tue, 09 Sep 2025 07:16:27.238358 GMT [INFO] [INFO   ] [GL          ] OpenGL version <b'4.6 (Compatibility Profile) Mesa 24.0.0-devel (git-3ca1f35cbf)'>
Tue, 09 Sep 2025 07:16:27.238563 GMT [INFO] GL: OpenGL vendor <b'Intel'>
Tue, 09 Sep 2025 07:16:27.238729 GMT [INFO] [INFO   ] [GL          ] OpenGL vendor <b'Intel'>
Tue, 09 Sep 2025 07:16:27.238898 GMT [INFO] GL: OpenGL renderer <b'Mesa Intel(R) Xe Graphics (TGL GT2)'>
Tue, 09 Sep 2025 07:16:27.239112 GMT [INFO] [INFO   ] [GL          ] OpenGL renderer <b'Mesa Intel(R) Xe Graphics (TGL GT2)'>
Tue, 09 Sep 2025 07:16:27.239327 GMT [INFO] GL: OpenGL parsed version: 4, 6
Tue, 09 Sep 2025 07:16:27.239529 GMT [INFO] [INFO   ] [GL          ] OpenGL parsed version: 4, 6
Tue, 09 Sep 2025 07:16:27.239730 GMT [INFO] GL: Shading version <b'4.60'>
Tue, 09 Sep 2025 07:16:27.239900 GMT [INFO] [INFO   ] [GL          ] Shading version <b'4.60'>
Tue, 09 Sep 2025 07:16:27.240484 GMT [INFO] GL: Texture max size <16384>
Tue, 09 Sep 2025 07:16:27.240704 GMT [INFO] [INFO   ] [GL          ] Texture max size <16384>
Tue, 09 Sep 2025 07:16:27.240884 GMT [INFO] GL: Texture max units <32>
Tue, 09 Sep 2025 07:16:27.241081 GMT [INFO] [INFO   ] [GL          ] Texture max units <32>
Tue, 09 Sep 2025 07:16:27.258521 GMT [INFO] Window: auto add sdl2 input provider
Tue, 09 Sep 2025 07:16:27.258778 GMT [INFO] [INFO   ] [Window      ] auto add sdl2 input provider
Tue, 09 Sep 2025 07:16:27.259197 GMT [INFO] Window: virtual keyboard not allowed, single mode, not docked
Tue, 09 Sep 2025 07:16:27.259384 GMT [INFO] [INFO   ] [Window      ] virtual keyboard not allowed, single mode, not docked
Tue, 09 Sep 2025 07:16:27.279570 GMT [INFO] Text: Provider: sdl2
Tue, 09 Sep 2025 07:16:27.279775 GMT [INFO] [INFO   ] [Text        ] Provider: sdl2
Tue, 09 Sep 2025 07:16:27.407052 GMT [INFO] GL: NPOT texture support is available
Tue, 09 Sep 2025 07:16:27.407256 GMT [INFO] [INFO   ] [GL          ] NPOT texture support is available
Tue, 09 Sep 2025 07:16:27.416886 GMT [INFO] Clipboard: Provider: xsel(['clipboard_xclip'] ignored)
Tue, 09 Sep 2025 07:16:27.417108 GMT [INFO] [INFO   ] [Clipboard   ] Provider: xsel(['clipboard_xclip'] ignored)
Tue, 09 Sep 2025 07:16:27.417209 GMT [INFO] CutBuffer: cut buffer support enabled
Tue, 09 Sep 2025 07:16:27.417290 GMT [INFO] [INFO   ] [CutBuffer   ] cut buffer support enabled
Tue, 09 Sep 2025 07:16:27.502499 GMT [INFO] Base: Start application main loop
Tue, 09 Sep 2025 07:16:27.502793 GMT [INFO] [INFO   ] [Base        ] Start application main loop
Tue, 09 Sep 2025 07:17:10.557599 GMT [INFO] Base: Leaving application in progress...
Tue, 09 Sep 2025 07:17:10.557864 GMT [INFO] [INFO   ] [Base        ] Leaving application in progress...

********************************************************************************
APP STARTED at Tue, 09 Sep 2025 07:17:12.922240 GMT
Tue, 09 Sep 2025 07:17:12.933849 GMT [INFO] Kivy: v2.3.1
Tue, 09 Sep 2025 07:17:12.934027 GMT [INFO] Logger: Record log in /home/cai_test_wi/.kivy/logs/kivy_25-09-09_39.txt
Tue, 09 Sep 2025 07:17:12.934100 GMT [INFO] [INFO   ] [Logger      ] Record log in /home/cai_test_wi/.kivy/logs/kivy_25-09-09_39.txt
Tue, 09 Sep 2025 07:17:12.934165 GMT [INFO] [INFO   ] [Kivy        ] v2.3.1
Tue, 09 Sep 2025 07:17:12.934206 GMT [INFO] Kivy: Installed at "/home/cai_test_wi/.local/lib/python3.10/site-packages/kivy/__init__.py"
Tue, 09 Sep 2025 07:17:12.934247 GMT [INFO] [INFO   ] [Kivy        ] Installed at "/home/cai_test_wi/.local/lib/python3.10/site-packages/kivy/__init__.py"
Tue, 09 Sep 2025 07:17:12.934289 GMT [INFO] Python: v3.10.12 (main, May 27 2025, 17:12:29) [GCC 11.4.0]
Tue, 09 Sep 2025 07:17:12.934322 GMT [INFO] [INFO   ] [Python      ] v3.10.12 (main, May 27 2025, 17:12:29) [GCC 11.4.0]
Tue, 09 Sep 2025 07:17:12.934358 GMT [INFO] Python: Interpreter at "/usr/bin/python3"
Tue, 09 Sep 2025 07:17:12.934390 GMT [INFO] [INFO   ] [Python      ] Interpreter at "/usr/bin/python3"
Tue, 09 Sep 2025 07:17:12.934448 GMT [INFO] Logger: Purge log fired. Processing...
Tue, 09 Sep 2025 07:17:12.934525 GMT [INFO] [INFO   ] [Logger      ] Purge log fired. Processing...
Tue, 09 Sep 2025 07:17:12.935144 GMT [INFO] Logger: Purge finished!
Tue, 09 Sep 2025 07:17:12.935209 GMT [INFO] [INFO   ] [Logger      ] Purge finished!
Tue, 09 Sep 2025 07:17:12.954912 GMT [INFO] Factory: 195 symbols loaded
Tue, 09 Sep 2025 07:17:12.955032 GMT [INFO] [INFO   ] [Factory     ] 195 symbols loaded
Tue, 09 Sep 2025 07:17:13.001892 GMT [INFO] Image: Providers: img_tex, img_dds, img_sdl2, img_pil (img_ffpyplayer ignored)
Tue, 09 Sep 2025 07:17:13.002016 GMT [INFO] [INFO   ] [Image       ] Providers: img_tex, img_dds, img_sdl2, img_pil (img_ffpyplayer ignored)
Tue, 09 Sep 2025 07:17:13.010386 GMT [INFO] Window: Provider: sdl2
Tue, 09 Sep 2025 07:17:13.010468 GMT [INFO] [INFO   ] [Window      ] Provider: sdl2
Tue, 09 Sep 2025 07:17:13.095433 GMT [INFO] GL: Using the "OpenGL" graphics system
Tue, 09 Sep 2025 07:17:13.095601 GMT [INFO] [INFO   ] [GL          ] Using the "OpenGL" graphics system
Tue, 09 Sep 2025 07:17:13.095794 GMT [INFO] GL: Backend used <sdl2>
Tue, 09 Sep 2025 07:17:13.095843 GMT [INFO] [INFO   ] [GL          ] Backend used <sdl2>
Tue, 09 Sep 2025 07:17:13.095895 GMT [INFO] GL: OpenGL version <b'4.6 (Compatibility Profile) Mesa 24.0.0-devel (git-3ca1f35cbf)'>
Tue, 09 Sep 2025 07:17:13.095943 GMT [INFO] [INFO   ] [GL          ] OpenGL version <b'4.6 (Compatibility Profile) Mesa 24.0.0-devel (git-3ca1f35cbf)'>
Tue, 09 Sep 2025 07:17:13.096009 GMT [INFO] GL: OpenGL vendor <b'Intel'>
Tue, 09 Sep 2025 07:17:13.096062 GMT [INFO] [INFO   ] [GL          ] OpenGL vendor <b'Intel'>
Tue, 09 Sep 2025 07:17:13.096120 GMT [INFO] GL: OpenGL renderer <b'Mesa Intel(R) Xe Graphics (TGL GT2)'>
Tue, 09 Sep 2025 07:17:13.096182 GMT [INFO] [INFO   ] [GL          ] OpenGL renderer <b'Mesa Intel(R) Xe Graphics (TGL GT2)'>
Tue, 09 Sep 2025 07:17:13.096256 GMT [INFO] GL: OpenGL parsed version: 4, 6
Tue, 09 Sep 2025 07:17:13.096313 GMT [INFO] [INFO   ] [GL          ] OpenGL parsed version: 4, 6
Tue, 09 Sep 2025 07:17:13.096382 GMT [INFO] GL: Shading version <b'4.60'>
Tue, 09 Sep 2025 07:17:13.096443 GMT [INFO] [INFO   ] [GL          ] Shading version <b'4.60'>
Tue, 09 Sep 2025 07:17:13.096648 GMT [INFO] GL: Texture max size <16384>
Tue, 09 Sep 2025 07:17:13.096721 GMT [INFO] [INFO   ] [GL          ] Texture max size <16384>
Tue, 09 Sep 2025 07:17:13.096780 GMT [INFO] GL: Texture max units <32>
Tue, 09 Sep 2025 07:17:13.096819 GMT [INFO] [INFO   ] [GL          ] Texture max units <32>
Tue, 09 Sep 2025 07:17:13.106105 GMT [INFO] Window: auto add sdl2 input provider
Tue, 09 Sep 2025 07:17:13.106230 GMT [INFO] [INFO   ] [Window      ] auto add sdl2 input provider
Tue, 09 Sep 2025 07:17:13.106424 GMT [INFO] Window: virtual keyboard not allowed, single mode, not docked
Tue, 09 Sep 2025 07:17:13.106484 GMT [INFO] [INFO   ] [Window      ] virtual keyboard not allowed, single mode, not docked
Tue, 09 Sep 2025 07:17:13.116277 GMT [INFO] Text: Provider: sdl2
Tue, 09 Sep 2025 07:17:13.116384 GMT [INFO] [INFO   ] [Text        ] Provider: sdl2
Tue, 09 Sep 2025 07:17:13.201256 GMT [INFO] GL: NPOT texture support is available
Tue, 09 Sep 2025 07:17:13.201360 GMT [INFO] [INFO   ] [GL          ] NPOT texture support is available
Tue, 09 Sep 2025 07:17:13.209310 GMT [INFO] Clipboard: Provider: xsel(['clipboard_xclip'] ignored)
Tue, 09 Sep 2025 07:17:13.209478 GMT [INFO] [INFO   ] [Clipboard   ] Provider: xsel(['clipboard_xclip'] ignored)
Tue, 09 Sep 2025 07:17:13.209587 GMT [INFO] CutBuffer: cut buffer support enabled
Tue, 09 Sep 2025 07:17:13.209656 GMT [INFO] [INFO   ] [CutBuffer   ] cut buffer support enabled
Tue, 09 Sep 2025 07:17:13.267383 GMT [INFO] Base: Start application main loop
Tue, 09 Sep 2025 07:17:13.267606 GMT [INFO] [INFO   ] [Base        ] Start application main loop
Tue, 09 Sep 2025 07:17:19.371176 GMT [INFO] Base: Leaving application in progress...
Tue, 09 Sep 2025 07:17:19.371325 GMT [INFO] [INFO   ] [Base        ] Leaving application in progress...

********************************************************************************
APP STARTED at Tue, 09 Sep 2025 07:18:10.836288 GMT
Tue, 09 Sep 2025 07:18:10.848142 GMT [INFO] Kivy: v2.3.1
Tue, 09 Sep 2025 07:18:10.848338 GMT [INFO] Logger: Record log in /home/cai_test_wi/.kivy/logs/kivy_25-09-09_40.txt
Tue, 09 Sep 2025 07:18:10.848420 GMT [INFO] [INFO   ] [Logger      ] Record log in /home/cai_test_wi/.kivy/logs/kivy_25-09-09_40.txt
Tue, 09 Sep 2025 07:18:10.848489 GMT [INFO] [INFO   ] [Kivy        ] v2.3.1
Tue, 09 Sep 2025 07:18:10.848530 GMT [INFO] Kivy: Installed at "/home/cai_test_wi/.local/lib/python3.10/site-packages/kivy/__init__.py"
Tue, 09 Sep 2025 07:18:10.848567 GMT [INFO] [INFO   ] [Kivy        ] Installed at "/home/cai_test_wi/.local/lib/python3.10/site-packages/kivy/__init__.py"
Tue, 09 Sep 2025 07:18:10.848609 GMT [INFO] Python: v3.10.12 (main, May 27 2025, 17:12:29) [GCC 11.4.0]
Tue, 09 Sep 2025 07:18:10.848645 GMT [INFO] [INFO   ] [Python      ] v3.10.12 (main, May 27 2025, 17:12:29) [GCC 11.4.0]
Tue, 09 Sep 2025 07:18:10.848683 GMT [INFO] Python: Interpreter at "/usr/bin/python3"
Tue, 09 Sep 2025 07:18:10.848716 GMT [INFO] [INFO   ] [Python      ] Interpreter at "/usr/bin/python3"
Tue, 09 Sep 2025 07:18:10.848772 GMT [INFO] Logger: Purge log fired. Processing...
Tue, 09 Sep 2025 07:18:10.848849 GMT [INFO] [INFO   ] [Logger      ] Purge log fired. Processing...
Tue, 09 Sep 2025 07:18:10.849468 GMT [INFO] Logger: Purge finished!
Tue, 09 Sep 2025 07:18:10.849522 GMT [INFO] [INFO   ] [Logger      ] Purge finished!
Tue, 09 Sep 2025 07:18:10.868765 GMT [INFO] Factory: 195 symbols loaded
Tue, 09 Sep 2025 07:18:10.868864 GMT [INFO] [INFO   ] [Factory     ] 195 symbols loaded
Tue, 09 Sep 2025 07:18:10.915881 GMT [INFO] Image: Providers: img_tex, img_dds, img_sdl2, img_pil (img_ffpyplayer ignored)
Tue, 09 Sep 2025 07:18:10.916006 GMT [INFO] [INFO   ] [Image       ] Providers: img_tex, img_dds, img_sdl2, img_pil (img_ffpyplayer ignored)
Tue, 09 Sep 2025 07:18:10.924569 GMT [INFO] Window: Provider: sdl2
Tue, 09 Sep 2025 07:18:10.924653 GMT [INFO] [INFO   ] [Window      ] Provider: sdl2
Tue, 09 Sep 2025 07:18:11.013023 GMT [INFO] GL: Using the "OpenGL" graphics system
Tue, 09 Sep 2025 07:18:11.013177 GMT [INFO] [INFO   ] [GL          ] Using the "OpenGL" graphics system
Tue, 09 Sep 2025 07:18:11.013381 GMT [INFO] GL: Backend used <sdl2>
Tue, 09 Sep 2025 07:18:11.013454 GMT [INFO] [INFO   ] [GL          ] Backend used <sdl2>
Tue, 09 Sep 2025 07:18:11.013538 GMT [INFO] GL: OpenGL version <b'4.6 (Compatibility Profile) Mesa 24.0.0-devel (git-3ca1f35cbf)'>
Tue, 09 Sep 2025 07:18:11.013595 GMT [INFO] [INFO   ] [GL          ] OpenGL version <b'4.6 (Compatibility Profile) Mesa 24.0.0-devel (git-3ca1f35cbf)'>
Tue, 09 Sep 2025 07:18:11.013655 GMT [INFO] GL: OpenGL vendor <b'Intel'>
Tue, 09 Sep 2025 07:18:11.013710 GMT [INFO] [INFO   ] [GL          ] OpenGL vendor <b'Intel'>
Tue, 09 Sep 2025 07:18:11.013772 GMT [INFO] GL: OpenGL renderer <b'Mesa Intel(R) Xe Graphics (TGL GT2)'>
Tue, 09 Sep 2025 07:18:11.013834 GMT [INFO] [INFO   ] [GL          ] OpenGL renderer <b'Mesa Intel(R) Xe Graphics (TGL GT2)'>
Tue, 09 Sep 2025 07:18:11.013942 GMT [INFO] GL: OpenGL parsed version: 4, 6
Tue, 09 Sep 2025 07:18:11.014012 GMT [INFO] [INFO   ] [GL          ] OpenGL parsed version: 4, 6
Tue, 09 Sep 2025 07:18:11.014080 GMT [INFO] GL: Shading version <b'4.60'>
Tue, 09 Sep 2025 07:18:11.014137 GMT [INFO] [INFO   ] [GL          ] Shading version <b'4.60'>
Tue, 09 Sep 2025 07:18:11.014341 GMT [INFO] GL: Texture max size <16384>
Tue, 09 Sep 2025 07:18:11.014414 GMT [INFO] [INFO   ] [GL          ] Texture max size <16384>
Tue, 09 Sep 2025 07:18:11.014463 GMT [INFO] GL: Texture max units <32>
Tue, 09 Sep 2025 07:18:11.014499 GMT [INFO] [INFO   ] [GL          ] Texture max units <32>
Tue, 09 Sep 2025 07:18:11.023322 GMT [INFO] Window: auto add sdl2 input provider
Tue, 09 Sep 2025 07:18:11.023510 GMT [INFO] [INFO   ] [Window      ] auto add sdl2 input provider
Tue, 09 Sep 2025 07:18:11.023909 GMT [INFO] Window: virtual keyboard not allowed, single mode, not docked
Tue, 09 Sep 2025 07:18:11.023975 GMT [INFO] [INFO   ] [Window      ] virtual keyboard not allowed, single mode, not docked
Tue, 09 Sep 2025 07:18:11.034927 GMT [INFO] Text: Provider: sdl2
Tue, 09 Sep 2025 07:18:11.035049 GMT [INFO] [INFO   ] [Text        ] Provider: sdl2
Tue, 09 Sep 2025 07:18:11.111695 GMT [INFO] GL: NPOT texture support is available
Tue, 09 Sep 2025 07:18:11.111816 GMT [INFO] [INFO   ] [GL          ] NPOT texture support is available
Tue, 09 Sep 2025 07:18:11.118088 GMT [INFO] Clipboard: Provider: xsel(['clipboard_xclip'] ignored)
Tue, 09 Sep 2025 07:18:11.118199 GMT [INFO] [INFO   ] [Clipboard   ] Provider: xsel(['clipboard_xclip'] ignored)
Tue, 09 Sep 2025 07:18:11.118256 GMT [INFO] CutBuffer: cut buffer support enabled
Tue, 09 Sep 2025 07:18:11.118305 GMT [INFO] [INFO   ] [CutBuffer   ] cut buffer support enabled
Tue, 09 Sep 2025 07:18:11.178238 GMT [INFO] Base: Start application main loop
Tue, 09 Sep 2025 07:18:11.178377 GMT [INFO] [INFO   ] [Base        ] Start application main loop
Tue, 09 Sep 2025 07:18:23.982883 GMT [INFO] Base: Leaving application in progress...
Tue, 09 Sep 2025 07:18:23.983041 GMT [INFO] [INFO   ] [Base        ] Leaving application in progress...

********************************************************************************
APP STARTED at Tue, 09 Sep 2025 07:32:08.067822 GMT
Tue, 09 Sep 2025 07:32:08.079548 GMT [INFO] Kivy: v2.3.1
Tue, 09 Sep 2025 07:32:08.079750 GMT [INFO] Logger: Record log in /home/cai_test_wi/.kivy/logs/kivy_25-09-09_41.txt
Tue, 09 Sep 2025 07:32:08.079834 GMT [INFO] [INFO   ] [Logger      ] Record log in /home/cai_test_wi/.kivy/logs/kivy_25-09-09_41.txt
Tue, 09 Sep 2025 07:32:08.079903 GMT [INFO] [INFO   ] [Kivy        ] v2.3.1
Tue, 09 Sep 2025 07:32:08.079948 GMT [INFO] Kivy: Installed at "/home/cai_test_wi/.local/lib/python3.10/site-packages/kivy/__init__.py"
Tue, 09 Sep 2025 07:32:08.079990 GMT [INFO] [INFO   ] [Kivy        ] Installed at "/home/cai_test_wi/.local/lib/python3.10/site-packages/kivy/__init__.py"
Tue, 09 Sep 2025 07:32:08.080036 GMT [INFO] Python: v3.10.12 (main, May 27 2025, 17:12:29) [GCC 11.4.0]
Tue, 09 Sep 2025 07:32:08.080071 GMT [INFO] [INFO   ] [Python      ] v3.10.12 (main, May 27 2025, 17:12:29) [GCC 11.4.0]
Tue, 09 Sep 2025 07:32:08.080107 GMT [INFO] Python: Interpreter at "/usr/bin/python3"
Tue, 09 Sep 2025 07:32:08.080142 GMT [INFO] [INFO   ] [Python      ] Interpreter at "/usr/bin/python3"
Tue, 09 Sep 2025 07:32:08.080198 GMT [INFO] Logger: Purge log fired. Processing...
Tue, 09 Sep 2025 07:32:08.080277 GMT [INFO] [INFO   ] [Logger      ] Purge log fired. Processing...
Tue, 09 Sep 2025 07:32:08.080873 GMT [INFO] Logger: Purge finished!
Tue, 09 Sep 2025 07:32:08.080926 GMT [INFO] [INFO   ] [Logger      ] Purge finished!
Tue, 09 Sep 2025 07:32:08.099862 GMT [INFO] Factory: 195 symbols loaded
Tue, 09 Sep 2025 07:32:08.099997 GMT [INFO] [INFO   ] [Factory     ] 195 symbols loaded
Tue, 09 Sep 2025 07:32:08.148610 GMT [INFO] Image: Providers: img_tex, img_dds, img_sdl2, img_pil (img_ffpyplayer ignored)
Tue, 09 Sep 2025 07:32:08.148715 GMT [INFO] [INFO   ] [Image       ] Providers: img_tex, img_dds, img_sdl2, img_pil (img_ffpyplayer ignored)
Tue, 09 Sep 2025 07:32:08.158179 GMT [INFO] Window: Provider: sdl2
Tue, 09 Sep 2025 07:32:08.158298 GMT [INFO] [INFO   ] [Window      ] Provider: sdl2
Tue, 09 Sep 2025 07:32:08.248033 GMT [INFO] GL: Using the "OpenGL" graphics system
Tue, 09 Sep 2025 07:32:08.248253 GMT [INFO] [INFO   ] [GL          ] Using the "OpenGL" graphics system
Tue, 09 Sep 2025 07:32:08.248503 GMT [INFO] GL: Backend used <sdl2>
Tue, 09 Sep 2025 07:32:08.248581 GMT [INFO] [INFO   ] [GL          ] Backend used <sdl2>
Tue, 09 Sep 2025 07:32:08.248675 GMT [INFO] GL: OpenGL version <b'4.6 (Compatibility Profile) Mesa 24.0.0-devel (git-3ca1f35cbf)'>
Tue, 09 Sep 2025 07:32:08.248737 GMT [INFO] [INFO   ] [GL          ] OpenGL version <b'4.6 (Compatibility Profile) Mesa 24.0.0-devel (git-3ca1f35cbf)'>
Tue, 09 Sep 2025 07:32:08.248800 GMT [INFO] GL: OpenGL vendor <b'Intel'>
Tue, 09 Sep 2025 07:32:08.248863 GMT [INFO] [INFO   ] [GL          ] OpenGL vendor <b'Intel'>
Tue, 09 Sep 2025 07:32:08.248926 GMT [INFO] GL: OpenGL renderer <b'Mesa Intel(R) Xe Graphics (TGL GT2)'>
Tue, 09 Sep 2025 07:32:08.248997 GMT [INFO] [INFO   ] [GL          ] OpenGL renderer <b'Mesa Intel(R) Xe Graphics (TGL GT2)'>
Tue, 09 Sep 2025 07:32:08.249074 GMT [INFO] GL: OpenGL parsed version: 4, 6
Tue, 09 Sep 2025 07:32:08.249138 GMT [INFO] [INFO   ] [GL          ] OpenGL parsed version: 4, 6
Tue, 09 Sep 2025 07:32:08.249204 GMT [INFO] GL: Shading version <b'4.60'>
Tue, 09 Sep 2025 07:32:08.249261 GMT [INFO] [INFO   ] [GL          ] Shading version <b'4.60'>
Tue, 09 Sep 2025 07:32:08.249432 GMT [INFO] GL: Texture max size <16384>
Tue, 09 Sep 2025 07:32:08.249491 GMT [INFO] [INFO   ] [GL          ] Texture max size <16384>
Tue, 09 Sep 2025 07:32:08.249545 GMT [INFO] GL: Texture max units <32>
Tue, 09 Sep 2025 07:32:08.249590 GMT [INFO] [INFO   ] [GL          ] Texture max units <32>
Tue, 09 Sep 2025 07:32:08.258382 GMT [INFO] Window: auto add sdl2 input provider
Tue, 09 Sep 2025 07:32:08.258525 GMT [INFO] [INFO   ] [Window      ] auto add sdl2 input provider
Tue, 09 Sep 2025 07:32:08.258820 GMT [INFO] Window: virtual keyboard not allowed, single mode, not docked
Tue, 09 Sep 2025 07:32:08.258901 GMT [INFO] [INFO   ] [Window      ] virtual keyboard not allowed, single mode, not docked
Tue, 09 Sep 2025 07:32:08.269877 GMT [INFO] Text: Provider: sdl2
Tue, 09 Sep 2025 07:32:08.270239 GMT [INFO] [INFO   ] [Text        ] Provider: sdl2
Tue, 09 Sep 2025 07:32:08.277838 GMT [INFO] GL: NPOT texture support is available
Tue, 09 Sep 2025 07:32:08.277976 GMT [INFO] [INFO   ] [GL          ] NPOT texture support is available
Tue, 09 Sep 2025 07:32:08.284403 GMT [INFO] Clipboard: Provider: xsel(['clipboard_xclip'] ignored)
Tue, 09 Sep 2025 07:32:08.284534 GMT [INFO] [INFO   ] [Clipboard   ] Provider: xsel(['clipboard_xclip'] ignored)
Tue, 09 Sep 2025 07:32:08.284596 GMT [INFO] CutBuffer: cut buffer support enabled
Tue, 09 Sep 2025 07:32:08.284644 GMT [INFO] [INFO   ] [CutBuffer   ] cut buffer support enabled
Tue, 09 Sep 2025 07:32:08.336536 GMT [INFO] Base: Start application main loop
Tue, 09 Sep 2025 07:32:08.336718 GMT [INFO] [INFO   ] [Base        ] Start application main loop
Tue, 09 Sep 2025 07:32:17.086367 GMT [INFO] Base: Leaving application in progress...
Tue, 09 Sep 2025 07:32:17.086516 GMT [INFO] [INFO   ] [Base        ] Leaving application in progress...

********************************************************************************
APP STARTED at Tue, 09 Sep 2025 07:33:11.065545 GMT
Tue, 09 Sep 2025 07:33:11.077191 GMT [INFO] Kivy: v2.3.1
Tue, 09 Sep 2025 07:33:11.077405 GMT [INFO] Logger: Record log in /home/cai_test_wi/.kivy/logs/kivy_25-09-09_42.txt
Tue, 09 Sep 2025 07:33:11.077494 GMT [INFO] [INFO   ] [Logger      ] Record log in /home/cai_test_wi/.kivy/logs/kivy_25-09-09_42.txt
Tue, 09 Sep 2025 07:33:11.077569 GMT [INFO] [INFO   ] [Kivy        ] v2.3.1
Tue, 09 Sep 2025 07:33:11.077613 GMT [INFO] Kivy: Installed at "/home/cai_test_wi/.local/lib/python3.10/site-packages/kivy/__init__.py"
Tue, 09 Sep 2025 07:33:11.077651 GMT [INFO] [INFO   ] [Kivy        ] Installed at "/home/cai_test_wi/.local/lib/python3.10/site-packages/kivy/__init__.py"
Tue, 09 Sep 2025 07:33:11.077694 GMT [INFO] Python: v3.10.12 (main, May 27 2025, 17:12:29) [GCC 11.4.0]
Tue, 09 Sep 2025 07:33:11.077730 GMT [INFO] [INFO   ] [Python      ] v3.10.12 (main, May 27 2025, 17:12:29) [GCC 11.4.0]
Tue, 09 Sep 2025 07:33:11.077768 GMT [INFO] Python: Interpreter at "/usr/bin/python3"
Tue, 09 Sep 2025 07:33:11.077808 GMT [INFO] [INFO   ] [Python      ] Interpreter at "/usr/bin/python3"
Tue, 09 Sep 2025 07:33:11.077866 GMT [INFO] Logger: Purge log fired. Processing...
Tue, 09 Sep 2025 07:33:11.077960 GMT [INFO] [INFO   ] [Logger      ] Purge log fired. Processing...
Tue, 09 Sep 2025 07:33:11.078589 GMT [INFO] Logger: Purge finished!
Tue, 09 Sep 2025 07:33:11.078640 GMT [INFO] [INFO   ] [Logger      ] Purge finished!
Tue, 09 Sep 2025 07:33:11.097065 GMT [INFO] Factory: 195 symbols loaded
Tue, 09 Sep 2025 07:33:11.097165 GMT [INFO] [INFO   ] [Factory     ] 195 symbols loaded
Tue, 09 Sep 2025 07:33:11.143759 GMT [INFO] Image: Providers: img_tex, img_dds, img_sdl2, img_pil (img_ffpyplayer ignored)
Tue, 09 Sep 2025 07:33:11.143863 GMT [INFO] [INFO   ] [Image       ] Providers: img_tex, img_dds, img_sdl2, img_pil (img_ffpyplayer ignored)
Tue, 09 Sep 2025 07:33:11.152548 GMT [INFO] Window: Provider: sdl2
Tue, 09 Sep 2025 07:33:11.152635 GMT [INFO] [INFO   ] [Window      ] Provider: sdl2
Tue, 09 Sep 2025 07:33:11.236143 GMT [INFO] GL: Using the "OpenGL" graphics system
Tue, 09 Sep 2025 07:33:11.236340 GMT [INFO] [INFO   ] [GL          ] Using the "OpenGL" graphics system
Tue, 09 Sep 2025 07:33:11.236541 GMT [INFO] GL: Backend used <sdl2>
Tue, 09 Sep 2025 07:33:11.236610 GMT [INFO] [INFO   ] [GL          ] Backend used <sdl2>
Tue, 09 Sep 2025 07:33:11.236694 GMT [INFO] GL: OpenGL version <b'4.6 (Compatibility Profile) Mesa 24.0.0-devel (git-3ca1f35cbf)'>
Tue, 09 Sep 2025 07:33:11.236757 GMT [INFO] [INFO   ] [GL          ] OpenGL version <b'4.6 (Compatibility Profile) Mesa 24.0.0-devel (git-3ca1f35cbf)'>
Tue, 09 Sep 2025 07:33:11.236814 GMT [INFO] GL: OpenGL vendor <b'Intel'>
Tue, 09 Sep 2025 07:33:11.236870 GMT [INFO] [INFO   ] [GL          ] OpenGL vendor <b'Intel'>
Tue, 09 Sep 2025 07:33:11.236928 GMT [INFO] GL: OpenGL renderer <b'Mesa Intel(R) Xe Graphics (TGL GT2)'>
Tue, 09 Sep 2025 07:33:11.237093 GMT [INFO] [INFO   ] [GL          ] OpenGL renderer <b'Mesa Intel(R) Xe Graphics (TGL GT2)'>
Tue, 09 Sep 2025 07:33:11.237174 GMT [INFO] GL: OpenGL parsed version: 4, 6
Tue, 09 Sep 2025 07:33:11.237235 GMT [INFO] [INFO   ] [GL          ] OpenGL parsed version: 4, 6
Tue, 09 Sep 2025 07:33:11.237300 GMT [INFO] GL: Shading version <b'4.60'>
Tue, 09 Sep 2025 07:33:11.237361 GMT [INFO] [INFO   ] [GL          ] Shading version <b'4.60'>
Tue, 09 Sep 2025 07:33:11.237553 GMT [INFO] GL: Texture max size <16384>
Tue, 09 Sep 2025 07:33:11.237626 GMT [INFO] [INFO   ] [GL          ] Texture max size <16384>
Tue, 09 Sep 2025 07:33:11.237678 GMT [INFO] GL: Texture max units <32>
Tue, 09 Sep 2025 07:33:11.237719 GMT [INFO] [INFO   ] [GL          ] Texture max units <32>
Tue, 09 Sep 2025 07:33:11.246994 GMT [INFO] Window: auto add sdl2 input provider
Tue, 09 Sep 2025 07:33:11.247125 GMT [INFO] [INFO   ] [Window      ] auto add sdl2 input provider
Tue, 09 Sep 2025 07:33:11.247346 GMT [INFO] Window: virtual keyboard not allowed, single mode, not docked
Tue, 09 Sep 2025 07:33:11.247418 GMT [INFO] [INFO   ] [Window      ] virtual keyboard not allowed, single mode, not docked
Tue, 09 Sep 2025 07:33:11.257527 GMT [INFO] Text: Provider: sdl2
Tue, 09 Sep 2025 07:33:11.257720 GMT [INFO] [INFO   ] [Text        ] Provider: sdl2
Tue, 09 Sep 2025 07:33:11.267098 GMT [INFO] GL: NPOT texture support is available
Tue, 09 Sep 2025 07:33:11.267228 GMT [INFO] [INFO   ] [GL          ] NPOT texture support is available
Tue, 09 Sep 2025 07:33:11.273440 GMT [INFO] Clipboard: Provider: xsel(['clipboard_xclip'] ignored)
Tue, 09 Sep 2025 07:33:11.273605 GMT [INFO] [INFO   ] [Clipboard   ] Provider: xsel(['clipboard_xclip'] ignored)
Tue, 09 Sep 2025 07:33:11.273698 GMT [INFO] CutBuffer: cut buffer support enabled
Tue, 09 Sep 2025 07:33:11.273777 GMT [INFO] [INFO   ] [CutBuffer   ] cut buffer support enabled
Tue, 09 Sep 2025 07:33:11.329801 GMT [INFO] Base: Start application main loop
Tue, 09 Sep 2025 07:33:11.329963 GMT [INFO] [INFO   ] [Base        ] Start application main loop
Tue, 09 Sep 2025 07:33:19.062248 GMT [INFO] Base: Leaving application in progress...
Tue, 09 Sep 2025 07:33:19.062408 GMT [INFO] [INFO   ] [Base        ] Leaving application in progress...

********************************************************************************
APP STARTED at Tue, 09 Sep 2025 07:34:11.563509 GMT
Tue, 09 Sep 2025 07:34:11.575291 GMT [INFO] Kivy: v2.3.1
Tue, 09 Sep 2025 07:34:11.575530 GMT [INFO] Logger: Record log in /home/cai_test_wi/.kivy/logs/kivy_25-09-09_43.txt
Tue, 09 Sep 2025 07:34:11.575632 GMT [INFO] [INFO   ] [Logger      ] Record log in /home/cai_test_wi/.kivy/logs/kivy_25-09-09_43.txt
Tue, 09 Sep 2025 07:34:11.575706 GMT [INFO] [INFO   ] [Kivy        ] v2.3.1
Tue, 09 Sep 2025 07:34:11.575749 GMT [INFO] Kivy: Installed at "/home/cai_test_wi/.local/lib/python3.10/site-packages/kivy/__init__.py"
Tue, 09 Sep 2025 07:34:11.575787 GMT [INFO] [INFO   ] [Kivy        ] Installed at "/home/cai_test_wi/.local/lib/python3.10/site-packages/kivy/__init__.py"
Tue, 09 Sep 2025 07:34:11.575830 GMT [INFO] Python: v3.10.12 (main, May 27 2025, 17:12:29) [GCC 11.4.0]
Tue, 09 Sep 2025 07:34:11.575886 GMT [INFO] [INFO   ] [Python      ] v3.10.12 (main, May 27 2025, 17:12:29) [GCC 11.4.0]
Tue, 09 Sep 2025 07:34:11.575934 GMT [INFO] Python: Interpreter at "/usr/bin/python3"
Tue, 09 Sep 2025 07:34:11.575974 GMT [INFO] [INFO   ] [Python      ] Interpreter at "/usr/bin/python3"
Tue, 09 Sep 2025 07:34:11.576032 GMT [INFO] Logger: Purge log fired. Processing...
Tue, 09 Sep 2025 07:34:11.576112 GMT [INFO] [INFO   ] [Logger      ] Purge log fired. Processing...
Tue, 09 Sep 2025 07:34:11.576712 GMT [INFO] Logger: Purge finished!
Tue, 09 Sep 2025 07:34:11.576768 GMT [INFO] [INFO   ] [Logger      ] Purge finished!
Tue, 09 Sep 2025 07:34:11.595374 GMT [INFO] Factory: 195 symbols loaded
Tue, 09 Sep 2025 07:34:11.595481 GMT [INFO] [INFO   ] [Factory     ] 195 symbols loaded
Tue, 09 Sep 2025 07:34:11.642634 GMT [INFO] Image: Providers: img_tex, img_dds, img_sdl2, img_pil (img_ffpyplayer ignored)
Tue, 09 Sep 2025 07:34:11.642737 GMT [INFO] [INFO   ] [Image       ] Providers: img_tex, img_dds, img_sdl2, img_pil (img_ffpyplayer ignored)
Tue, 09 Sep 2025 07:34:11.651089 GMT [INFO] Window: Provider: sdl2
Tue, 09 Sep 2025 07:34:11.651181 GMT [INFO] [INFO   ] [Window      ] Provider: sdl2
Tue, 09 Sep 2025 07:34:11.740709 GMT [INFO] GL: Using the "OpenGL" graphics system
Tue, 09 Sep 2025 07:34:11.740968 GMT [INFO] [INFO   ] [GL          ] Using the "OpenGL" graphics system
Tue, 09 Sep 2025 07:34:11.741277 GMT [INFO] GL: Backend used <sdl2>
Tue, 09 Sep 2025 07:34:11.741402 GMT [INFO] [INFO   ] [GL          ] Backend used <sdl2>
Tue, 09 Sep 2025 07:34:11.741505 GMT [INFO] GL: OpenGL version <b'4.6 (Compatibility Profile) Mesa 24.0.0-devel (git-3ca1f35cbf)'>
Tue, 09 Sep 2025 07:34:11.741571 GMT [INFO] [INFO   ] [GL          ] OpenGL version <b'4.6 (Compatibility Profile) Mesa 24.0.0-devel (git-3ca1f35cbf)'>
Tue, 09 Sep 2025 07:34:11.741644 GMT [INFO] GL: OpenGL vendor <b'Intel'>
Tue, 09 Sep 2025 07:34:11.741705 GMT [INFO] [INFO   ] [GL          ] OpenGL vendor <b'Intel'>
Tue, 09 Sep 2025 07:34:11.741774 GMT [INFO] GL: OpenGL renderer <b'Mesa Intel(R) Xe Graphics (TGL GT2)'>
Tue, 09 Sep 2025 07:34:11.741843 GMT [INFO] [INFO   ] [GL          ] OpenGL renderer <b'Mesa Intel(R) Xe Graphics (TGL GT2)'>
Tue, 09 Sep 2025 07:34:11.741924 GMT [INFO] GL: OpenGL parsed version: 4, 6
Tue, 09 Sep 2025 07:34:11.742001 GMT [INFO] [INFO   ] [GL          ] OpenGL parsed version: 4, 6
Tue, 09 Sep 2025 07:34:11.742072 GMT [INFO] GL: Shading version <b'4.60'>
Tue, 09 Sep 2025 07:34:11.742133 GMT [INFO] [INFO   ] [GL          ] Shading version <b'4.60'>
Tue, 09 Sep 2025 07:34:11.742337 GMT [INFO] GL: Texture max size <16384>
Tue, 09 Sep 2025 07:34:11.742420 GMT [INFO] [INFO   ] [GL          ] Texture max size <16384>
Tue, 09 Sep 2025 07:34:11.742495 GMT [INFO] GL: Texture max units <32>
Tue, 09 Sep 2025 07:34:11.742562 GMT [INFO] [INFO   ] [GL          ] Texture max units <32>
Tue, 09 Sep 2025 07:34:11.754526 GMT [INFO] Window: auto add sdl2 input provider
Tue, 09 Sep 2025 07:34:11.754667 GMT [INFO] [INFO   ] [Window      ] auto add sdl2 input provider
Tue, 09 Sep 2025 07:34:11.754915 GMT [INFO] Window: virtual keyboard not allowed, single mode, not docked
Tue, 09 Sep 2025 07:34:11.754994 GMT [INFO] [INFO   ] [Window      ] virtual keyboard not allowed, single mode, not docked
Tue, 09 Sep 2025 07:34:11.765754 GMT [INFO] Text: Provider: sdl2
Tue, 09 Sep 2025 07:34:11.765874 GMT [INFO] [INFO   ] [Text        ] Provider: sdl2
Tue, 09 Sep 2025 07:34:11.774700 GMT [INFO] GL: NPOT texture support is available
Tue, 09 Sep 2025 07:34:11.774825 GMT [INFO] [INFO   ] [GL          ] NPOT texture support is available
Tue, 09 Sep 2025 07:34:11.781672 GMT [INFO] Clipboard: Provider: xsel(['clipboard_xclip'] ignored)
Tue, 09 Sep 2025 07:34:11.781787 GMT [INFO] [INFO   ] [Clipboard   ] Provider: xsel(['clipboard_xclip'] ignored)
Tue, 09 Sep 2025 07:34:11.781838 GMT [INFO] CutBuffer: cut buffer support enabled
Tue, 09 Sep 2025 07:34:11.781880 GMT [INFO] [INFO   ] [CutBuffer   ] cut buffer support enabled
Tue, 09 Sep 2025 07:34:11.846648 GMT [INFO] Base: Start application main loop
Tue, 09 Sep 2025 07:34:11.846788 GMT [INFO] [INFO   ] [Base        ] Start application main loop
Tue, 09 Sep 2025 07:36:09.905205 GMT [INFO] Base: Leaving application in progress...
Tue, 09 Sep 2025 07:36:09.905493 GMT [INFO] [INFO   ] [Base        ] Leaving application in progress...

********************************************************************************
APP STARTED at Tue, 09 Sep 2025 07:36:11.124567 GMT
Tue, 09 Sep 2025 07:36:11.136177 GMT [INFO] Kivy: v2.3.1
Tue, 09 Sep 2025 07:36:11.136400 GMT [INFO] Logger: Record log in /home/cai_test_wi/.kivy/logs/kivy_25-09-09_44.txt
Tue, 09 Sep 2025 07:36:11.136500 GMT [INFO] [INFO   ] [Logger      ] Record log in /home/cai_test_wi/.kivy/logs/kivy_25-09-09_44.txt
Tue, 09 Sep 2025 07:36:11.136579 GMT [INFO] [INFO   ] [Kivy        ] v2.3.1
Tue, 09 Sep 2025 07:36:11.136634 GMT [INFO] Kivy: Installed at "/home/cai_test_wi/.local/lib/python3.10/site-packages/kivy/__init__.py"
Tue, 09 Sep 2025 07:36:11.136672 GMT [INFO] [INFO   ] [Kivy        ] Installed at "/home/cai_test_wi/.local/lib/python3.10/site-packages/kivy/__init__.py"
Tue, 09 Sep 2025 07:36:11.136726 GMT [INFO] Python: v3.10.12 (main, May 27 2025, 17:12:29) [GCC 11.4.0]
Tue, 09 Sep 2025 07:36:11.136762 GMT [INFO] [INFO   ] [Python      ] v3.10.12 (main, May 27 2025, 17:12:29) [GCC 11.4.0]
Tue, 09 Sep 2025 07:36:11.136800 GMT [INFO] Python: Interpreter at "/usr/bin/python3"
Tue, 09 Sep 2025 07:36:11.136839 GMT [INFO] [INFO   ] [Python      ] Interpreter at "/usr/bin/python3"
Tue, 09 Sep 2025 07:36:11.136913 GMT [INFO] Logger: Purge log fired. Processing...
Tue, 09 Sep 2025 07:36:11.137013 GMT [INFO] [INFO   ] [Logger      ] Purge log fired. Processing...
Tue, 09 Sep 2025 07:36:11.137605 GMT [INFO] Logger: Purge finished!
Tue, 09 Sep 2025 07:36:11.137656 GMT [INFO] [INFO   ] [Logger      ] Purge finished!
Tue, 09 Sep 2025 07:36:11.156267 GMT [INFO] Factory: 195 symbols loaded
Tue, 09 Sep 2025 07:36:11.156370 GMT [INFO] [INFO   ] [Factory     ] 195 symbols loaded
Tue, 09 Sep 2025 07:36:11.204291 GMT [INFO] Image: Providers: img_tex, img_dds, img_sdl2, img_pil (img_ffpyplayer ignored)
Tue, 09 Sep 2025 07:36:11.204398 GMT [INFO] [INFO   ] [Image       ] Providers: img_tex, img_dds, img_sdl2, img_pil (img_ffpyplayer ignored)
Tue, 09 Sep 2025 07:36:11.212919 GMT [INFO] Window: Provider: sdl2
Tue, 09 Sep 2025 07:36:11.213034 GMT [INFO] [INFO   ] [Window      ] Provider: sdl2
Tue, 09 Sep 2025 07:36:11.299454 GMT [INFO] GL: Using the "OpenGL" graphics system
Tue, 09 Sep 2025 07:36:11.299735 GMT [INFO] [INFO   ] [GL          ] Using the "OpenGL" graphics system
Tue, 09 Sep 2025 07:36:11.300197 GMT [INFO] GL: Backend used <sdl2>
Tue, 09 Sep 2025 07:36:11.300361 GMT [INFO] [INFO   ] [GL          ] Backend used <sdl2>
Tue, 09 Sep 2025 07:36:11.300509 GMT [INFO] GL: OpenGL version <b'4.6 (Compatibility Profile) Mesa 24.0.0-devel (git-3ca1f35cbf)'>
Tue, 09 Sep 2025 07:36:11.300608 GMT [INFO] [INFO   ] [GL          ] OpenGL version <b'4.6 (Compatibility Profile) Mesa 24.0.0-devel (git-3ca1f35cbf)'>
Tue, 09 Sep 2025 07:36:11.300711 GMT [INFO] GL: OpenGL vendor <b'Intel'>
Tue, 09 Sep 2025 07:36:11.300788 GMT [INFO] [INFO   ] [GL          ] OpenGL vendor <b'Intel'>
Tue, 09 Sep 2025 07:36:11.300868 GMT [INFO] GL: OpenGL renderer <b'Mesa Intel(R) Xe Graphics (TGL GT2)'>
Tue, 09 Sep 2025 07:36:11.300950 GMT [INFO] [INFO   ] [GL          ] OpenGL renderer <b'Mesa Intel(R) Xe Graphics (TGL GT2)'>
Tue, 09 Sep 2025 07:36:11.301041 GMT [INFO] GL: OpenGL parsed version: 4, 6
Tue, 09 Sep 2025 07:36:11.301119 GMT [INFO] [INFO   ] [GL          ] OpenGL parsed version: 4, 6
Tue, 09 Sep 2025 07:36:11.301198 GMT [INFO] GL: Shading version <b'4.60'>
Tue, 09 Sep 2025 07:36:11.301274 GMT [INFO] [INFO   ] [GL          ] Shading version <b'4.60'>
Tue, 09 Sep 2025 07:36:11.301476 GMT [INFO] GL: Texture max size <16384>
Tue, 09 Sep 2025 07:36:11.301558 GMT [INFO] [INFO   ] [GL          ] Texture max size <16384>
Tue, 09 Sep 2025 07:36:11.301642 GMT [INFO] GL: Texture max units <32>
Tue, 09 Sep 2025 07:36:11.301721 GMT [INFO] [INFO   ] [GL          ] Texture max units <32>
Tue, 09 Sep 2025 07:36:11.316098 GMT [INFO] Window: auto add sdl2 input provider
Tue, 09 Sep 2025 07:36:11.316331 GMT [INFO] [INFO   ] [Window      ] auto add sdl2 input provider
Tue, 09 Sep 2025 07:36:11.316700 GMT [INFO] Window: virtual keyboard not allowed, single mode, not docked
Tue, 09 Sep 2025 07:36:11.316815 GMT [INFO] [INFO   ] [Window      ] virtual keyboard not allowed, single mode, not docked
Tue, 09 Sep 2025 07:36:11.331998 GMT [INFO] Text: Provider: sdl2
Tue, 09 Sep 2025 07:36:11.332194 GMT [INFO] [INFO   ] [Text        ] Provider: sdl2
Tue, 09 Sep 2025 07:36:11.345335 GMT [INFO] GL: NPOT texture support is available
Tue, 09 Sep 2025 07:36:11.345550 GMT [INFO] [INFO   ] [GL          ] NPOT texture support is available
Tue, 09 Sep 2025 07:36:11.355100 GMT [INFO] Clipboard: Provider: xsel(['clipboard_xclip'] ignored)
Tue, 09 Sep 2025 07:36:11.355323 GMT [INFO] [INFO   ] [Clipboard   ] Provider: xsel(['clipboard_xclip'] ignored)
Tue, 09 Sep 2025 07:36:11.355431 GMT [INFO] CutBuffer: cut buffer support enabled
Tue, 09 Sep 2025 07:36:11.355515 GMT [INFO] [INFO   ] [CutBuffer   ] cut buffer support enabled
Tue, 09 Sep 2025 07:36:11.436660 GMT [INFO] Base: Start application main loop
Tue, 09 Sep 2025 07:36:11.436916 GMT [INFO] [INFO   ] [Base        ] Start application main loop
Tue, 09 Sep 2025 07:36:23.587184 GMT [INFO] Base: Leaving application in progress...
Tue, 09 Sep 2025 07:36:23.587473 GMT [INFO] [INFO   ] [Base        ] Leaving application in progress...

********************************************************************************
APP STARTED at Tue, 09 Sep 2025 07:38:17.515371 GMT
Tue, 09 Sep 2025 07:38:17.527973 GMT [INFO] Kivy: v2.3.1
Tue, 09 Sep 2025 07:38:17.528242 GMT [INFO] Logger: Record log in /home/cai_test_wi/.kivy/logs/kivy_25-09-09_45.txt
Tue, 09 Sep 2025 07:38:17.528355 GMT [INFO] [INFO   ] [Logger      ] Record log in /home/cai_test_wi/.kivy/logs/kivy_25-09-09_45.txt
Tue, 09 Sep 2025 07:38:17.528427 GMT [INFO] [INFO   ] [Kivy        ] v2.3.1
Tue, 09 Sep 2025 07:38:17.528469 GMT [INFO] Kivy: Installed at "/home/cai_test_wi/.local/lib/python3.10/site-packages/kivy/__init__.py"
Tue, 09 Sep 2025 07:38:17.528509 GMT [INFO] [INFO   ] [Kivy        ] Installed at "/home/cai_test_wi/.local/lib/python3.10/site-packages/kivy/__init__.py"
Tue, 09 Sep 2025 07:38:17.528553 GMT [INFO] Python: v3.10.12 (main, May 27 2025, 17:12:29) [GCC 11.4.0]
Tue, 09 Sep 2025 07:38:17.528588 GMT [INFO] [INFO   ] [Python      ] v3.10.12 (main, May 27 2025, 17:12:29) [GCC 11.4.0]
Tue, 09 Sep 2025 07:38:17.528626 GMT [INFO] Python: Interpreter at "/usr/bin/python3"
Tue, 09 Sep 2025 07:38:17.528661 GMT [INFO] [INFO   ] [Python      ] Interpreter at "/usr/bin/python3"
Tue, 09 Sep 2025 07:38:17.528756 GMT [INFO] Logger: Purge log fired. Processing...
Tue, 09 Sep 2025 07:38:17.528873 GMT [INFO] [INFO   ] [Logger      ] Purge log fired. Processing...
Tue, 09 Sep 2025 07:38:17.529487 GMT [INFO] Logger: Purge finished!
Tue, 09 Sep 2025 07:38:17.529545 GMT [INFO] [INFO   ] [Logger      ] Purge finished!
Tue, 09 Sep 2025 07:38:17.549634 GMT [INFO] Factory: 195 symbols loaded
Tue, 09 Sep 2025 07:38:17.549769 GMT [INFO] [INFO   ] [Factory     ] 195 symbols loaded
Tue, 09 Sep 2025 07:38:17.601374 GMT [INFO] Image: Providers: img_tex, img_dds, img_sdl2, img_pil (img_ffpyplayer ignored)
Tue, 09 Sep 2025 07:38:17.601486 GMT [INFO] [INFO   ] [Image       ] Providers: img_tex, img_dds, img_sdl2, img_pil (img_ffpyplayer ignored)
Tue, 09 Sep 2025 07:38:17.610987 GMT [INFO] Window: Provider: sdl2
Tue, 09 Sep 2025 07:38:17.611149 GMT [INFO] [INFO   ] [Window      ] Provider: sdl2
Tue, 09 Sep 2025 07:38:17.702125 GMT [INFO] GL: Using the "OpenGL" graphics system
Tue, 09 Sep 2025 07:38:17.702277 GMT [INFO] [INFO   ] [GL          ] Using the "OpenGL" graphics system
Tue, 09 Sep 2025 07:38:17.702467 GMT [INFO] GL: Backend used <sdl2>
Tue, 09 Sep 2025 07:38:17.702523 GMT [INFO] [INFO   ] [GL          ] Backend used <sdl2>
Tue, 09 Sep 2025 07:38:17.702613 GMT [INFO] GL: OpenGL version <b'4.6 (Compatibility Profile) Mesa 24.0.0-devel (git-3ca1f35cbf)'>
Tue, 09 Sep 2025 07:38:17.702674 GMT [INFO] [INFO   ] [GL          ] OpenGL version <b'4.6 (Compatibility Profile) Mesa 24.0.0-devel (git-3ca1f35cbf)'>
Tue, 09 Sep 2025 07:38:17.702737 GMT [INFO] GL: OpenGL vendor <b'Intel'>
Tue, 09 Sep 2025 07:38:17.702797 GMT [INFO] [INFO   ] [GL          ] OpenGL vendor <b'Intel'>
Tue, 09 Sep 2025 07:38:17.702865 GMT [INFO] GL: OpenGL renderer <b'Mesa Intel(R) Xe Graphics (TGL GT2)'>
Tue, 09 Sep 2025 07:38:17.702936 GMT [INFO] [INFO   ] [GL          ] OpenGL renderer <b'Mesa Intel(R) Xe Graphics (TGL GT2)'>
Tue, 09 Sep 2025 07:38:17.703015 GMT [INFO] GL: OpenGL parsed version: 4, 6
Tue, 09 Sep 2025 07:38:17.703077 GMT [INFO] [INFO   ] [GL          ] OpenGL parsed version: 4, 6
Tue, 09 Sep 2025 07:38:17.703142 GMT [INFO] GL: Shading version <b'4.60'>
Tue, 09 Sep 2025 07:38:17.703198 GMT [INFO] [INFO   ] [GL          ] Shading version <b'4.60'>
Tue, 09 Sep 2025 07:38:17.703396 GMT [INFO] GL: Texture max size <16384>
Tue, 09 Sep 2025 07:38:17.703471 GMT [INFO] [INFO   ] [GL          ] Texture max size <16384>
Tue, 09 Sep 2025 07:38:17.703546 GMT [INFO] GL: Texture max units <32>
Tue, 09 Sep 2025 07:38:17.703609 GMT [INFO] [INFO   ] [GL          ] Texture max units <32>
Tue, 09 Sep 2025 07:38:17.712731 GMT [INFO] Window: auto add sdl2 input provider
Tue, 09 Sep 2025 07:38:17.712916 GMT [INFO] [INFO   ] [Window      ] auto add sdl2 input provider
Tue, 09 Sep 2025 07:38:17.713151 GMT [INFO] Window: virtual keyboard not allowed, single mode, not docked
Tue, 09 Sep 2025 07:38:17.713220 GMT [INFO] [INFO   ] [Window      ] virtual keyboard not allowed, single mode, not docked
Tue, 09 Sep 2025 07:38:17.723120 GMT [INFO] Text: Provider: sdl2
Tue, 09 Sep 2025 07:38:17.723284 GMT [INFO] [INFO   ] [Text        ] Provider: sdl2
Tue, 09 Sep 2025 07:38:17.784640 GMT [INFO] GL: NPOT texture support is available
Tue, 09 Sep 2025 07:38:17.784774 GMT [INFO] [INFO   ] [GL          ] NPOT texture support is available
Tue, 09 Sep 2025 07:38:17.791045 GMT [INFO] Clipboard: Provider: xsel(['clipboard_xclip'] ignored)
Tue, 09 Sep 2025 07:38:17.791162 GMT [INFO] [INFO   ] [Clipboard   ] Provider: xsel(['clipboard_xclip'] ignored)
Tue, 09 Sep 2025 07:38:17.791216 GMT [INFO] CutBuffer: cut buffer support enabled
Tue, 09 Sep 2025 07:38:17.791260 GMT [INFO] [INFO   ] [CutBuffer   ] cut buffer support enabled
Tue, 09 Sep 2025 07:38:17.850652 GMT [INFO] Base: Start application main loop
Tue, 09 Sep 2025 07:38:17.851003 GMT [INFO] [INFO   ] [Base        ] Start application main loop
Tue, 09 Sep 2025 07:38:23.677338 GMT [INFO] Base: Leaving application in progress...
Tue, 09 Sep 2025 07:38:23.677547 GMT [INFO] [INFO   ] [Base        ] Leaving application in progress...

********************************************************************************
APP STARTED at Tue, 09 Sep 2025 07:38:25.807049 GMT
Tue, 09 Sep 2025 07:38:25.819130 GMT [INFO] Kivy: v2.3.1
Tue, 09 Sep 2025 07:38:25.819342 GMT [INFO] Logger: Record log in /home/cai_test_wi/.kivy/logs/kivy_25-09-09_46.txt
Tue, 09 Sep 2025 07:38:25.819440 GMT [INFO] [INFO   ] [Logger      ] Record log in /home/cai_test_wi/.kivy/logs/kivy_25-09-09_46.txt
Tue, 09 Sep 2025 07:38:25.819519 GMT [INFO] [INFO   ] [Kivy        ] v2.3.1
Tue, 09 Sep 2025 07:38:25.819566 GMT [INFO] Kivy: Installed at "/home/cai_test_wi/.local/lib/python3.10/site-packages/kivy/__init__.py"
Tue, 09 Sep 2025 07:38:25.819604 GMT [INFO] [INFO   ] [Kivy        ] Installed at "/home/cai_test_wi/.local/lib/python3.10/site-packages/kivy/__init__.py"
Tue, 09 Sep 2025 07:38:25.819648 GMT [INFO] Python: v3.10.12 (main, May 27 2025, 17:12:29) [GCC 11.4.0]
Tue, 09 Sep 2025 07:38:25.819683 GMT [INFO] [INFO   ] [Python      ] v3.10.12 (main, May 27 2025, 17:12:29) [GCC 11.4.0]
Tue, 09 Sep 2025 07:38:25.819720 GMT [INFO] Python: Interpreter at "/usr/bin/python3"
Tue, 09 Sep 2025 07:38:25.819754 GMT [INFO] [INFO   ] [Python      ] Interpreter at "/usr/bin/python3"
Tue, 09 Sep 2025 07:38:25.819811 GMT [INFO] Logger: Purge log fired. Processing...
Tue, 09 Sep 2025 07:38:25.819890 GMT [INFO] [INFO   ] [Logger      ] Purge log fired. Processing...
Tue, 09 Sep 2025 07:38:25.820716 GMT [INFO] Logger: Purge finished!
Tue, 09 Sep 2025 07:38:25.820794 GMT [INFO] [INFO   ] [Logger      ] Purge finished!
Tue, 09 Sep 2025 07:38:25.840182 GMT [INFO] Factory: 195 symbols loaded
Tue, 09 Sep 2025 07:38:25.840296 GMT [INFO] [INFO   ] [Factory     ] 195 symbols loaded
Tue, 09 Sep 2025 07:38:25.887704 GMT [INFO] Image: Providers: img_tex, img_dds, img_sdl2, img_pil (img_ffpyplayer ignored)
Tue, 09 Sep 2025 07:38:25.887818 GMT [INFO] [INFO   ] [Image       ] Providers: img_tex, img_dds, img_sdl2, img_pil (img_ffpyplayer ignored)
Tue, 09 Sep 2025 07:38:25.896246 GMT [INFO] Window: Provider: sdl2
Tue, 09 Sep 2025 07:38:25.896353 GMT [INFO] [INFO   ] [Window      ] Provider: sdl2
Tue, 09 Sep 2025 07:38:25.972641 GMT [INFO] GL: Using the "OpenGL" graphics system
Tue, 09 Sep 2025 07:38:25.972806 GMT [INFO] [INFO   ] [GL          ] Using the "OpenGL" graphics system
Tue, 09 Sep 2025 07:38:25.973005 GMT [INFO] GL: Backend used <sdl2>
Tue, 09 Sep 2025 07:38:25.973065 GMT [INFO] [INFO   ] [GL          ] Backend used <sdl2>
Tue, 09 Sep 2025 07:38:25.973122 GMT [INFO] GL: OpenGL version <b'4.6 (Compatibility Profile) Mesa 24.0.0-devel (git-3ca1f35cbf)'>
Tue, 09 Sep 2025 07:38:25.973174 GMT [INFO] [INFO   ] [GL          ] OpenGL version <b'4.6 (Compatibility Profile) Mesa 24.0.0-devel (git-3ca1f35cbf)'>
Tue, 09 Sep 2025 07:38:25.973238 GMT [INFO] GL: OpenGL vendor <b'Intel'>
Tue, 09 Sep 2025 07:38:25.973303 GMT [INFO] [INFO   ] [GL          ] OpenGL vendor <b'Intel'>
Tue, 09 Sep 2025 07:38:25.973371 GMT [INFO] GL: OpenGL renderer <b'Mesa Intel(R) Xe Graphics (TGL GT2)'>
Tue, 09 Sep 2025 07:38:25.973438 GMT [INFO] [INFO   ] [GL          ] OpenGL renderer <b'Mesa Intel(R) Xe Graphics (TGL GT2)'>
Tue, 09 Sep 2025 07:38:25.973507 GMT [INFO] GL: OpenGL parsed version: 4, 6
Tue, 09 Sep 2025 07:38:25.973567 GMT [INFO] [INFO   ] [GL          ] OpenGL parsed version: 4, 6
Tue, 09 Sep 2025 07:38:25.973634 GMT [INFO] GL: Shading version <b'4.60'>
Tue, 09 Sep 2025 07:38:25.973696 GMT [INFO] [INFO   ] [GL          ] Shading version <b'4.60'>
Tue, 09 Sep 2025 07:38:25.973896 GMT [INFO] GL: Texture max size <16384>
Tue, 09 Sep 2025 07:38:25.973976 GMT [INFO] [INFO   ] [GL          ] Texture max size <16384>
Tue, 09 Sep 2025 07:38:25.974046 GMT [INFO] GL: Texture max units <32>
Tue, 09 Sep 2025 07:38:25.974090 GMT [INFO] [INFO   ] [GL          ] Texture max units <32>
Tue, 09 Sep 2025 07:38:25.983254 GMT [INFO] Window: auto add sdl2 input provider
Tue, 09 Sep 2025 07:38:25.983394 GMT [INFO] [INFO   ] [Window      ] auto add sdl2 input provider
Tue, 09 Sep 2025 07:38:25.983594 GMT [INFO] Window: virtual keyboard not allowed, single mode, not docked
Tue, 09 Sep 2025 07:38:25.983655 GMT [INFO] [INFO   ] [Window      ] virtual keyboard not allowed, single mode, not docked
Tue, 09 Sep 2025 07:38:25.994602 GMT [INFO] Text: Provider: sdl2
Tue, 09 Sep 2025 07:38:25.994780 GMT [INFO] [INFO   ] [Text        ] Provider: sdl2
Tue, 09 Sep 2025 07:38:26.052924 GMT [INFO] GL: NPOT texture support is available
Tue, 09 Sep 2025 07:38:26.053067 GMT [INFO] [INFO   ] [GL          ] NPOT texture support is available
Tue, 09 Sep 2025 07:38:26.059759 GMT [INFO] Clipboard: Provider: xsel(['clipboard_xclip'] ignored)
Tue, 09 Sep 2025 07:38:26.059899 GMT [INFO] [INFO   ] [Clipboard   ] Provider: xsel(['clipboard_xclip'] ignored)
Tue, 09 Sep 2025 07:38:26.059981 GMT [INFO] CutBuffer: cut buffer support enabled
Tue, 09 Sep 2025 07:38:26.060066 GMT [INFO] [INFO   ] [CutBuffer   ] cut buffer support enabled
Tue, 09 Sep 2025 07:38:26.124935 GMT [INFO] Base: Start application main loop
Tue, 09 Sep 2025 07:38:26.125077 GMT [INFO] [INFO   ] [Base        ] Start application main loop
Tue, 09 Sep 2025 07:38:30.842349 GMT [INFO] Base: Leaving application in progress...
Tue, 09 Sep 2025 07:38:30.842542 GMT [INFO] [INFO   ] [Base        ] Leaving application in progress...

********************************************************************************
APP STARTED at Tue, 09 Sep 2025 07:39:41.924898 GMT
Tue, 09 Sep 2025 07:39:41.936959 GMT [INFO] Kivy: v2.3.1
Tue, 09 Sep 2025 07:39:41.937229 GMT [INFO] Logger: Record log in /home/cai_test_wi/.kivy/logs/kivy_25-09-09_47.txt
Tue, 09 Sep 2025 07:39:41.937345 GMT [INFO] [INFO   ] [Logger      ] Record log in /home/cai_test_wi/.kivy/logs/kivy_25-09-09_47.txt
Tue, 09 Sep 2025 07:39:41.937423 GMT [INFO] [INFO   ] [Kivy        ] v2.3.1
Tue, 09 Sep 2025 07:39:41.937470 GMT [INFO] Kivy: Installed at "/home/cai_test_wi/.local/lib/python3.10/site-packages/kivy/__init__.py"
Tue, 09 Sep 2025 07:39:41.937507 GMT [INFO] [INFO   ] [Kivy        ] Installed at "/home/cai_test_wi/.local/lib/python3.10/site-packages/kivy/__init__.py"
Tue, 09 Sep 2025 07:39:41.937551 GMT [INFO] Python: v3.10.12 (main, May 27 2025, 17:12:29) [GCC 11.4.0]
Tue, 09 Sep 2025 07:39:41.937588 GMT [INFO] [INFO   ] [Python      ] v3.10.12 (main, May 27 2025, 17:12:29) [GCC 11.4.0]
Tue, 09 Sep 2025 07:39:41.937625 GMT [INFO] Python: Interpreter at "/usr/bin/python3"
Tue, 09 Sep 2025 07:39:41.937660 GMT [INFO] [INFO   ] [Python      ] Interpreter at "/usr/bin/python3"
Tue, 09 Sep 2025 07:39:41.937720 GMT [INFO] Logger: Purge log fired. Processing...
Tue, 09 Sep 2025 07:39:41.937802 GMT [INFO] [INFO   ] [Logger      ] Purge log fired. Processing...
Tue, 09 Sep 2025 07:39:41.938423 GMT [INFO] Logger: Purge finished!
Tue, 09 Sep 2025 07:39:41.938477 GMT [INFO] [INFO   ] [Logger      ] Purge finished!
Tue, 09 Sep 2025 07:39:41.957727 GMT [INFO] Factory: 195 symbols loaded
Tue, 09 Sep 2025 07:39:41.957837 GMT [INFO] [INFO   ] [Factory     ] 195 symbols loaded
Tue, 09 Sep 2025 07:39:42.005428 GMT [INFO] Image: Providers: img_tex, img_dds, img_sdl2, img_pil (img_ffpyplayer ignored)
Tue, 09 Sep 2025 07:39:42.005532 GMT [INFO] [INFO   ] [Image       ] Providers: img_tex, img_dds, img_sdl2, img_pil (img_ffpyplayer ignored)
Tue, 09 Sep 2025 07:39:42.014137 GMT [INFO] Window: Provider: sdl2
Tue, 09 Sep 2025 07:39:42.014230 GMT [INFO] [INFO   ] [Window      ] Provider: sdl2
Tue, 09 Sep 2025 07:39:42.087877 GMT [INFO] GL: Using the "OpenGL" graphics system
Tue, 09 Sep 2025 07:39:42.088135 GMT [INFO] [INFO   ] [GL          ] Using the "OpenGL" graphics system
Tue, 09 Sep 2025 07:39:42.088428 GMT [INFO] GL: Backend used <sdl2>
Tue, 09 Sep 2025 07:39:42.088542 GMT [INFO] [INFO   ] [GL          ] Backend used <sdl2>
Tue, 09 Sep 2025 07:39:42.088640 GMT [INFO] GL: OpenGL version <b'4.6 (Compatibility Profile) Mesa 24.0.0-devel (git-3ca1f35cbf)'>
Tue, 09 Sep 2025 07:39:42.088707 GMT [INFO] [INFO   ] [GL          ] OpenGL version <b'4.6 (Compatibility Profile) Mesa 24.0.0-devel (git-3ca1f35cbf)'>
Tue, 09 Sep 2025 07:39:42.088771 GMT [INFO] GL: OpenGL vendor <b'Intel'>
Tue, 09 Sep 2025 07:39:42.088834 GMT [INFO] [INFO   ] [GL          ] OpenGL vendor <b'Intel'>
Tue, 09 Sep 2025 07:39:42.088901 GMT [INFO] GL: OpenGL renderer <b'Mesa Intel(R) Xe Graphics (TGL GT2)'>
Tue, 09 Sep 2025 07:39:42.089141 GMT [INFO] [INFO   ] [GL          ] OpenGL renderer <b'Mesa Intel(R) Xe Graphics (TGL GT2)'>
Tue, 09 Sep 2025 07:39:42.089244 GMT [INFO] GL: OpenGL parsed version: 4, 6
Tue, 09 Sep 2025 07:39:42.089314 GMT [INFO] [INFO   ] [GL          ] OpenGL parsed version: 4, 6
Tue, 09 Sep 2025 07:39:42.089382 GMT [INFO] GL: Shading version <b'4.60'>
Tue, 09 Sep 2025 07:39:42.089442 GMT [INFO] [INFO   ] [GL          ] Shading version <b'4.60'>
Tue, 09 Sep 2025 07:39:42.089641 GMT [INFO] GL: Texture max size <16384>
Tue, 09 Sep 2025 07:39:42.089718 GMT [INFO] [INFO   ] [GL          ] Texture max size <16384>
Tue, 09 Sep 2025 07:39:42.089794 GMT [INFO] GL: Texture max units <32>
Tue, 09 Sep 2025 07:39:42.089857 GMT [INFO] [INFO   ] [GL          ] Texture max units <32>
Tue, 09 Sep 2025 07:39:42.102077 GMT [INFO] Window: auto add sdl2 input provider
Tue, 09 Sep 2025 07:39:42.102266 GMT [INFO] [INFO   ] [Window      ] auto add sdl2 input provider
Tue, 09 Sep 2025 07:39:42.102572 GMT [INFO] Window: virtual keyboard not allowed, single mode, not docked
Tue, 09 Sep 2025 07:39:42.102685 GMT [INFO] [INFO   ] [Window      ] virtual keyboard not allowed, single mode, not docked
Tue, 09 Sep 2025 07:39:42.113415 GMT [INFO] Text: Provider: sdl2
Tue, 09 Sep 2025 07:39:42.113534 GMT [INFO] [INFO   ] [Text        ] Provider: sdl2
Tue, 09 Sep 2025 07:39:42.162597 GMT [INFO] GL: NPOT texture support is available
Tue, 09 Sep 2025 07:39:42.162738 GMT [INFO] [INFO   ] [GL          ] NPOT texture support is available
Tue, 09 Sep 2025 07:39:42.169056 GMT [INFO] Clipboard: Provider: xsel(['clipboard_xclip'] ignored)
Tue, 09 Sep 2025 07:39:42.169184 GMT [INFO] [INFO   ] [Clipboard   ] Provider: xsel(['clipboard_xclip'] ignored)
Tue, 09 Sep 2025 07:39:42.169238 GMT [INFO] CutBuffer: cut buffer support enabled
Tue, 09 Sep 2025 07:39:42.169281 GMT [INFO] [INFO   ] [CutBuffer   ] cut buffer support enabled
Tue, 09 Sep 2025 07:39:42.222363 GMT [INFO] Base: Start application main loop
Tue, 09 Sep 2025 07:39:42.222492 GMT [INFO] [INFO   ] [Base        ] Start application main loop
Tue, 09 Sep 2025 07:39:46.828638 GMT [INFO] Base: Leaving application in progress...
Tue, 09 Sep 2025 07:39:46.828785 GMT [INFO] [INFO   ] [Base        ] Leaving application in progress...

********************************************************************************
APP STARTED at Tue, 09 Sep 2025 07:40:01.994176 GMT
Tue, 09 Sep 2025 07:40:02.006557 GMT [INFO] Kivy: v2.3.1
Tue, 09 Sep 2025 07:40:02.006804 GMT [INFO] Logger: Record log in /home/cai_test_wi/.kivy/logs/kivy_25-09-09_48.txt
Tue, 09 Sep 2025 07:40:02.006898 GMT [INFO] [INFO   ] [Logger      ] Record log in /home/cai_test_wi/.kivy/logs/kivy_25-09-09_48.txt
Tue, 09 Sep 2025 07:40:02.006974 GMT [INFO] [INFO   ] [Kivy        ] v2.3.1
Tue, 09 Sep 2025 07:40:02.007024 GMT [INFO] Kivy: Installed at "/home/cai_test_wi/.local/lib/python3.10/site-packages/kivy/__init__.py"
Tue, 09 Sep 2025 07:40:02.007061 GMT [INFO] [INFO   ] [Kivy        ] Installed at "/home/cai_test_wi/.local/lib/python3.10/site-packages/kivy/__init__.py"
Tue, 09 Sep 2025 07:40:02.007104 GMT [INFO] Python: v3.10.12 (main, May 27 2025, 17:12:29) [GCC 11.4.0]
Tue, 09 Sep 2025 07:40:02.007140 GMT [INFO] [INFO   ] [Python      ] v3.10.12 (main, May 27 2025, 17:12:29) [GCC 11.4.0]
Tue, 09 Sep 2025 07:40:02.007177 GMT [INFO] Python: Interpreter at "/usr/bin/python3"
Tue, 09 Sep 2025 07:40:02.007212 GMT [INFO] [INFO   ] [Python      ] Interpreter at "/usr/bin/python3"
Tue, 09 Sep 2025 07:40:02.007270 GMT [INFO] Logger: Purge log fired. Processing...
Tue, 09 Sep 2025 07:40:02.007351 GMT [INFO] [INFO   ] [Logger      ] Purge log fired. Processing...
Tue, 09 Sep 2025 07:40:02.007953 GMT [INFO] Logger: Purge finished!
Tue, 09 Sep 2025 07:40:02.008010 GMT [INFO] [INFO   ] [Logger      ] Purge finished!
Tue, 09 Sep 2025 07:40:02.028165 GMT [INFO] Factory: 195 symbols loaded
Tue, 09 Sep 2025 07:40:02.028278 GMT [INFO] [INFO   ] [Factory     ] 195 symbols loaded
Tue, 09 Sep 2025 07:40:02.076209 GMT [INFO] Image: Providers: img_tex, img_dds, img_sdl2, img_pil (img_ffpyplayer ignored)
Tue, 09 Sep 2025 07:40:02.076315 GMT [INFO] [INFO   ] [Image       ] Providers: img_tex, img_dds, img_sdl2, img_pil (img_ffpyplayer ignored)
Tue, 09 Sep 2025 07:40:02.084903 GMT [INFO] Window: Provider: sdl2
Tue, 09 Sep 2025 07:40:02.085013 GMT [INFO] [INFO   ] [Window      ] Provider: sdl2
Tue, 09 Sep 2025 07:40:02.173339 GMT [INFO] GL: Using the "OpenGL" graphics system
Tue, 09 Sep 2025 07:40:02.173543 GMT [INFO] [INFO   ] [GL          ] Using the "OpenGL" graphics system
Tue, 09 Sep 2025 07:40:02.173760 GMT [INFO] GL: Backend used <sdl2>
Tue, 09 Sep 2025 07:40:02.173841 GMT [INFO] [INFO   ] [GL          ] Backend used <sdl2>
Tue, 09 Sep 2025 07:40:02.173923 GMT [INFO] GL: OpenGL version <b'4.6 (Compatibility Profile) Mesa 24.0.0-devel (git-3ca1f35cbf)'>
Tue, 09 Sep 2025 07:40:02.173992 GMT [INFO] [INFO   ] [GL          ] OpenGL version <b'4.6 (Compatibility Profile) Mesa 24.0.0-devel (git-3ca1f35cbf)'>
Tue, 09 Sep 2025 07:40:02.174049 GMT [INFO] GL: OpenGL vendor <b'Intel'>
Tue, 09 Sep 2025 07:40:02.174108 GMT [INFO] [INFO   ] [GL          ] OpenGL vendor <b'Intel'>
Tue, 09 Sep 2025 07:40:02.174167 GMT [INFO] GL: OpenGL renderer <b'Mesa Intel(R) Xe Graphics (TGL GT2)'>
Tue, 09 Sep 2025 07:40:02.174230 GMT [INFO] [INFO   ] [GL          ] OpenGL renderer <b'Mesa Intel(R) Xe Graphics (TGL GT2)'>
Tue, 09 Sep 2025 07:40:02.174304 GMT [INFO] GL: OpenGL parsed version: 4, 6
Tue, 09 Sep 2025 07:40:02.174363 GMT [INFO] [INFO   ] [GL          ] OpenGL parsed version: 4, 6
Tue, 09 Sep 2025 07:40:02.174428 GMT [INFO] GL: Shading version <b'4.60'>
Tue, 09 Sep 2025 07:40:02.174482 GMT [INFO] [INFO   ] [GL          ] Shading version <b'4.60'>
Tue, 09 Sep 2025 07:40:02.174725 GMT [INFO] GL: Texture max size <16384>
Tue, 09 Sep 2025 07:40:02.174777 GMT [INFO] [INFO   ] [GL          ] Texture max size <16384>
Tue, 09 Sep 2025 07:40:02.174823 GMT [INFO] GL: Texture max units <32>
Tue, 09 Sep 2025 07:40:02.174861 GMT [INFO] [INFO   ] [GL          ] Texture max units <32>
Tue, 09 Sep 2025 07:40:02.183664 GMT [INFO] Window: auto add sdl2 input provider
Tue, 09 Sep 2025 07:40:02.183791 GMT [INFO] [INFO   ] [Window      ] auto add sdl2 input provider
Tue, 09 Sep 2025 07:40:02.183990 GMT [INFO] Window: virtual keyboard not allowed, single mode, not docked
Tue, 09 Sep 2025 07:40:02.184057 GMT [INFO] [INFO   ] [Window      ] virtual keyboard not allowed, single mode, not docked
Tue, 09 Sep 2025 07:40:02.194772 GMT [INFO] Text: Provider: sdl2
Tue, 09 Sep 2025 07:40:02.194893 GMT [INFO] [INFO   ] [Text        ] Provider: sdl2
Tue, 09 Sep 2025 07:40:02.244334 GMT [INFO] GL: NPOT texture support is available
Tue, 09 Sep 2025 07:40:02.244460 GMT [INFO] [INFO   ] [GL          ] NPOT texture support is available
Tue, 09 Sep 2025 07:40:02.250816 GMT [INFO] Clipboard: Provider: xsel(['clipboard_xclip'] ignored)
Tue, 09 Sep 2025 07:40:02.250942 GMT [INFO] [INFO   ] [Clipboard   ] Provider: xsel(['clipboard_xclip'] ignored)
Tue, 09 Sep 2025 07:40:02.251002 GMT [INFO] CutBuffer: cut buffer support enabled
Tue, 09 Sep 2025 07:40:02.251046 GMT [INFO] [INFO   ] [CutBuffer   ] cut buffer support enabled
Tue, 09 Sep 2025 07:40:02.302913 GMT [INFO] Base: Start application main loop
Tue, 09 Sep 2025 07:40:02.303050 GMT [INFO] [INFO   ] [Base        ] Start application main loop
Tue, 09 Sep 2025 07:40:08.269746 GMT [INFO] Base: Leaving application in progress...
Tue, 09 Sep 2025 07:40:08.269902 GMT [INFO] [INFO   ] [Base        ] Leaving application in progress...

********************************************************************************
APP STARTED at Tue, 09 Sep 2025 07:42:46.839461 GMT
Tue, 09 Sep 2025 07:42:46.851383 GMT [INFO] Kivy: v2.3.1
Tue, 09 Sep 2025 07:42:46.851590 GMT [INFO] Logger: Record log in /home/cai_test_wi/.kivy/logs/kivy_25-09-09_49.txt
Tue, 09 Sep 2025 07:42:46.851670 GMT [INFO] [INFO   ] [Logger      ] Record log in /home/cai_test_wi/.kivy/logs/kivy_25-09-09_49.txt
Tue, 09 Sep 2025 07:42:46.851737 GMT [INFO] [INFO   ] [Kivy        ] v2.3.1
Tue, 09 Sep 2025 07:42:46.851779 GMT [INFO] Kivy: Installed at "/home/cai_test_wi/.local/lib/python3.10/site-packages/kivy/__init__.py"
Tue, 09 Sep 2025 07:42:46.851821 GMT [INFO] [INFO   ] [Kivy        ] Installed at "/home/cai_test_wi/.local/lib/python3.10/site-packages/kivy/__init__.py"
Tue, 09 Sep 2025 07:42:46.851863 GMT [INFO] Python: v3.10.12 (main, May 27 2025, 17:12:29) [GCC 11.4.0]
Tue, 09 Sep 2025 07:42:46.851898 GMT [INFO] [INFO   ] [Python      ] v3.10.12 (main, May 27 2025, 17:12:29) [GCC 11.4.0]
Tue, 09 Sep 2025 07:42:46.851937 GMT [INFO] Python: Interpreter at "/usr/bin/python3"
Tue, 09 Sep 2025 07:42:46.851978 GMT [INFO] [INFO   ] [Python      ] Interpreter at "/usr/bin/python3"
Tue, 09 Sep 2025 07:42:46.852033 GMT [INFO] Logger: Purge log fired. Processing...
Tue, 09 Sep 2025 07:42:46.852108 GMT [INFO] [INFO   ] [Logger      ] Purge log fired. Processing...
Tue, 09 Sep 2025 07:42:46.852696 GMT [INFO] Logger: Purge finished!
Tue, 09 Sep 2025 07:42:46.852745 GMT [INFO] [INFO   ] [Logger      ] Purge finished!
Tue, 09 Sep 2025 07:42:46.872163 GMT [INFO] Factory: 195 symbols loaded
Tue, 09 Sep 2025 07:42:46.872267 GMT [INFO] [INFO   ] [Factory     ] 195 symbols loaded
Tue, 09 Sep 2025 07:42:46.922111 GMT [INFO] Image: Providers: img_tex, img_dds, img_sdl2, img_pil (img_ffpyplayer ignored)
Tue, 09 Sep 2025 07:42:46.922212 GMT [INFO] [INFO   ] [Image       ] Providers: img_tex, img_dds, img_sdl2, img_pil (img_ffpyplayer ignored)
Tue, 09 Sep 2025 07:42:46.931270 GMT [INFO] Window: Provider: sdl2
Tue, 09 Sep 2025 07:42:46.931364 GMT [INFO] [INFO   ] [Window      ] Provider: sdl2
Tue, 09 Sep 2025 07:42:47.059048 GMT [INFO] GL: Using the "OpenGL" graphics system
Tue, 09 Sep 2025 07:42:47.059239 GMT [INFO] [INFO   ] [GL          ] Using the "OpenGL" graphics system
Tue, 09 Sep 2025 07:42:47.059489 GMT [INFO] GL: Backend used <sdl2>
Tue, 09 Sep 2025 07:42:47.059589 GMT [INFO] [INFO   ] [GL          ] Backend used <sdl2>
Tue, 09 Sep 2025 07:42:47.059682 GMT [INFO] GL: OpenGL version <b'4.6 (Compatibility Profile) Mesa 24.0.0-devel (git-3ca1f35cbf)'>
Tue, 09 Sep 2025 07:42:47.059747 GMT [INFO] [INFO   ] [GL          ] OpenGL version <b'4.6 (Compatibility Profile) Mesa 24.0.0-devel (git-3ca1f35cbf)'>
Tue, 09 Sep 2025 07:42:47.059809 GMT [INFO] GL: OpenGL vendor <b'Intel'>
Tue, 09 Sep 2025 07:42:47.059867 GMT [INFO] [INFO   ] [GL          ] OpenGL vendor <b'Intel'>
Tue, 09 Sep 2025 07:42:47.059929 GMT [INFO] GL: OpenGL renderer <b'Mesa Intel(R) Xe Graphics (TGL GT2)'>
Tue, 09 Sep 2025 07:42:47.060001 GMT [INFO] [INFO   ] [GL          ] OpenGL renderer <b'Mesa Intel(R) Xe Graphics (TGL GT2)'>
Tue, 09 Sep 2025 07:42:47.060073 GMT [INFO] GL: OpenGL parsed version: 4, 6
Tue, 09 Sep 2025 07:42:47.060128 GMT [INFO] [INFO   ] [GL          ] OpenGL parsed version: 4, 6
Tue, 09 Sep 2025 07:42:47.060192 GMT [INFO] GL: Shading version <b'4.60'>
Tue, 09 Sep 2025 07:42:47.060248 GMT [INFO] [INFO   ] [GL          ] Shading version <b'4.60'>
Tue, 09 Sep 2025 07:42:47.060401 GMT [INFO] GL: Texture max size <16384>
Tue, 09 Sep 2025 07:42:47.060451 GMT [INFO] [INFO   ] [GL          ] Texture max size <16384>
Tue, 09 Sep 2025 07:42:47.060495 GMT [INFO] GL: Texture max units <32>
Tue, 09 Sep 2025 07:42:47.060531 GMT [INFO] [INFO   ] [GL          ] Texture max units <32>
Tue, 09 Sep 2025 07:42:47.069401 GMT [INFO] Window: auto add sdl2 input provider
Tue, 09 Sep 2025 07:42:47.069539 GMT [INFO] [INFO   ] [Window      ] auto add sdl2 input provider
Tue, 09 Sep 2025 07:42:47.069798 GMT [INFO] Window: virtual keyboard not allowed, single mode, not docked
Tue, 09 Sep 2025 07:42:47.069868 GMT [INFO] [INFO   ] [Window      ] virtual keyboard not allowed, single mode, not docked
Tue, 09 Sep 2025 07:42:47.082435 GMT [INFO] Text: Provider: sdl2
Tue, 09 Sep 2025 07:42:47.082591 GMT [INFO] [INFO   ] [Text        ] Provider: sdl2
Tue, 09 Sep 2025 07:42:47.162366 GMT [INFO] GL: NPOT texture support is available
Tue, 09 Sep 2025 07:42:47.162493 GMT [INFO] [INFO   ] [GL          ] NPOT texture support is available
Tue, 09 Sep 2025 07:42:47.168675 GMT [INFO] Clipboard: Provider: xsel(['clipboard_xclip'] ignored)
Tue, 09 Sep 2025 07:42:47.168789 GMT [INFO] [INFO   ] [Clipboard   ] Provider: xsel(['clipboard_xclip'] ignored)
Tue, 09 Sep 2025 07:42:47.168850 GMT [INFO] CutBuffer: cut buffer support enabled
Tue, 09 Sep 2025 07:42:47.168891 GMT [INFO] [INFO   ] [CutBuffer   ] cut buffer support enabled
Tue, 09 Sep 2025 07:42:47.223923 GMT [INFO] Base: Start application main loop
Tue, 09 Sep 2025 07:42:47.224080 GMT [INFO] [INFO   ] [Base        ] Start application main loop
Tue, 09 Sep 2025 07:43:47.777961 GMT [INFO] Base: Leaving application in progress...
Tue, 09 Sep 2025 07:43:47.778243 GMT [INFO] [INFO   ] [Base        ] Leaving application in progress...

********************************************************************************
APP STARTED at Tue, 09 Sep 2025 07:44:19.538013 GMT
Tue, 09 Sep 2025 07:44:19.550261 GMT [INFO] Kivy: v2.3.1
Tue, 09 Sep 2025 07:44:19.550496 GMT [INFO] Logger: Record log in /home/cai_test_wi/.kivy/logs/kivy_25-09-09_50.txt
Tue, 09 Sep 2025 07:44:19.550578 GMT [INFO] [INFO   ] [Logger      ] Record log in /home/cai_test_wi/.kivy/logs/kivy_25-09-09_50.txt
Tue, 09 Sep 2025 07:44:19.550647 GMT [INFO] [INFO   ] [Kivy        ] v2.3.1
Tue, 09 Sep 2025 07:44:19.550687 GMT [INFO] Kivy: Installed at "/home/cai_test_wi/.local/lib/python3.10/site-packages/kivy/__init__.py"
Tue, 09 Sep 2025 07:44:19.550723 GMT [INFO] [INFO   ] [Kivy        ] Installed at "/home/cai_test_wi/.local/lib/python3.10/site-packages/kivy/__init__.py"
Tue, 09 Sep 2025 07:44:19.550764 GMT [INFO] Python: v3.10.12 (main, May 27 2025, 17:12:29) [GCC 11.4.0]
Tue, 09 Sep 2025 07:44:19.550798 GMT [INFO] [INFO   ] [Python      ] v3.10.12 (main, May 27 2025, 17:12:29) [GCC 11.4.0]
Tue, 09 Sep 2025 07:44:19.550835 GMT [INFO] Python: Interpreter at "/usr/bin/python3"
Tue, 09 Sep 2025 07:44:19.550869 GMT [INFO] [INFO   ] [Python      ] Interpreter at "/usr/bin/python3"
Tue, 09 Sep 2025 07:44:19.550925 GMT [INFO] Logger: Purge log fired. Processing...
Tue, 09 Sep 2025 07:44:19.551028 GMT [INFO] [INFO   ] [Logger      ] Purge log fired. Processing...
Tue, 09 Sep 2025 07:44:19.551616 GMT [INFO] Logger: Purge finished!
Tue, 09 Sep 2025 07:44:19.551670 GMT [INFO] [INFO   ] [Logger      ] Purge finished!
Tue, 09 Sep 2025 07:44:19.570636 GMT [INFO] Factory: 195 symbols loaded
Tue, 09 Sep 2025 07:44:19.570734 GMT [INFO] [INFO   ] [Factory     ] 195 symbols loaded
Tue, 09 Sep 2025 07:44:19.620764 GMT [INFO] Image: Providers: img_tex, img_dds, img_sdl2, img_pil (img_ffpyplayer ignored)
Tue, 09 Sep 2025 07:44:19.620867 GMT [INFO] [INFO   ] [Image       ] Providers: img_tex, img_dds, img_sdl2, img_pil (img_ffpyplayer ignored)
Tue, 09 Sep 2025 07:44:19.630407 GMT [INFO] Window: Provider: sdl2
Tue, 09 Sep 2025 07:44:19.630501 GMT [INFO] [INFO   ] [Window      ] Provider: sdl2
Tue, 09 Sep 2025 07:44:19.747333 GMT [INFO] GL: Using the "OpenGL" graphics system
Tue, 09 Sep 2025 07:44:19.747479 GMT [INFO] [INFO   ] [GL          ] Using the "OpenGL" graphics system
Tue, 09 Sep 2025 07:44:19.747660 GMT [INFO] GL: Backend used <sdl2>
Tue, 09 Sep 2025 07:44:19.747708 GMT [INFO] [INFO   ] [GL          ] Backend used <sdl2>
Tue, 09 Sep 2025 07:44:19.747760 GMT [INFO] GL: OpenGL version <b'4.6 (Compatibility Profile) Mesa 24.0.0-devel (git-3ca1f35cbf)'>
Tue, 09 Sep 2025 07:44:19.747802 GMT [INFO] [INFO   ] [GL          ] OpenGL version <b'4.6 (Compatibility Profile) Mesa 24.0.0-devel (git-3ca1f35cbf)'>
Tue, 09 Sep 2025 07:44:19.747858 GMT [INFO] GL: OpenGL vendor <b'Intel'>
Tue, 09 Sep 2025 07:44:19.747913 GMT [INFO] [INFO   ] [GL          ] OpenGL vendor <b'Intel'>
Tue, 09 Sep 2025 07:44:19.747985 GMT [INFO] GL: OpenGL renderer <b'Mesa Intel(R) Xe Graphics (TGL GT2)'>
Tue, 09 Sep 2025 07:44:19.748047 GMT [INFO] [INFO   ] [GL          ] OpenGL renderer <b'Mesa Intel(R) Xe Graphics (TGL GT2)'>
Tue, 09 Sep 2025 07:44:19.748119 GMT [INFO] GL: OpenGL parsed version: 4, 6
Tue, 09 Sep 2025 07:44:19.748176 GMT [INFO] [INFO   ] [GL          ] OpenGL parsed version: 4, 6
Tue, 09 Sep 2025 07:44:19.748238 GMT [INFO] GL: Shading version <b'4.60'>
Tue, 09 Sep 2025 07:44:19.748297 GMT [INFO] [INFO   ] [GL          ] Shading version <b'4.60'>
Tue, 09 Sep 2025 07:44:19.748493 GMT [INFO] GL: Texture max size <16384>
Tue, 09 Sep 2025 07:44:19.748579 GMT [INFO] [INFO   ] [GL          ] Texture max size <16384>
Tue, 09 Sep 2025 07:44:19.748641 GMT [INFO] GL: Texture max units <32>
Tue, 09 Sep 2025 07:44:19.748682 GMT [INFO] [INFO   ] [GL          ] Texture max units <32>
Tue, 09 Sep 2025 07:44:19.758205 GMT [INFO] Window: auto add sdl2 input provider
Tue, 09 Sep 2025 07:44:19.758330 GMT [INFO] [INFO   ] [Window      ] auto add sdl2 input provider
Tue, 09 Sep 2025 07:44:19.758534 GMT [INFO] Window: virtual keyboard not allowed, single mode, not docked
Tue, 09 Sep 2025 07:44:19.758593 GMT [INFO] [INFO   ] [Window      ] virtual keyboard not allowed, single mode, not docked
Tue, 09 Sep 2025 07:44:19.767881 GMT [INFO] Text: Provider: sdl2
Tue, 09 Sep 2025 07:44:19.767996 GMT [INFO] [INFO   ] [Text        ] Provider: sdl2
Tue, 09 Sep 2025 07:44:19.848956 GMT [INFO] GL: NPOT texture support is available
Tue, 09 Sep 2025 07:44:19.849082 GMT [INFO] [INFO   ] [GL          ] NPOT texture support is available
Tue, 09 Sep 2025 07:44:19.855683 GMT [INFO] Clipboard: Provider: xsel(['clipboard_xclip'] ignored)
Tue, 09 Sep 2025 07:44:19.855857 GMT [INFO] [INFO   ] [Clipboard   ] Provider: xsel(['clipboard_xclip'] ignored)
Tue, 09 Sep 2025 07:44:19.855912 GMT [INFO] CutBuffer: cut buffer support enabled
Tue, 09 Sep 2025 07:44:19.855960 GMT [INFO] [INFO   ] [CutBuffer   ] cut buffer support enabled
Tue, 09 Sep 2025 07:44:19.914200 GMT [INFO] Base: Start application main loop
Tue, 09 Sep 2025 07:44:19.914470 GMT [INFO] [INFO   ] [Base        ] Start application main loop
Tue, 09 Sep 2025 07:44:29.679465 GMT [INFO] Base: Leaving application in progress...
Tue, 09 Sep 2025 07:44:29.679621 GMT [INFO] [INFO   ] [Base        ] Leaving application in progress...

********************************************************************************
APP STARTED at Tue, 09 Sep 2025 07:44:39.177008 GMT
Tue, 09 Sep 2025 07:44:39.188422 GMT [INFO] Kivy: v2.3.1
Tue, 09 Sep 2025 07:44:39.188633 GMT [INFO] Logger: Record log in /home/cai_test_wi/.kivy/logs/kivy_25-09-09_51.txt
Tue, 09 Sep 2025 07:44:39.188718 GMT [INFO] [INFO   ] [Logger      ] Record log in /home/cai_test_wi/.kivy/logs/kivy_25-09-09_51.txt
Tue, 09 Sep 2025 07:44:39.188787 GMT [INFO] [INFO   ] [Kivy        ] v2.3.1
Tue, 09 Sep 2025 07:44:39.188829 GMT [INFO] Kivy: Installed at "/home/cai_test_wi/.local/lib/python3.10/site-packages/kivy/__init__.py"
Tue, 09 Sep 2025 07:44:39.188867 GMT [INFO] [INFO   ] [Kivy        ] Installed at "/home/cai_test_wi/.local/lib/python3.10/site-packages/kivy/__init__.py"
Tue, 09 Sep 2025 07:44:39.188912 GMT [INFO] Python: v3.10.12 (main, May 27 2025, 17:12:29) [GCC 11.4.0]
Tue, 09 Sep 2025 07:44:39.188960 GMT [INFO] [INFO   ] [Python      ] v3.10.12 (main, May 27 2025, 17:12:29) [GCC 11.4.0]
Tue, 09 Sep 2025 07:44:39.188998 GMT [INFO] Python: Interpreter at "/usr/bin/python3"
Tue, 09 Sep 2025 07:44:39.189032 GMT [INFO] [INFO   ] [Python      ] Interpreter at "/usr/bin/python3"
Tue, 09 Sep 2025 07:44:39.189088 GMT [INFO] Logger: Purge log fired. Processing...
Tue, 09 Sep 2025 07:44:39.189167 GMT [INFO] [INFO   ] [Logger      ] Purge log fired. Processing...
Tue, 09 Sep 2025 07:44:39.189773 GMT [INFO] Logger: Purge finished!
Tue, 09 Sep 2025 07:44:39.189825 GMT [INFO] [INFO   ] [Logger      ] Purge finished!
Tue, 09 Sep 2025 07:44:39.208462 GMT [INFO] Factory: 195 symbols loaded
Tue, 09 Sep 2025 07:44:39.208573 GMT [INFO] [INFO   ] [Factory     ] 195 symbols loaded
Tue, 09 Sep 2025 07:44:39.256304 GMT [INFO] Image: Providers: img_tex, img_dds, img_sdl2, img_pil (img_ffpyplayer ignored)
Tue, 09 Sep 2025 07:44:39.256406 GMT [INFO] [INFO   ] [Image       ] Providers: img_tex, img_dds, img_sdl2, img_pil (img_ffpyplayer ignored)
Tue, 09 Sep 2025 07:44:39.264906 GMT [INFO] Window: Provider: sdl2
Tue, 09 Sep 2025 07:44:39.265071 GMT [INFO] [INFO   ] [Window      ] Provider: sdl2
Tue, 09 Sep 2025 07:44:39.351540 GMT [INFO] GL: Using the "OpenGL" graphics system
Tue, 09 Sep 2025 07:44:39.352036 GMT [INFO] [INFO   ] [GL          ] Using the "OpenGL" graphics system
Tue, 09 Sep 2025 07:44:39.352825 GMT [INFO] GL: Backend used <sdl2>
Tue, 09 Sep 2025 07:44:39.353055 GMT [INFO] [INFO   ] [GL          ] Backend used <sdl2>
Tue, 09 Sep 2025 07:44:39.353173 GMT [INFO] GL: OpenGL version <b'4.6 (Compatibility Profile) Mesa 24.0.0-devel (git-3ca1f35cbf)'>
Tue, 09 Sep 2025 07:44:39.353254 GMT [INFO] [INFO   ] [GL          ] OpenGL version <b'4.6 (Compatibility Profile) Mesa 24.0.0-devel (git-3ca1f35cbf)'>
Tue, 09 Sep 2025 07:44:39.353324 GMT [INFO] GL: OpenGL vendor <b'Intel'>
Tue, 09 Sep 2025 07:44:39.353392 GMT [INFO] [INFO   ] [GL          ] OpenGL vendor <b'Intel'>
Tue, 09 Sep 2025 07:44:39.353472 GMT [INFO] GL: OpenGL renderer <b'Mesa Intel(R) Xe Graphics (TGL GT2)'>
Tue, 09 Sep 2025 07:44:39.353553 GMT [INFO] [INFO   ] [GL          ] OpenGL renderer <b'Mesa Intel(R) Xe Graphics (TGL GT2)'>
Tue, 09 Sep 2025 07:44:39.353642 GMT [INFO] GL: OpenGL parsed version: 4, 6
Tue, 09 Sep 2025 07:44:39.353719 GMT [INFO] [INFO   ] [GL          ] OpenGL parsed version: 4, 6
Tue, 09 Sep 2025 07:44:39.353799 GMT [INFO] GL: Shading version <b'4.60'>
Tue, 09 Sep 2025 07:44:39.353886 GMT [INFO] [INFO   ] [GL          ] Shading version <b'4.60'>
Tue, 09 Sep 2025 07:44:39.354147 GMT [INFO] GL: Texture max size <16384>
Tue, 09 Sep 2025 07:44:39.354233 GMT [INFO] [INFO   ] [GL          ] Texture max size <16384>
Tue, 09 Sep 2025 07:44:39.354314 GMT [INFO] GL: Texture max units <32>
Tue, 09 Sep 2025 07:44:39.354389 GMT [INFO] [INFO   ] [GL          ] Texture max units <32>
Tue, 09 Sep 2025 07:44:39.368858 GMT [INFO] Window: auto add sdl2 input provider
Tue, 09 Sep 2025 07:44:39.369096 GMT [INFO] [INFO   ] [Window      ] auto add sdl2 input provider
Tue, 09 Sep 2025 07:44:39.369406 GMT [INFO] Window: virtual keyboard not allowed, single mode, not docked
Tue, 09 Sep 2025 07:44:39.369518 GMT [INFO] [INFO   ] [Window      ] virtual keyboard not allowed, single mode, not docked
Tue, 09 Sep 2025 07:44:39.384719 GMT [INFO] Text: Provider: sdl2
Tue, 09 Sep 2025 07:44:39.384921 GMT [INFO] [INFO   ] [Text        ] Provider: sdl2
Tue, 09 Sep 2025 07:44:39.563468 GMT [INFO] GL: NPOT texture support is available
Tue, 09 Sep 2025 07:44:39.563675 GMT [INFO] [INFO   ] [GL          ] NPOT texture support is available
Tue, 09 Sep 2025 07:44:39.572823 GMT [INFO] Clipboard: Provider: xsel(['clipboard_xclip'] ignored)
Tue, 09 Sep 2025 07:44:39.573049 GMT [INFO] [INFO   ] [Clipboard   ] Provider: xsel(['clipboard_xclip'] ignored)
Tue, 09 Sep 2025 07:44:39.573171 GMT [INFO] CutBuffer: cut buffer support enabled
Tue, 09 Sep 2025 07:44:39.573245 GMT [INFO] [INFO   ] [CutBuffer   ] cut buffer support enabled
Tue, 09 Sep 2025 07:44:39.644771 GMT [INFO] Base: Start application main loop
Tue, 09 Sep 2025 07:44:39.644904 GMT [INFO] [INFO   ] [Base        ] Start application main loop
Tue, 09 Sep 2025 07:44:49.605366 GMT [INFO] Base: Leaving application in progress...
Tue, 09 Sep 2025 07:44:49.605517 GMT [INFO] [INFO   ] [Base        ] Leaving application in progress...

********************************************************************************
APP STARTED at Tue, 09 Sep 2025 07:45:09.804965 GMT
Tue, 09 Sep 2025 07:45:09.816164 GMT [INFO] Kivy: v2.3.1
Tue, 09 Sep 2025 07:45:09.816371 GMT [INFO] Logger: Record log in /home/cai_test_wi/.kivy/logs/kivy_25-09-09_52.txt
Tue, 09 Sep 2025 07:45:09.816450 GMT [INFO] [INFO   ] [Logger      ] Record log in /home/cai_test_wi/.kivy/logs/kivy_25-09-09_52.txt
Tue, 09 Sep 2025 07:45:09.816523 GMT [INFO] [INFO   ] [Kivy        ] v2.3.1
Tue, 09 Sep 2025 07:45:09.816568 GMT [INFO] Kivy: Installed at "/home/cai_test_wi/.local/lib/python3.10/site-packages/kivy/__init__.py"
Tue, 09 Sep 2025 07:45:09.816608 GMT [INFO] [INFO   ] [Kivy        ] Installed at "/home/cai_test_wi/.local/lib/python3.10/site-packages/kivy/__init__.py"
Tue, 09 Sep 2025 07:45:09.816652 GMT [INFO] Python: v3.10.12 (main, May 27 2025, 17:12:29) [GCC 11.4.0]
Tue, 09 Sep 2025 07:45:09.816691 GMT [INFO] [INFO   ] [Python      ] v3.10.12 (main, May 27 2025, 17:12:29) [GCC 11.4.0]
Tue, 09 Sep 2025 07:45:09.816729 GMT [INFO] Python: Interpreter at "/usr/bin/python3"
Tue, 09 Sep 2025 07:45:09.816769 GMT [INFO] [INFO   ] [Python      ] Interpreter at "/usr/bin/python3"
Tue, 09 Sep 2025 07:45:09.816826 GMT [INFO] Logger: Purge log fired. Processing...
Tue, 09 Sep 2025 07:45:09.816907 GMT [INFO] [INFO   ] [Logger      ] Purge log fired. Processing...
Tue, 09 Sep 2025 07:45:09.817500 GMT [INFO] Logger: Purge finished!
Tue, 09 Sep 2025 07:45:09.817555 GMT [INFO] [INFO   ] [Logger      ] Purge finished!
Tue, 09 Sep 2025 07:45:09.835943 GMT [INFO] Factory: 195 symbols loaded
Tue, 09 Sep 2025 07:45:09.836068 GMT [INFO] [INFO   ] [Factory     ] 195 symbols loaded
Tue, 09 Sep 2025 07:45:09.883015 GMT [INFO] Image: Providers: img_tex, img_dds, img_sdl2, img_pil (img_ffpyplayer ignored)
Tue, 09 Sep 2025 07:45:09.883119 GMT [INFO] [INFO   ] [Image       ] Providers: img_tex, img_dds, img_sdl2, img_pil (img_ffpyplayer ignored)
Tue, 09 Sep 2025 07:45:09.891461 GMT [INFO] Window: Provider: sdl2
Tue, 09 Sep 2025 07:45:09.891555 GMT [INFO] [INFO   ] [Window      ] Provider: sdl2
Tue, 09 Sep 2025 07:45:09.967805 GMT [INFO] GL: Using the "OpenGL" graphics system
Tue, 09 Sep 2025 07:45:09.967987 GMT [INFO] [INFO   ] [GL          ] Using the "OpenGL" graphics system
Tue, 09 Sep 2025 07:45:09.968189 GMT [INFO] GL: Backend used <sdl2>
Tue, 09 Sep 2025 07:45:09.968252 GMT [INFO] [INFO   ] [GL          ] Backend used <sdl2>
Tue, 09 Sep 2025 07:45:09.968327 GMT [INFO] GL: OpenGL version <b'4.6 (Compatibility Profile) Mesa 24.0.0-devel (git-3ca1f35cbf)'>
Tue, 09 Sep 2025 07:45:09.968393 GMT [INFO] [INFO   ] [GL          ] OpenGL version <b'4.6 (Compatibility Profile) Mesa 24.0.0-devel (git-3ca1f35cbf)'>
Tue, 09 Sep 2025 07:45:09.968454 GMT [INFO] GL: OpenGL vendor <b'Intel'>
Tue, 09 Sep 2025 07:45:09.968512 GMT [INFO] [INFO   ] [GL          ] OpenGL vendor <b'Intel'>
Tue, 09 Sep 2025 07:45:09.968574 GMT [INFO] GL: OpenGL renderer <b'Mesa Intel(R) Xe Graphics (TGL GT2)'>
Tue, 09 Sep 2025 07:45:09.968634 GMT [INFO] [INFO   ] [GL          ] OpenGL renderer <b'Mesa Intel(R) Xe Graphics (TGL GT2)'>
Tue, 09 Sep 2025 07:45:09.968703 GMT [INFO] GL: OpenGL parsed version: 4, 6
Tue, 09 Sep 2025 07:45:09.968752 GMT [INFO] [INFO   ] [GL          ] OpenGL parsed version: 4, 6
Tue, 09 Sep 2025 07:45:09.968801 GMT [INFO] GL: Shading version <b'4.60'>
Tue, 09 Sep 2025 07:45:09.968856 GMT [INFO] [INFO   ] [GL          ] Shading version <b'4.60'>
Tue, 09 Sep 2025 07:45:09.969075 GMT [INFO] GL: Texture max size <16384>
Tue, 09 Sep 2025 07:45:09.969164 GMT [INFO] [INFO   ] [GL          ] Texture max size <16384>
Tue, 09 Sep 2025 07:45:09.969228 GMT [INFO] GL: Texture max units <32>
Tue, 09 Sep 2025 07:45:09.969266 GMT [INFO] [INFO   ] [GL          ] Texture max units <32>
Tue, 09 Sep 2025 07:45:09.978068 GMT [INFO] Window: auto add sdl2 input provider
Tue, 09 Sep 2025 07:45:09.978232 GMT [INFO] [INFO   ] [Window      ] auto add sdl2 input provider
Tue, 09 Sep 2025 07:45:09.978497 GMT [INFO] Window: virtual keyboard not allowed, single mode, not docked
Tue, 09 Sep 2025 07:45:09.978565 GMT [INFO] [INFO   ] [Window      ] virtual keyboard not allowed, single mode, not docked
Tue, 09 Sep 2025 07:45:09.987760 GMT [INFO] Text: Provider: sdl2
Tue, 09 Sep 2025 07:45:09.987895 GMT [INFO] [INFO   ] [Text        ] Provider: sdl2
Tue, 09 Sep 2025 07:45:10.068226 GMT [INFO] GL: NPOT texture support is available
Tue, 09 Sep 2025 07:45:10.068362 GMT [INFO] [INFO   ] [GL          ] NPOT texture support is available
Tue, 09 Sep 2025 07:45:10.075372 GMT [INFO] Clipboard: Provider: xsel(['clipboard_xclip'] ignored)
Tue, 09 Sep 2025 07:45:10.075500 GMT [INFO] [INFO   ] [Clipboard   ] Provider: xsel(['clipboard_xclip'] ignored)
Tue, 09 Sep 2025 07:45:10.075564 GMT [INFO] CutBuffer: cut buffer support enabled
Tue, 09 Sep 2025 07:45:10.075612 GMT [INFO] [INFO   ] [CutBuffer   ] cut buffer support enabled
Tue, 09 Sep 2025 07:45:10.140075 GMT [INFO] Base: Start application main loop
Tue, 09 Sep 2025 07:45:10.140216 GMT [INFO] [INFO   ] [Base        ] Start application main loop
Tue, 09 Sep 2025 07:45:33.528311 GMT [INFO] Base: Leaving application in progress...
Tue, 09 Sep 2025 07:45:33.528476 GMT [INFO] [INFO   ] [Base        ] Leaving application in progress...

********************************************************************************
APP STARTED at Tue, 09 Sep 2025 07:48:10.700089 GMT
Tue, 09 Sep 2025 07:48:10.711916 GMT [INFO] Kivy: v2.3.1
Tue, 09 Sep 2025 07:48:10.712163 GMT [INFO] Logger: Record log in /home/cai_test_wi/.kivy/logs/kivy_25-09-09_53.txt
Tue, 09 Sep 2025 07:48:10.712290 GMT [INFO] [INFO   ] [Logger      ] Record log in /home/cai_test_wi/.kivy/logs/kivy_25-09-09_53.txt
Tue, 09 Sep 2025 07:48:10.712358 GMT [INFO] [INFO   ] [Kivy        ] v2.3.1
Tue, 09 Sep 2025 07:48:10.712400 GMT [INFO] Kivy: Installed at "/home/cai_test_wi/.local/lib/python3.10/site-packages/kivy/__init__.py"
Tue, 09 Sep 2025 07:48:10.712437 GMT [INFO] [INFO   ] [Kivy        ] Installed at "/home/cai_test_wi/.local/lib/python3.10/site-packages/kivy/__init__.py"
Tue, 09 Sep 2025 07:48:10.712481 GMT [INFO] Python: v3.10.12 (main, May 27 2025, 17:12:29) [GCC 11.4.0]
Tue, 09 Sep 2025 07:48:10.712516 GMT [INFO] [INFO   ] [Python      ] v3.10.12 (main, May 27 2025, 17:12:29) [GCC 11.4.0]
Tue, 09 Sep 2025 07:48:10.712554 GMT [INFO] Python: Interpreter at "/usr/bin/python3"
Tue, 09 Sep 2025 07:48:10.712590 GMT [INFO] [INFO   ] [Python      ] Interpreter at "/usr/bin/python3"
Tue, 09 Sep 2025 07:48:10.712647 GMT [INFO] Logger: Purge log fired. Processing...
Tue, 09 Sep 2025 07:48:10.712725 GMT [INFO] [INFO   ] [Logger      ] Purge log fired. Processing...
Tue, 09 Sep 2025 07:48:10.713366 GMT [INFO] Logger: Purge finished!
Tue, 09 Sep 2025 07:48:10.713433 GMT [INFO] [INFO   ] [Logger      ] Purge finished!
Tue, 09 Sep 2025 07:48:10.731673 GMT [INFO] Factory: 195 symbols loaded
Tue, 09 Sep 2025 07:48:10.731771 GMT [INFO] [INFO   ] [Factory     ] 195 symbols loaded
Tue, 09 Sep 2025 07:48:10.780662 GMT [INFO] Image: Providers: img_tex, img_dds, img_sdl2, img_pil (img_ffpyplayer ignored)
Tue, 09 Sep 2025 07:48:10.780762 GMT [INFO] [INFO   ] [Image       ] Providers: img_tex, img_dds, img_sdl2, img_pil (img_ffpyplayer ignored)
Tue, 09 Sep 2025 07:48:10.789259 GMT [INFO] Window: Provider: sdl2
Tue, 09 Sep 2025 07:48:10.789346 GMT [INFO] [INFO   ] [Window      ] Provider: sdl2
Tue, 09 Sep 2025 07:48:10.870773 GMT [INFO] GL: Using the "OpenGL" graphics system
Tue, 09 Sep 2025 07:48:10.870953 GMT [INFO] [INFO   ] [GL          ] Using the "OpenGL" graphics system
Tue, 09 Sep 2025 07:48:10.871221 GMT [INFO] GL: Backend used <sdl2>
Tue, 09 Sep 2025 07:48:10.871290 GMT [INFO] [INFO   ] [GL          ] Backend used <sdl2>
Tue, 09 Sep 2025 07:48:10.871382 GMT [INFO] GL: OpenGL version <b'4.6 (Compatibility Profile) Mesa 24.0.0-devel (git-3ca1f35cbf)'>
Tue, 09 Sep 2025 07:48:10.871439 GMT [INFO] [INFO   ] [GL          ] OpenGL version <b'4.6 (Compatibility Profile) Mesa 24.0.0-devel (git-3ca1f35cbf)'>
Tue, 09 Sep 2025 07:48:10.871500 GMT [INFO] GL: OpenGL vendor <b'Intel'>
Tue, 09 Sep 2025 07:48:10.871564 GMT [INFO] [INFO   ] [GL          ] OpenGL vendor <b'Intel'>
Tue, 09 Sep 2025 07:48:10.871632 GMT [INFO] GL: OpenGL renderer <b'Mesa Intel(R) Xe Graphics (TGL GT2)'>
Tue, 09 Sep 2025 07:48:10.871701 GMT [INFO] [INFO   ] [GL          ] OpenGL renderer <b'Mesa Intel(R) Xe Graphics (TGL GT2)'>
Tue, 09 Sep 2025 07:48:10.871782 GMT [INFO] GL: OpenGL parsed version: 4, 6
Tue, 09 Sep 2025 07:48:10.871841 GMT [INFO] [INFO   ] [GL          ] OpenGL parsed version: 4, 6
Tue, 09 Sep 2025 07:48:10.871898 GMT [INFO] GL: Shading version <b'4.60'>
Tue, 09 Sep 2025 07:48:10.871964 GMT [INFO] [INFO   ] [GL          ] Shading version <b'4.60'>
Tue, 09 Sep 2025 07:48:10.872158 GMT [INFO] GL: Texture max size <16384>
Tue, 09 Sep 2025 07:48:10.872221 GMT [INFO] [INFO   ] [GL          ] Texture max size <16384>
Tue, 09 Sep 2025 07:48:10.872284 GMT [INFO] GL: Texture max units <32>
Tue, 09 Sep 2025 07:48:10.872333 GMT [INFO] [INFO   ] [GL          ] Texture max units <32>
Tue, 09 Sep 2025 07:48:10.881598 GMT [INFO] Window: auto add sdl2 input provider
Tue, 09 Sep 2025 07:48:10.881785 GMT [INFO] [INFO   ] [Window      ] auto add sdl2 input provider
Tue, 09 Sep 2025 07:48:10.882050 GMT [INFO] Window: virtual keyboard not allowed, single mode, not docked
Tue, 09 Sep 2025 07:48:10.882127 GMT [INFO] [INFO   ] [Window      ] virtual keyboard not allowed, single mode, not docked
Tue, 09 Sep 2025 07:48:10.892799 GMT [INFO] Text: Provider: sdl2
Tue, 09 Sep 2025 07:48:10.892920 GMT [INFO] [INFO   ] [Text        ] Provider: sdl2
Tue, 09 Sep 2025 07:48:10.984025 GMT [INFO] GL: NPOT texture support is available
Tue, 09 Sep 2025 07:48:10.984192 GMT [INFO] [INFO   ] [GL          ] NPOT texture support is available
Tue, 09 Sep 2025 07:48:10.991341 GMT [INFO] Clipboard: Provider: xsel(['clipboard_xclip'] ignored)
Tue, 09 Sep 2025 07:48:10.991456 GMT [INFO] [INFO   ] [Clipboard   ] Provider: xsel(['clipboard_xclip'] ignored)
Tue, 09 Sep 2025 07:48:10.991508 GMT [INFO] CutBuffer: cut buffer support enabled
Tue, 09 Sep 2025 07:48:10.991547 GMT [INFO] [INFO   ] [CutBuffer   ] cut buffer support enabled
Tue, 09 Sep 2025 07:48:11.049918 GMT [INFO] Base: Start application main loop
Tue, 09 Sep 2025 07:48:11.050254 GMT [INFO] [INFO   ] [Base        ] Start application main loop
Tue, 09 Sep 2025 07:49:38.911416 GMT [INFO] Base: Leaving application in progress...
Tue, 09 Sep 2025 07:49:38.911585 GMT [INFO] [INFO   ] [Base        ] Leaving application in progress...

********************************************************************************
APP STARTED at Tue, 09 Sep 2025 08:40:57.025910 GMT
Tue, 09 Sep 2025 08:40:57.037597 GMT [INFO] Kivy: v2.3.1
Tue, 09 Sep 2025 08:40:57.037832 GMT [INFO] Logger: Record log in /home/cai_test_wi/.kivy/logs/kivy_25-09-09_54.txt
Tue, 09 Sep 2025 08:40:57.037913 GMT [INFO] [INFO   ] [Logger      ] Record log in /home/cai_test_wi/.kivy/logs/kivy_25-09-09_54.txt
Tue, 09 Sep 2025 08:40:57.037988 GMT [INFO] [INFO   ] [Kivy        ] v2.3.1
Tue, 09 Sep 2025 08:40:57.038030 GMT [INFO] Kivy: Installed at "/home/cai_test_wi/.local/lib/python3.10/site-packages/kivy/__init__.py"
Tue, 09 Sep 2025 08:40:57.038066 GMT [INFO] [INFO   ] [Kivy        ] Installed at "/home/cai_test_wi/.local/lib/python3.10/site-packages/kivy/__init__.py"
Tue, 09 Sep 2025 08:40:57.038110 GMT [INFO] Python: v3.10.12 (main, May 27 2025, 17:12:29) [GCC 11.4.0]
Tue, 09 Sep 2025 08:40:57.038152 GMT [INFO] [INFO   ] [Python      ] v3.10.12 (main, May 27 2025, 17:12:29) [GCC 11.4.0]
Tue, 09 Sep 2025 08:40:57.038190 GMT [INFO] Python: Interpreter at "/usr/bin/python3"
Tue, 09 Sep 2025 08:40:57.038222 GMT [INFO] [INFO   ] [Python      ] Interpreter at "/usr/bin/python3"
Tue, 09 Sep 2025 08:40:57.038280 GMT [INFO] Logger: Purge log fired. Processing...
Tue, 09 Sep 2025 08:40:57.038359 GMT [INFO] [INFO   ] [Logger      ] Purge log fired. Processing...
Tue, 09 Sep 2025 08:40:57.038958 GMT [INFO] Logger: Purge finished!
Tue, 09 Sep 2025 08:40:57.039021 GMT [INFO] [INFO   ] [Logger      ] Purge finished!
Tue, 09 Sep 2025 08:40:57.058044 GMT [INFO] Factory: 195 symbols loaded
Tue, 09 Sep 2025 08:40:57.058144 GMT [INFO] [INFO   ] [Factory     ] 195 symbols loaded
Tue, 09 Sep 2025 08:40:57.105457 GMT [INFO] Image: Providers: img_tex, img_dds, img_sdl2, img_pil (img_ffpyplayer ignored)
Tue, 09 Sep 2025 08:40:57.105553 GMT [INFO] [INFO   ] [Image       ] Providers: img_tex, img_dds, img_sdl2, img_pil (img_ffpyplayer ignored)
Tue, 09 Sep 2025 08:40:57.114093 GMT [INFO] Window: Provider: sdl2
Tue, 09 Sep 2025 08:40:57.114175 GMT [INFO] [INFO   ] [Window      ] Provider: sdl2
Tue, 09 Sep 2025 08:40:57.195672 GMT [INFO] GL: Using the "OpenGL" graphics system
Tue, 09 Sep 2025 08:40:57.195828 GMT [INFO] [INFO   ] [GL          ] Using the "OpenGL" graphics system
Tue, 09 Sep 2025 08:40:57.196056 GMT [INFO] GL: Backend used <sdl2>
Tue, 09 Sep 2025 08:40:57.196139 GMT [INFO] [INFO   ] [GL          ] Backend used <sdl2>
Tue, 09 Sep 2025 08:40:57.196220 GMT [INFO] GL: OpenGL version <b'4.6 (Compatibility Profile) Mesa 24.0.0-devel (git-3ca1f35cbf)'>
Tue, 09 Sep 2025 08:40:57.196283 GMT [INFO] [INFO   ] [GL          ] OpenGL version <b'4.6 (Compatibility Profile) Mesa 24.0.0-devel (git-3ca1f35cbf)'>
Tue, 09 Sep 2025 08:40:57.196358 GMT [INFO] GL: OpenGL vendor <b'Intel'>
Tue, 09 Sep 2025 08:40:57.196417 GMT [INFO] [INFO   ] [GL          ] OpenGL vendor <b'Intel'>
Tue, 09 Sep 2025 08:40:57.196480 GMT [INFO] GL: OpenGL renderer <b'Mesa Intel(R) Xe Graphics (TGL GT2)'>
Tue, 09 Sep 2025 08:40:57.196543 GMT [INFO] [INFO   ] [GL          ] OpenGL renderer <b'Mesa Intel(R) Xe Graphics (TGL GT2)'>
Tue, 09 Sep 2025 08:40:57.196620 GMT [INFO] GL: OpenGL parsed version: 4, 6
Tue, 09 Sep 2025 08:40:57.196682 GMT [INFO] [INFO   ] [GL          ] OpenGL parsed version: 4, 6
Tue, 09 Sep 2025 08:40:57.196746 GMT [INFO] GL: Shading version <b'4.60'>
Tue, 09 Sep 2025 08:40:57.196803 GMT [INFO] [INFO   ] [GL          ] Shading version <b'4.60'>
Tue, 09 Sep 2025 08:40:57.197014 GMT [INFO] GL: Texture max size <16384>
Tue, 09 Sep 2025 08:40:57.197102 GMT [INFO] [INFO   ] [GL          ] Texture max size <16384>
Tue, 09 Sep 2025 08:40:57.197178 GMT [INFO] GL: Texture max units <32>
Tue, 09 Sep 2025 08:40:57.197243 GMT [INFO] [INFO   ] [GL          ] Texture max units <32>
Tue, 09 Sep 2025 08:40:57.209091 GMT [INFO] Window: auto add sdl2 input provider
Tue, 09 Sep 2025 08:40:57.209221 GMT [INFO] [INFO   ] [Window      ] auto add sdl2 input provider
Tue, 09 Sep 2025 08:40:57.209413 GMT [INFO] Window: virtual keyboard not allowed, single mode, not docked
Tue, 09 Sep 2025 08:40:57.209470 GMT [INFO] [INFO   ] [Window      ] virtual keyboard not allowed, single mode, not docked
Tue, 09 Sep 2025 08:40:57.218572 GMT [INFO] Text: Provider: sdl2
Tue, 09 Sep 2025 08:40:57.218692 GMT [INFO] [INFO   ] [Text        ] Provider: sdl2
Tue, 09 Sep 2025 08:40:57.295374 GMT [INFO] GL: NPOT texture support is available
Tue, 09 Sep 2025 08:40:57.295491 GMT [INFO] [INFO   ] [GL          ] NPOT texture support is available
Tue, 09 Sep 2025 08:40:57.301906 GMT [INFO] Clipboard: Provider: xsel(['clipboard_xclip'] ignored)
Tue, 09 Sep 2025 08:40:57.302022 GMT [INFO] [INFO   ] [Clipboard   ] Provider: xsel(['clipboard_xclip'] ignored)
Tue, 09 Sep 2025 08:40:57.302074 GMT [INFO] CutBuffer: cut buffer support enabled
Tue, 09 Sep 2025 08:40:57.302115 GMT [INFO] [INFO   ] [CutBuffer   ] cut buffer support enabled
Tue, 09 Sep 2025 08:40:57.356981 GMT [INFO] Base: Start application main loop
Tue, 09 Sep 2025 08:40:57.357108 GMT [INFO] [INFO   ] [Base        ] Start application main loop
Tue, 09 Sep 2025 08:47:32.183410 GMT [INFO] Base: Leaving application in progress...
Tue, 09 Sep 2025 08:47:32.183709 GMT [INFO] [INFO   ] [Base        ] Leaving application in progress...

********************************************************************************
APP STARTED at Wed, 10 Sep 2025 11:21:31.799782 GMT
Wed, 10 Sep 2025 11:21:31.817882 GMT [INFO] Kivy: v2.3.1
Wed, 10 Sep 2025 11:21:31.817999 GMT [INFO] Logger: Record log in /home/cai_test_wi/.kivy/logs/kivy_25-09-10_3.txt
Wed, 10 Sep 2025 11:21:31.818112 GMT [INFO] [INFO   ] [Logger      ] Record log in /home/cai_test_wi/.kivy/logs/kivy_25-09-10_3.txt
Wed, 10 Sep 2025 11:21:31.818182 GMT [INFO] [INFO   ] [Kivy        ] v2.3.1
Wed, 10 Sep 2025 11:21:31.818223 GMT [INFO] Kivy: Installed at "/home/cai_test_wi/.local/lib/python3.10/site-packages/kivy/__init__.py"
Wed, 10 Sep 2025 11:21:31.818261 GMT [INFO] [INFO   ] [Kivy        ] Installed at "/home/cai_test_wi/.local/lib/python3.10/site-packages/kivy/__init__.py"
Wed, 10 Sep 2025 11:21:31.818313 GMT [INFO] Python: v3.10.12 (main, May 27 2025, 17:12:29) [GCC 11.4.0]
Wed, 10 Sep 2025 11:21:31.818348 GMT [INFO] [INFO   ] [Python      ] v3.10.12 (main, May 27 2025, 17:12:29) [GCC 11.4.0]
Wed, 10 Sep 2025 11:21:31.818386 GMT [INFO] Python: Interpreter at "/usr/bin/python3"
Wed, 10 Sep 2025 11:21:31.818421 GMT [INFO] [INFO   ] [Python      ] Interpreter at "/usr/bin/python3"
Wed, 10 Sep 2025 11:21:31.818478 GMT [INFO] Logger: Purge log fired. Processing...
Wed, 10 Sep 2025 11:21:31.818577 GMT [INFO] [INFO   ] [Logger      ] Purge log fired. Processing...
Wed, 10 Sep 2025 11:21:31.819248 GMT [INFO] Logger: Purge finished!
Wed, 10 Sep 2025 11:21:31.819316 GMT [INFO] [INFO   ] [Logger      ] Purge finished!
Wed, 10 Sep 2025 11:21:31.850290 GMT [INFO] Factory: 195 symbols loaded
Wed, 10 Sep 2025 11:21:31.850393 GMT [INFO] [INFO   ] [Factory     ] 195 symbols loaded
Wed, 10 Sep 2025 11:21:31.943899 GMT [INFO] Image: Providers: img_tex, img_dds, img_sdl2, img_pil (img_ffpyplayer ignored)
Wed, 10 Sep 2025 11:21:31.944024 GMT [INFO] [INFO   ] [Image       ] Providers: img_tex, img_dds, img_sdl2, img_pil (img_ffpyplayer ignored)
Wed, 10 Sep 2025 11:21:31.982412 GMT [INFO] Window: Provider: sdl2
Wed, 10 Sep 2025 11:21:31.982531 GMT [INFO] [INFO   ] [Window      ] Provider: sdl2
Wed, 10 Sep 2025 11:21:32.099065 GMT [INFO] GL: Using the "OpenGL" graphics system
Wed, 10 Sep 2025 11:21:32.099215 GMT [INFO] [INFO   ] [GL          ] Using the "OpenGL" graphics system
Wed, 10 Sep 2025 11:21:32.099400 GMT [INFO] GL: Backend used <sdl2>
Wed, 10 Sep 2025 11:21:32.099456 GMT [INFO] [INFO   ] [GL          ] Backend used <sdl2>
Wed, 10 Sep 2025 11:21:32.099547 GMT [INFO] GL: OpenGL version <b'4.6 (Compatibility Profile) Mesa 24.0.0-devel (git-3ca1f35cbf)'>
Wed, 10 Sep 2025 11:21:32.099610 GMT [INFO] [INFO   ] [GL          ] OpenGL version <b'4.6 (Compatibility Profile) Mesa 24.0.0-devel (git-3ca1f35cbf)'>
Wed, 10 Sep 2025 11:21:32.099680 GMT [INFO] GL: OpenGL vendor <b'Intel'>
Wed, 10 Sep 2025 11:21:32.099748 GMT [INFO] [INFO   ] [GL          ] OpenGL vendor <b'Intel'>
Wed, 10 Sep 2025 11:21:32.099813 GMT [INFO] GL: OpenGL renderer <b'Mesa Intel(R) Xe Graphics (TGL GT2)'>
Wed, 10 Sep 2025 11:21:32.099876 GMT [INFO] [INFO   ] [GL          ] OpenGL renderer <b'Mesa Intel(R) Xe Graphics (TGL GT2)'>
Wed, 10 Sep 2025 11:21:32.099951 GMT [INFO] GL: OpenGL parsed version: 4, 6
Wed, 10 Sep 2025 11:21:32.100011 GMT [INFO] [INFO   ] [GL          ] OpenGL parsed version: 4, 6
Wed, 10 Sep 2025 11:21:32.100081 GMT [INFO] GL: Shading version <b'4.60'>
Wed, 10 Sep 2025 11:21:32.100139 GMT [INFO] [INFO   ] [GL          ] Shading version <b'4.60'>
Wed, 10 Sep 2025 11:21:32.100335 GMT [INFO] GL: Texture max size <16384>
Wed, 10 Sep 2025 11:21:32.100395 GMT [INFO] [INFO   ] [GL          ] Texture max size <16384>
Wed, 10 Sep 2025 11:21:32.100463 GMT [INFO] GL: Texture max units <32>
Wed, 10 Sep 2025 11:21:32.100516 GMT [INFO] [INFO   ] [GL          ] Texture max units <32>
Wed, 10 Sep 2025 11:21:32.110746 GMT [INFO] Window: auto add sdl2 input provider
Wed, 10 Sep 2025 11:21:32.110896 GMT [INFO] [INFO   ] [Window      ] auto add sdl2 input provider
Wed, 10 Sep 2025 11:21:32.111779 GMT [INFO] Window: virtual keyboard not allowed, single mode, not docked
Wed, 10 Sep 2025 11:21:32.111883 GMT [INFO] [INFO   ] [Window      ] virtual keyboard not allowed, single mode, not docked
Wed, 10 Sep 2025 11:21:32.137603 GMT [INFO] Text: Provider: sdl2
Wed, 10 Sep 2025 11:21:32.137730 GMT [INFO] [INFO   ] [Text        ] Provider: sdl2
Wed, 10 Sep 2025 11:21:32.241579 GMT [INFO] GL: NPOT texture support is available
Wed, 10 Sep 2025 11:21:32.241798 GMT [INFO] [INFO   ] [GL          ] NPOT texture support is available
Wed, 10 Sep 2025 11:21:32.250981 GMT [INFO] Clipboard: Provider: xsel(['clipboard_xclip'] ignored)
Wed, 10 Sep 2025 11:21:32.251109 GMT [INFO] [INFO   ] [Clipboard   ] Provider: xsel(['clipboard_xclip'] ignored)
Wed, 10 Sep 2025 11:21:32.251162 GMT [INFO] CutBuffer: cut buffer support enabled
Wed, 10 Sep 2025 11:21:32.251201 GMT [INFO] [INFO   ] [CutBuffer   ] cut buffer support enabled
Wed, 10 Sep 2025 11:21:32.306902 GMT [INFO] Base: Start application main loop
Wed, 10 Sep 2025 11:21:32.307033 GMT [INFO] [INFO   ] [Base        ] Start application main loop
Wed, 10 Sep 2025 11:21:51.565309 GMT [INFO] Base: Leaving application in progress...
Wed, 10 Sep 2025 11:21:51.565450 GMT [INFO] [INFO   ] [Base        ] Leaving application in progress...

********************************************************************************
APP STARTED at Wed, 10 Sep 2025 11:22:48.100248 GMT
Wed, 10 Sep 2025 11:22:48.112908 GMT [INFO] Kivy: v2.3.1
Wed, 10 Sep 2025 11:22:48.113041 GMT [INFO] Logger: Record log in /home/cai_test_wi/.kivy/logs/kivy_25-09-10_4.txt
Wed, 10 Sep 2025 11:22:48.113127 GMT [INFO] [INFO   ] [Logger      ] Record log in /home/cai_test_wi/.kivy/logs/kivy_25-09-10_4.txt
Wed, 10 Sep 2025 11:22:48.113195 GMT [INFO] [INFO   ] [Kivy        ] v2.3.1
Wed, 10 Sep 2025 11:22:48.113235 GMT [INFO] Kivy: Installed at "/home/cai_test_wi/.local/lib/python3.10/site-packages/kivy/__init__.py"
Wed, 10 Sep 2025 11:22:48.113272 GMT [INFO] [INFO   ] [Kivy        ] Installed at "/home/cai_test_wi/.local/lib/python3.10/site-packages/kivy/__init__.py"
Wed, 10 Sep 2025 11:22:48.113313 GMT [INFO] Python: v3.10.12 (main, May 27 2025, 17:12:29) [GCC 11.4.0]
Wed, 10 Sep 2025 11:22:48.113348 GMT [INFO] [INFO   ] [Python      ] v3.10.12 (main, May 27 2025, 17:12:29) [GCC 11.4.0]
Wed, 10 Sep 2025 11:22:48.113385 GMT [INFO] Python: Interpreter at "/usr/bin/python3"
Wed, 10 Sep 2025 11:22:48.113419 GMT [INFO] [INFO   ] [Python      ] Interpreter at "/usr/bin/python3"
Wed, 10 Sep 2025 11:22:48.113475 GMT [INFO] Logger: Purge log fired. Processing...
Wed, 10 Sep 2025 11:22:48.113552 GMT [INFO] [INFO   ] [Logger      ] Purge log fired. Processing...
Wed, 10 Sep 2025 11:22:48.114177 GMT [INFO] Logger: Purge finished!
Wed, 10 Sep 2025 11:22:48.114231 GMT [INFO] [INFO   ] [Logger      ] Purge finished!
Wed, 10 Sep 2025 11:22:48.133793 GMT [INFO] Factory: 195 symbols loaded
Wed, 10 Sep 2025 11:22:48.133915 GMT [INFO] [INFO   ] [Factory     ] 195 symbols loaded
Wed, 10 Sep 2025 11:22:48.184545 GMT [INFO] Image: Providers: img_tex, img_dds, img_sdl2, img_pil (img_ffpyplayer ignored)
Wed, 10 Sep 2025 11:22:48.184675 GMT [INFO] [INFO   ] [Image       ] Providers: img_tex, img_dds, img_sdl2, img_pil (img_ffpyplayer ignored)
Wed, 10 Sep 2025 11:22:48.193773 GMT [INFO] Window: Provider: sdl2
Wed, 10 Sep 2025 11:22:48.193888 GMT [INFO] [INFO   ] [Window      ] Provider: sdl2
Wed, 10 Sep 2025 11:22:48.288840 GMT [INFO] GL: Using the "OpenGL" graphics system
Wed, 10 Sep 2025 11:22:48.289071 GMT [INFO] [INFO   ] [GL          ] Using the "OpenGL" graphics system
Wed, 10 Sep 2025 11:22:48.289377 GMT [INFO] GL: Backend used <sdl2>
Wed, 10 Sep 2025 11:22:48.289495 GMT [INFO] [INFO   ] [GL          ] Backend used <sdl2>
Wed, 10 Sep 2025 11:22:48.289582 GMT [INFO] GL: OpenGL version <b'4.6 (Compatibility Profile) Mesa 24.0.0-devel (git-3ca1f35cbf)'>
Wed, 10 Sep 2025 11:22:48.289652 GMT [INFO] [INFO   ] [GL          ] OpenGL version <b'4.6 (Compatibility Profile) Mesa 24.0.0-devel (git-3ca1f35cbf)'>
Wed, 10 Sep 2025 11:22:48.289723 GMT [INFO] GL: OpenGL vendor <b'Intel'>
Wed, 10 Sep 2025 11:22:48.289784 GMT [INFO] [INFO   ] [GL          ] OpenGL vendor <b'Intel'>
Wed, 10 Sep 2025 11:22:48.289853 GMT [INFO] GL: OpenGL renderer <b'Mesa Intel(R) Xe Graphics (TGL GT2)'>
Wed, 10 Sep 2025 11:22:48.289912 GMT [INFO] [INFO   ] [GL          ] OpenGL renderer <b'Mesa Intel(R) Xe Graphics (TGL GT2)'>
Wed, 10 Sep 2025 11:22:48.289983 GMT [INFO] GL: OpenGL parsed version: 4, 6
Wed, 10 Sep 2025 11:22:48.290044 GMT [INFO] [INFO   ] [GL          ] OpenGL parsed version: 4, 6
Wed, 10 Sep 2025 11:22:48.290112 GMT [INFO] GL: Shading version <b'4.60'>
Wed, 10 Sep 2025 11:22:48.290174 GMT [INFO] [INFO   ] [GL          ] Shading version <b'4.60'>
Wed, 10 Sep 2025 11:22:48.290373 GMT [INFO] GL: Texture max size <16384>
Wed, 10 Sep 2025 11:22:48.290444 GMT [INFO] [INFO   ] [GL          ] Texture max size <16384>
Wed, 10 Sep 2025 11:22:48.290511 GMT [INFO] GL: Texture max units <32>
Wed, 10 Sep 2025 11:22:48.290570 GMT [INFO] [INFO   ] [GL          ] Texture max units <32>
Wed, 10 Sep 2025 11:22:48.301420 GMT [INFO] Window: auto add sdl2 input provider
Wed, 10 Sep 2025 11:22:48.301546 GMT [INFO] [INFO   ] [Window      ] auto add sdl2 input provider
Wed, 10 Sep 2025 11:22:48.301746 GMT [INFO] Window: virtual keyboard not allowed, single mode, not docked
Wed, 10 Sep 2025 11:22:48.301814 GMT [INFO] [INFO   ] [Window      ] virtual keyboard not allowed, single mode, not docked
Wed, 10 Sep 2025 11:22:48.310963 GMT [INFO] Text: Provider: sdl2
Wed, 10 Sep 2025 11:22:48.311082 GMT [INFO] [INFO   ] [Text        ] Provider: sdl2
Wed, 10 Sep 2025 11:22:48.387118 GMT [INFO] GL: NPOT texture support is available
Wed, 10 Sep 2025 11:22:48.387237 GMT [INFO] [INFO   ] [GL          ] NPOT texture support is available
Wed, 10 Sep 2025 11:22:48.393714 GMT [INFO] Clipboard: Provider: xsel(['clipboard_xclip'] ignored)
Wed, 10 Sep 2025 11:22:48.393834 GMT [INFO] [INFO   ] [Clipboard   ] Provider: xsel(['clipboard_xclip'] ignored)
Wed, 10 Sep 2025 11:22:48.393903 GMT [INFO] CutBuffer: cut buffer support enabled
Wed, 10 Sep 2025 11:22:48.393947 GMT [INFO] [INFO   ] [CutBuffer   ] cut buffer support enabled
Wed, 10 Sep 2025 11:22:48.448604 GMT [INFO] Base: Start application main loop
Wed, 10 Sep 2025 11:22:48.448781 GMT [INFO] [INFO   ] [Base        ] Start application main loop
Wed, 10 Sep 2025 11:23:19.330057 GMT [INFO] Base: Leaving application in progress...
Wed, 10 Sep 2025 11:23:19.330862 GMT [INFO] [INFO   ] [Base        ] Leaving application in progress...

********************************************************************************
APP STARTED at Wed, 10 Sep 2025 11:25:14.907257 GMT
Wed, 10 Sep 2025 11:25:14.920479 GMT [INFO] Kivy: v2.3.1
Wed, 10 Sep 2025 11:25:14.920610 GMT [INFO] Logger: Record log in /home/cai_test_wi/.kivy/logs/kivy_25-09-10_5.txt
Wed, 10 Sep 2025 11:25:14.920702 GMT [INFO] [INFO   ] [Logger      ] Record log in /home/cai_test_wi/.kivy/logs/kivy_25-09-10_5.txt
Wed, 10 Sep 2025 11:25:14.920802 GMT [INFO] [INFO   ] [Kivy        ] v2.3.1
Wed, 10 Sep 2025 11:25:14.920865 GMT [INFO] Kivy: Installed at "/home/cai_test_wi/.local/lib/python3.10/site-packages/kivy/__init__.py"
Wed, 10 Sep 2025 11:25:14.920924 GMT [INFO] [INFO   ] [Kivy        ] Installed at "/home/cai_test_wi/.local/lib/python3.10/site-packages/kivy/__init__.py"
Wed, 10 Sep 2025 11:25:14.920993 GMT [INFO] Python: v3.10.12 (main, May 27 2025, 17:12:29) [GCC 11.4.0]
Wed, 10 Sep 2025 11:25:14.921048 GMT [INFO] [INFO   ] [Python      ] v3.10.12 (main, May 27 2025, 17:12:29) [GCC 11.4.0]
Wed, 10 Sep 2025 11:25:14.921111 GMT [INFO] Python: Interpreter at "/usr/bin/python3"
Wed, 10 Sep 2025 11:25:14.921165 GMT [INFO] [INFO   ] [Python      ] Interpreter at "/usr/bin/python3"
Wed, 10 Sep 2025 11:25:14.921248 GMT [INFO] Logger: Purge log fired. Processing...
Wed, 10 Sep 2025 11:25:14.921351 GMT [INFO] [INFO   ] [Logger      ] Purge log fired. Processing...
Wed, 10 Sep 2025 11:25:14.922005 GMT [INFO] Logger: Purge finished!
Wed, 10 Sep 2025 11:25:14.922078 GMT [INFO] [INFO   ] [Logger      ] Purge finished!
Wed, 10 Sep 2025 11:25:14.942244 GMT [INFO] Factory: 195 symbols loaded
Wed, 10 Sep 2025 11:25:14.942364 GMT [INFO] [INFO   ] [Factory     ] 195 symbols loaded
Wed, 10 Sep 2025 11:25:14.993501 GMT [INFO] Image: Providers: img_tex, img_dds, img_sdl2, img_pil (img_ffpyplayer ignored)
Wed, 10 Sep 2025 11:25:14.993631 GMT [INFO] [INFO   ] [Image       ] Providers: img_tex, img_dds, img_sdl2, img_pil (img_ffpyplayer ignored)
Wed, 10 Sep 2025 11:25:15.002712 GMT [INFO] Window: Provider: sdl2
Wed, 10 Sep 2025 11:25:15.002831 GMT [INFO] [INFO   ] [Window      ] Provider: sdl2
Wed, 10 Sep 2025 11:25:15.101166 GMT [INFO] GL: Using the "OpenGL" graphics system
Wed, 10 Sep 2025 11:25:15.101342 GMT [INFO] [INFO   ] [GL          ] Using the "OpenGL" graphics system
Wed, 10 Sep 2025 11:25:15.101568 GMT [INFO] GL: Backend used <sdl2>
Wed, 10 Sep 2025 11:25:15.101669 GMT [INFO] [INFO   ] [GL          ] Backend used <sdl2>
Wed, 10 Sep 2025 11:25:15.101770 GMT [INFO] GL: OpenGL version <b'4.6 (Compatibility Profile) Mesa 24.0.0-devel (git-3ca1f35cbf)'>
Wed, 10 Sep 2025 11:25:15.101839 GMT [INFO] [INFO   ] [GL          ] OpenGL version <b'4.6 (Compatibility Profile) Mesa 24.0.0-devel (git-3ca1f35cbf)'>
Wed, 10 Sep 2025 11:25:15.101914 GMT [INFO] GL: OpenGL vendor <b'Intel'>
Wed, 10 Sep 2025 11:25:15.101979 GMT [INFO] [INFO   ] [GL          ] OpenGL vendor <b'Intel'>
Wed, 10 Sep 2025 11:25:15.102053 GMT [INFO] GL: OpenGL renderer <b'Mesa Intel(R) Xe Graphics (TGL GT2)'>
Wed, 10 Sep 2025 11:25:15.102115 GMT [INFO] [INFO   ] [GL          ] OpenGL renderer <b'Mesa Intel(R) Xe Graphics (TGL GT2)'>
Wed, 10 Sep 2025 11:25:15.102197 GMT [INFO] GL: OpenGL parsed version: 4, 6
Wed, 10 Sep 2025 11:25:15.102259 GMT [INFO] [INFO   ] [GL          ] OpenGL parsed version: 4, 6
Wed, 10 Sep 2025 11:25:15.102326 GMT [INFO] GL: Shading version <b'4.60'>
Wed, 10 Sep 2025 11:25:15.102386 GMT [INFO] [INFO   ] [GL          ] Shading version <b'4.60'>
Wed, 10 Sep 2025 11:25:15.102539 GMT [INFO] GL: Texture max size <16384>
Wed, 10 Sep 2025 11:25:15.102584 GMT [INFO] [INFO   ] [GL          ] Texture max size <16384>
Wed, 10 Sep 2025 11:25:15.102628 GMT [INFO] GL: Texture max units <32>
Wed, 10 Sep 2025 11:25:15.102676 GMT [INFO] [INFO   ] [GL          ] Texture max units <32>
Wed, 10 Sep 2025 11:25:15.111347 GMT [INFO] Window: auto add sdl2 input provider
Wed, 10 Sep 2025 11:25:15.111474 GMT [INFO] [INFO   ] [Window      ] auto add sdl2 input provider
Wed, 10 Sep 2025 11:25:15.111667 GMT [INFO] Window: virtual keyboard not allowed, single mode, not docked
Wed, 10 Sep 2025 11:25:15.111752 GMT [INFO] [INFO   ] [Window      ] virtual keyboard not allowed, single mode, not docked
Wed, 10 Sep 2025 11:25:15.120751 GMT [INFO] Text: Provider: sdl2
Wed, 10 Sep 2025 11:25:15.120887 GMT [INFO] [INFO   ] [Text        ] Provider: sdl2
Wed, 10 Sep 2025 11:25:15.197208 GMT [INFO] GL: NPOT texture support is available
Wed, 10 Sep 2025 11:25:15.197331 GMT [INFO] [INFO   ] [GL          ] NPOT texture support is available
Wed, 10 Sep 2025 11:25:15.203609 GMT [INFO] Clipboard: Provider: xsel(['clipboard_xclip'] ignored)
Wed, 10 Sep 2025 11:25:15.203738 GMT [INFO] [INFO   ] [Clipboard   ] Provider: xsel(['clipboard_xclip'] ignored)
Wed, 10 Sep 2025 11:25:15.203796 GMT [INFO] CutBuffer: cut buffer support enabled
Wed, 10 Sep 2025 11:25:15.203839 GMT [INFO] [INFO   ] [CutBuffer   ] cut buffer support enabled
Wed, 10 Sep 2025 11:25:15.257406 GMT [INFO] Base: Start application main loop
Wed, 10 Sep 2025 11:25:15.257546 GMT [INFO] [INFO   ] [Base        ] Start application main loop
Wed, 10 Sep 2025 11:25:19.820771 GMT [INFO] Base: Leaving application in progress...
Wed, 10 Sep 2025 11:25:19.820963 GMT [INFO] [INFO   ] [Base        ] Leaving application in progress...

********************************************************************************
APP STARTED at Wed, 10 Sep 2025 11:27:22.161212 GMT
Wed, 10 Sep 2025 11:27:22.173566 GMT [INFO] Kivy: v2.3.1
Wed, 10 Sep 2025 11:27:22.173715 GMT [INFO] Logger: Record log in /home/cai_test_wi/.kivy/logs/kivy_25-09-10_6.txt
Wed, 10 Sep 2025 11:27:22.173804 GMT [INFO] [INFO   ] [Logger      ] Record log in /home/cai_test_wi/.kivy/logs/kivy_25-09-10_6.txt
Wed, 10 Sep 2025 11:27:22.173873 GMT [INFO] [INFO   ] [Kivy        ] v2.3.1
Wed, 10 Sep 2025 11:27:22.173915 GMT [INFO] Kivy: Installed at "/home/cai_test_wi/.local/lib/python3.10/site-packages/kivy/__init__.py"
Wed, 10 Sep 2025 11:27:22.173953 GMT [INFO] [INFO   ] [Kivy        ] Installed at "/home/cai_test_wi/.local/lib/python3.10/site-packages/kivy/__init__.py"
Wed, 10 Sep 2025 11:27:22.173997 GMT [INFO] Python: v3.10.12 (main, May 27 2025, 17:12:29) [GCC 11.4.0]
Wed, 10 Sep 2025 11:27:22.174033 GMT [INFO] [INFO   ] [Python      ] v3.10.12 (main, May 27 2025, 17:12:29) [GCC 11.4.0]
Wed, 10 Sep 2025 11:27:22.174071 GMT [INFO] Python: Interpreter at "/usr/bin/python3"
Wed, 10 Sep 2025 11:27:22.174106 GMT [INFO] [INFO   ] [Python      ] Interpreter at "/usr/bin/python3"
Wed, 10 Sep 2025 11:27:22.174162 GMT [INFO] Logger: Purge log fired. Processing...
Wed, 10 Sep 2025 11:27:22.174242 GMT [INFO] [INFO   ] [Logger      ] Purge log fired. Processing...
Wed, 10 Sep 2025 11:27:22.174865 GMT [INFO] Logger: Purge finished!
Wed, 10 Sep 2025 11:27:22.174921 GMT [INFO] [INFO   ] [Logger      ] Purge finished!
Wed, 10 Sep 2025 11:27:22.194753 GMT [INFO] Factory: 195 symbols loaded
Wed, 10 Sep 2025 11:27:22.194864 GMT [INFO] [INFO   ] [Factory     ] 195 symbols loaded
Wed, 10 Sep 2025 11:27:22.246480 GMT [INFO] Image: Providers: img_tex, img_dds, img_sdl2, img_pil (img_ffpyplayer ignored)
Wed, 10 Sep 2025 11:27:22.246594 GMT [INFO] [INFO   ] [Image       ] Providers: img_tex, img_dds, img_sdl2, img_pil (img_ffpyplayer ignored)
Wed, 10 Sep 2025 11:27:22.255746 GMT [INFO] Window: Provider: sdl2
Wed, 10 Sep 2025 11:27:22.255848 GMT [INFO] [INFO   ] [Window      ] Provider: sdl2
Wed, 10 Sep 2025 11:27:22.334891 GMT [INFO] GL: Using the "OpenGL" graphics system
Wed, 10 Sep 2025 11:27:22.335053 GMT [INFO] [INFO   ] [GL          ] Using the "OpenGL" graphics system
Wed, 10 Sep 2025 11:27:22.335250 GMT [INFO] GL: Backend used <sdl2>
Wed, 10 Sep 2025 11:27:22.335311 GMT [INFO] [INFO   ] [GL          ] Backend used <sdl2>
Wed, 10 Sep 2025 11:27:22.335396 GMT [INFO] GL: OpenGL version <b'4.6 (Compatibility Profile) Mesa 24.0.0-devel (git-3ca1f35cbf)'>
Wed, 10 Sep 2025 11:27:22.335459 GMT [INFO] [INFO   ] [GL          ] OpenGL version <b'4.6 (Compatibility Profile) Mesa 24.0.0-devel (git-3ca1f35cbf)'>
Wed, 10 Sep 2025 11:27:22.335517 GMT [INFO] GL: OpenGL vendor <b'Intel'>
Wed, 10 Sep 2025 11:27:22.335572 GMT [INFO] [INFO   ] [GL          ] OpenGL vendor <b'Intel'>
Wed, 10 Sep 2025 11:27:22.335638 GMT [INFO] GL: OpenGL renderer <b'Mesa Intel(R) Xe Graphics (TGL GT2)'>
Wed, 10 Sep 2025 11:27:22.335718 GMT [INFO] [INFO   ] [GL          ] OpenGL renderer <b'Mesa Intel(R) Xe Graphics (TGL GT2)'>
Wed, 10 Sep 2025 11:27:22.335791 GMT [INFO] GL: OpenGL parsed version: 4, 6
Wed, 10 Sep 2025 11:27:22.335858 GMT [INFO] [INFO   ] [GL          ] OpenGL parsed version: 4, 6
Wed, 10 Sep 2025 11:27:22.335919 GMT [INFO] GL: Shading version <b'4.60'>
Wed, 10 Sep 2025 11:27:22.336039 GMT [INFO] [INFO   ] [GL          ] Shading version <b'4.60'>
Wed, 10 Sep 2025 11:27:22.336283 GMT [INFO] GL: Texture max size <16384>
Wed, 10 Sep 2025 11:27:22.336354 GMT [INFO] [INFO   ] [GL          ] Texture max size <16384>
Wed, 10 Sep 2025 11:27:22.336404 GMT [INFO] GL: Texture max units <32>
Wed, 10 Sep 2025 11:27:22.336442 GMT [INFO] [INFO   ] [GL          ] Texture max units <32>
Wed, 10 Sep 2025 11:27:22.345945 GMT [INFO] Window: auto add sdl2 input provider
Wed, 10 Sep 2025 11:27:22.346079 GMT [INFO] [INFO   ] [Window      ] auto add sdl2 input provider
Wed, 10 Sep 2025 11:27:22.346311 GMT [INFO] Window: virtual keyboard not allowed, single mode, not docked
Wed, 10 Sep 2025 11:27:22.346382 GMT [INFO] [INFO   ] [Window      ] virtual keyboard not allowed, single mode, not docked
Wed, 10 Sep 2025 11:27:22.355751 GMT [INFO] Text: Provider: sdl2
Wed, 10 Sep 2025 11:27:22.355870 GMT [INFO] [INFO   ] [Text        ] Provider: sdl2
Wed, 10 Sep 2025 11:27:22.432969 GMT [INFO] GL: NPOT texture support is available
Wed, 10 Sep 2025 11:27:22.433108 GMT [INFO] [INFO   ] [GL          ] NPOT texture support is available
Wed, 10 Sep 2025 11:27:22.439800 GMT [INFO] Clipboard: Provider: xsel(['clipboard_xclip'] ignored)
Wed, 10 Sep 2025 11:27:22.439914 GMT [INFO] [INFO   ] [Clipboard   ] Provider: xsel(['clipboard_xclip'] ignored)
Wed, 10 Sep 2025 11:27:22.439970 GMT [INFO] CutBuffer: cut buffer support enabled
Wed, 10 Sep 2025 11:27:22.440012 GMT [INFO] [INFO   ] [CutBuffer   ] cut buffer support enabled
Wed, 10 Sep 2025 11:27:22.502715 GMT [INFO] Base: Start application main loop
Wed, 10 Sep 2025 11:27:22.502863 GMT [INFO] [INFO   ] [Base        ] Start application main loop
Wed, 10 Sep 2025 11:27:42.813739 GMT [INFO] Base: Leaving application in progress...
Wed, 10 Sep 2025 11:27:42.813873 GMT [INFO] [INFO   ] [Base        ] Leaving application in progress...

********************************************************************************
APP STARTED at Wed, 10 Sep 2025 11:28:17.096493 GMT
Wed, 10 Sep 2025 11:28:17.108930 GMT [INFO] Kivy: v2.3.1
Wed, 10 Sep 2025 11:28:17.109064 GMT [INFO] Logger: Record log in /home/cai_test_wi/.kivy/logs/kivy_25-09-10_7.txt
Wed, 10 Sep 2025 11:28:17.109155 GMT [INFO] [INFO   ] [Logger      ] Record log in /home/cai_test_wi/.kivy/logs/kivy_25-09-10_7.txt
Wed, 10 Sep 2025 11:28:17.109232 GMT [INFO] [INFO   ] [Kivy        ] v2.3.1
Wed, 10 Sep 2025 11:28:17.109278 GMT [INFO] Kivy: Installed at "/home/cai_test_wi/.local/lib/python3.10/site-packages/kivy/__init__.py"
Wed, 10 Sep 2025 11:28:17.109325 GMT [INFO] [INFO   ] [Kivy        ] Installed at "/home/cai_test_wi/.local/lib/python3.10/site-packages/kivy/__init__.py"
Wed, 10 Sep 2025 11:28:17.109375 GMT [INFO] Python: v3.10.12 (main, May 27 2025, 17:12:29) [GCC 11.4.0]
Wed, 10 Sep 2025 11:28:17.109416 GMT [INFO] [INFO   ] [Python      ] v3.10.12 (main, May 27 2025, 17:12:29) [GCC 11.4.0]
Wed, 10 Sep 2025 11:28:17.109458 GMT [INFO] Python: Interpreter at "/usr/bin/python3"
Wed, 10 Sep 2025 11:28:17.109495 GMT [INFO] [INFO   ] [Python      ] Interpreter at "/usr/bin/python3"
Wed, 10 Sep 2025 11:28:17.109560 GMT [INFO] Logger: Purge log fired. Processing...
Wed, 10 Sep 2025 11:28:17.109647 GMT [INFO] [INFO   ] [Logger      ] Purge log fired. Processing...
Wed, 10 Sep 2025 11:28:17.110285 GMT [INFO] Logger: Purge finished!
Wed, 10 Sep 2025 11:28:17.110344 GMT [INFO] [INFO   ] [Logger      ] Purge finished!
Wed, 10 Sep 2025 11:28:17.129988 GMT [INFO] Factory: 195 symbols loaded
Wed, 10 Sep 2025 11:28:17.130093 GMT [INFO] [INFO   ] [Factory     ] 195 symbols loaded
Wed, 10 Sep 2025 11:28:17.181043 GMT [INFO] Image: Providers: img_tex, img_dds, img_sdl2, img_pil (img_ffpyplayer ignored)
Wed, 10 Sep 2025 11:28:17.181157 GMT [INFO] [INFO   ] [Image       ] Providers: img_tex, img_dds, img_sdl2, img_pil (img_ffpyplayer ignored)
Wed, 10 Sep 2025 11:28:17.190568 GMT [INFO] Window: Provider: sdl2
Wed, 10 Sep 2025 11:28:17.190689 GMT [INFO] [INFO   ] [Window      ] Provider: sdl2
Wed, 10 Sep 2025 11:28:17.301531 GMT [INFO] GL: Using the "OpenGL" graphics system
Wed, 10 Sep 2025 11:28:17.301733 GMT [INFO] [INFO   ] [GL          ] Using the "OpenGL" graphics system
Wed, 10 Sep 2025 11:28:17.302006 GMT [INFO] GL: Backend used <sdl2>
Wed, 10 Sep 2025 11:28:17.302110 GMT [INFO] [INFO   ] [GL          ] Backend used <sdl2>
Wed, 10 Sep 2025 11:28:17.302205 GMT [INFO] GL: OpenGL version <b'4.6 (Compatibility Profile) Mesa 24.0.0-devel (git-3ca1f35cbf)'>
Wed, 10 Sep 2025 11:28:17.302277 GMT [INFO] [INFO   ] [GL          ] OpenGL version <b'4.6 (Compatibility Profile) Mesa 24.0.0-devel (git-3ca1f35cbf)'>
Wed, 10 Sep 2025 11:28:17.302343 GMT [INFO] GL: OpenGL vendor <b'Intel'>
Wed, 10 Sep 2025 11:28:17.302405 GMT [INFO] [INFO   ] [GL          ] OpenGL vendor <b'Intel'>
Wed, 10 Sep 2025 11:28:17.302480 GMT [INFO] GL: OpenGL renderer <b'Mesa Intel(R) Xe Graphics (TGL GT2)'>
Wed, 10 Sep 2025 11:28:17.302544 GMT [INFO] [INFO   ] [GL          ] OpenGL renderer <b'Mesa Intel(R) Xe Graphics (TGL GT2)'>
Wed, 10 Sep 2025 11:28:17.302623 GMT [INFO] GL: OpenGL parsed version: 4, 6
Wed, 10 Sep 2025 11:28:17.302702 GMT [INFO] [INFO   ] [GL          ] OpenGL parsed version: 4, 6
Wed, 10 Sep 2025 11:28:17.302767 GMT [INFO] GL: Shading version <b'4.60'>
Wed, 10 Sep 2025 11:28:17.302829 GMT [INFO] [INFO   ] [GL          ] Shading version <b'4.60'>
Wed, 10 Sep 2025 11:28:17.303007 GMT [INFO] GL: Texture max size <16384>
Wed, 10 Sep 2025 11:28:17.303068 GMT [INFO] [INFO   ] [GL          ] Texture max size <16384>
Wed, 10 Sep 2025 11:28:17.303135 GMT [INFO] GL: Texture max units <32>
Wed, 10 Sep 2025 11:28:17.303191 GMT [INFO] [INFO   ] [GL          ] Texture max units <32>
Wed, 10 Sep 2025 11:28:17.312548 GMT [INFO] Window: auto add sdl2 input provider
Wed, 10 Sep 2025 11:28:17.312744 GMT [INFO] [INFO   ] [Window      ] auto add sdl2 input provider
Wed, 10 Sep 2025 11:28:17.312977 GMT [INFO] Window: virtual keyboard not allowed, single mode, not docked
Wed, 10 Sep 2025 11:28:17.313058 GMT [INFO] [INFO   ] [Window      ] virtual keyboard not allowed, single mode, not docked
Wed, 10 Sep 2025 11:28:17.323118 GMT [INFO] Text: Provider: sdl2
Wed, 10 Sep 2025 11:28:17.323269 GMT [INFO] [INFO   ] [Text        ] Provider: sdl2
Wed, 10 Sep 2025 11:28:17.413884 GMT [INFO] GL: NPOT texture support is available
Wed, 10 Sep 2025 11:28:17.414012 GMT [INFO] [INFO   ] [GL          ] NPOT texture support is available
Wed, 10 Sep 2025 11:28:17.420474 GMT [INFO] Clipboard: Provider: xsel(['clipboard_xclip'] ignored)
Wed, 10 Sep 2025 11:28:17.420583 GMT [INFO] [INFO   ] [Clipboard   ] Provider: xsel(['clipboard_xclip'] ignored)
Wed, 10 Sep 2025 11:28:17.420650 GMT [INFO] CutBuffer: cut buffer support enabled
Wed, 10 Sep 2025 11:28:17.420699 GMT [INFO] [INFO   ] [CutBuffer   ] cut buffer support enabled
Wed, 10 Sep 2025 11:28:17.477201 GMT [INFO] Base: Start application main loop
Wed, 10 Sep 2025 11:28:17.477400 GMT [INFO] [INFO   ] [Base        ] Start application main loop
Wed, 10 Sep 2025 11:28:42.480549 GMT [INFO] Base: Leaving application in progress...
Wed, 10 Sep 2025 11:28:42.480739 GMT [INFO] [INFO   ] [Base        ] Leaving application in progress...

********************************************************************************
APP STARTED at Wed, 10 Sep 2025 11:31:56.294360 GMT
Wed, 10 Sep 2025 11:31:56.306555 GMT [INFO] Kivy: v2.3.1
Wed, 10 Sep 2025 11:31:56.306709 GMT [INFO] Logger: Record log in /home/cai_test_wi/.kivy/logs/kivy_25-09-10_9.txt
Wed, 10 Sep 2025 11:31:56.306796 GMT [INFO] [INFO   ] [Logger      ] Record log in /home/cai_test_wi/.kivy/logs/kivy_25-09-10_9.txt
Wed, 10 Sep 2025 11:31:56.306878 GMT [INFO] [INFO   ] [Kivy        ] v2.3.1
Wed, 10 Sep 2025 11:31:56.306919 GMT [INFO] Kivy: Installed at "/home/cai_test_wi/.local/lib/python3.10/site-packages/kivy/__init__.py"
Wed, 10 Sep 2025 11:31:56.306958 GMT [INFO] [INFO   ] [Kivy        ] Installed at "/home/cai_test_wi/.local/lib/python3.10/site-packages/kivy/__init__.py"
Wed, 10 Sep 2025 11:31:56.307002 GMT [INFO] Python: v3.10.12 (main, May 27 2025, 17:12:29) [GCC 11.4.0]
Wed, 10 Sep 2025 11:31:56.307040 GMT [INFO] [INFO   ] [Python      ] v3.10.12 (main, May 27 2025, 17:12:29) [GCC 11.4.0]
Wed, 10 Sep 2025 11:31:56.307078 GMT [INFO] Python: Interpreter at "/usr/bin/python3"
Wed, 10 Sep 2025 11:31:56.307113 GMT [INFO] [INFO   ] [Python      ] Interpreter at "/usr/bin/python3"
Wed, 10 Sep 2025 11:31:56.307169 GMT [INFO] Logger: Purge log fired. Processing...
Wed, 10 Sep 2025 11:31:56.307251 GMT [INFO] [INFO   ] [Logger      ] Purge log fired. Processing...
Wed, 10 Sep 2025 11:31:56.307870 GMT [INFO] Logger: Purge finished!
Wed, 10 Sep 2025 11:31:56.307933 GMT [INFO] [INFO   ] [Logger      ] Purge finished!
Wed, 10 Sep 2025 11:31:56.327664 GMT [INFO] Factory: 195 symbols loaded
Wed, 10 Sep 2025 11:31:56.327775 GMT [INFO] [INFO   ] [Factory     ] 195 symbols loaded
Wed, 10 Sep 2025 11:31:56.378301 GMT [INFO] Image: Providers: img_tex, img_dds, img_sdl2, img_pil (img_ffpyplayer ignored)
Wed, 10 Sep 2025 11:31:56.378431 GMT [INFO] [INFO   ] [Image       ] Providers: img_tex, img_dds, img_sdl2, img_pil (img_ffpyplayer ignored)
Wed, 10 Sep 2025 11:31:56.387641 GMT [INFO] Window: Provider: sdl2
Wed, 10 Sep 2025 11:31:56.387763 GMT [INFO] [INFO   ] [Window      ] Provider: sdl2
Wed, 10 Sep 2025 11:31:56.484113 GMT [INFO] GL: Using the "OpenGL" graphics system
Wed, 10 Sep 2025 11:31:56.484344 GMT [INFO] [INFO   ] [GL          ] Using the "OpenGL" graphics system
Wed, 10 Sep 2025 11:31:56.484641 GMT [INFO] GL: Backend used <sdl2>
Wed, 10 Sep 2025 11:31:56.484771 GMT [INFO] [INFO   ] [GL          ] Backend used <sdl2>
Wed, 10 Sep 2025 11:31:56.484869 GMT [INFO] GL: OpenGL version <b'4.6 (Compatibility Profile) Mesa 24.0.0-devel (git-3ca1f35cbf)'>
Wed, 10 Sep 2025 11:31:56.484941 GMT [INFO] [INFO   ] [GL          ] OpenGL version <b'4.6 (Compatibility Profile) Mesa 24.0.0-devel (git-3ca1f35cbf)'>
Wed, 10 Sep 2025 11:31:56.485007 GMT [INFO] GL: OpenGL vendor <b'Intel'>
Wed, 10 Sep 2025 11:31:56.485073 GMT [INFO] [INFO   ] [GL          ] OpenGL vendor <b'Intel'>
Wed, 10 Sep 2025 11:31:56.485139 GMT [INFO] GL: OpenGL renderer <b'Mesa Intel(R) Xe Graphics (TGL GT2)'>
Wed, 10 Sep 2025 11:31:56.485203 GMT [INFO] [INFO   ] [GL          ] OpenGL renderer <b'Mesa Intel(R) Xe Graphics (TGL GT2)'>
Wed, 10 Sep 2025 11:31:56.485281 GMT [INFO] GL: OpenGL parsed version: 4, 6
Wed, 10 Sep 2025 11:31:56.485347 GMT [INFO] [INFO   ] [GL          ] OpenGL parsed version: 4, 6
Wed, 10 Sep 2025 11:31:56.485413 GMT [INFO] GL: Shading version <b'4.60'>
Wed, 10 Sep 2025 11:31:56.485471 GMT [INFO] [INFO   ] [GL          ] Shading version <b'4.60'>
Wed, 10 Sep 2025 11:31:56.485673 GMT [INFO] GL: Texture max size <16384>
Wed, 10 Sep 2025 11:31:56.485763 GMT [INFO] [INFO   ] [GL          ] Texture max size <16384>
Wed, 10 Sep 2025 11:31:56.485839 GMT [INFO] GL: Texture max units <32>
Wed, 10 Sep 2025 11:31:56.485901 GMT [INFO] [INFO   ] [GL          ] Texture max units <32>
Wed, 10 Sep 2025 11:31:56.498031 GMT [INFO] Window: auto add sdl2 input provider
Wed, 10 Sep 2025 11:31:56.498226 GMT [INFO] [INFO   ] [Window      ] auto add sdl2 input provider
Wed, 10 Sep 2025 11:31:56.498519 GMT [INFO] Window: virtual keyboard not allowed, single mode, not docked
Wed, 10 Sep 2025 11:31:56.498615 GMT [INFO] [INFO   ] [Window      ] virtual keyboard not allowed, single mode, not docked
Wed, 10 Sep 2025 11:31:56.508093 GMT [INFO] Text: Provider: sdl2
Wed, 10 Sep 2025 11:31:56.508215 GMT [INFO] [INFO   ] [Text        ] Provider: sdl2
Wed, 10 Sep 2025 11:31:56.589890 GMT [INFO] GL: NPOT texture support is available
Wed, 10 Sep 2025 11:31:56.590056 GMT [INFO] [INFO   ] [GL          ] NPOT texture support is available
Wed, 10 Sep 2025 11:31:56.597458 GMT [INFO] Clipboard: Provider: xsel(['clipboard_xclip'] ignored)
Wed, 10 Sep 2025 11:31:56.597591 GMT [INFO] [INFO   ] [Clipboard   ] Provider: xsel(['clipboard_xclip'] ignored)
Wed, 10 Sep 2025 11:31:56.597660 GMT [INFO] CutBuffer: cut buffer support enabled
Wed, 10 Sep 2025 11:31:56.597708 GMT [INFO] [INFO   ] [CutBuffer   ] cut buffer support enabled
Wed, 10 Sep 2025 11:31:56.653662 GMT [INFO] Base: Start application main loop
Wed, 10 Sep 2025 11:31:56.653840 GMT [INFO] [INFO   ] [Base        ] Start application main loop
Wed, 10 Sep 2025 11:32:12.751492 GMT [INFO] Base: Leaving application in progress...
Wed, 10 Sep 2025 11:32:12.751817 GMT [INFO] [INFO   ] [Base        ] Leaving application in progress...

********************************************************************************
APP STARTED at Mon, 22 Sep 2025 04:55:34.602428 GMT
Mon, 22 Sep 2025 04:55:34.621807 GMT [INFO] Kivy: v2.3.1
Mon, 22 Sep 2025 04:55:34.622055 GMT [INFO] Logger: Record log in /home/cai_test_wi/.kivy/logs/kivy_25-09-22_0.txt
Mon, 22 Sep 2025 04:55:34.622126 GMT [INFO] [INFO   ] [Logger      ] Record log in /home/cai_test_wi/.kivy/logs/kivy_25-09-22_0.txt
Mon, 22 Sep 2025 04:55:34.622186 GMT [INFO] [INFO   ] [Kivy        ] v2.3.1
Mon, 22 Sep 2025 04:55:34.622223 GMT [INFO] Kivy: Installed at "/home/cai_test_wi/.local/lib/python3.10/site-packages/kivy/__init__.py"
Mon, 22 Sep 2025 04:55:34.622255 GMT [INFO] [INFO   ] [Kivy        ] Installed at "/home/cai_test_wi/.local/lib/python3.10/site-packages/kivy/__init__.py"
Mon, 22 Sep 2025 04:55:34.622292 GMT [INFO] Python: v3.10.12 (main, May 27 2025, 17:12:29) [GCC 11.4.0]
Mon, 22 Sep 2025 04:55:34.622322 GMT [INFO] [INFO   ] [Python      ] v3.10.12 (main, May 27 2025, 17:12:29) [GCC 11.4.0]
Mon, 22 Sep 2025 04:55:34.622355 GMT [INFO] Python: Interpreter at "/usr/bin/python3"
Mon, 22 Sep 2025 04:55:34.622385 GMT [INFO] [INFO   ] [Python      ] Interpreter at "/usr/bin/python3"
Mon, 22 Sep 2025 04:55:34.622433 GMT [INFO] Logger: Purge log fired. Processing...
Mon, 22 Sep 2025 04:55:34.622502 GMT [INFO] [INFO   ] [Logger      ] Purge log fired. Processing...
Mon, 22 Sep 2025 04:55:34.623292 GMT [INFO] Logger: Purge finished!
Mon, 22 Sep 2025 04:55:34.623340 GMT [INFO] [INFO   ] [Logger      ] Purge finished!
Mon, 22 Sep 2025 04:55:34.654868 GMT [INFO] Factory: 195 symbols loaded
Mon, 22 Sep 2025 04:55:34.654967 GMT [INFO] [INFO   ] [Factory     ] 195 symbols loaded
Mon, 22 Sep 2025 04:55:34.747984 GMT [INFO] Image: Providers: img_tex, img_dds, img_sdl2, img_pil (img_ffpyplayer ignored)
Mon, 22 Sep 2025 04:55:34.748078 GMT [INFO] [INFO   ] [Image       ] Providers: img_tex, img_dds, img_sdl2, img_pil (img_ffpyplayer ignored)
Mon, 22 Sep 2025 04:55:34.786304 GMT [INFO] Window: Provider: sdl2
Mon, 22 Sep 2025 04:55:34.786394 GMT [INFO] [INFO   ] [Window      ] Provider: sdl2
Mon, 22 Sep 2025 04:55:34.870766 GMT [INFO] GL: Using the "OpenGL" graphics system
Mon, 22 Sep 2025 04:55:34.870923 GMT [INFO] [INFO   ] [GL          ] Using the "OpenGL" graphics system
Mon, 22 Sep 2025 04:55:34.871149 GMT [INFO] GL: Backend used <sdl2>
Mon, 22 Sep 2025 04:55:34.871211 GMT [INFO] [INFO   ] [GL          ] Backend used <sdl2>
Mon, 22 Sep 2025 04:55:34.871289 GMT [INFO] GL: OpenGL version <b'4.6 (Compatibility Profile) Mesa 24.0.0-devel (git-3ca1f35cbf)'>
Mon, 22 Sep 2025 04:55:34.871351 GMT [INFO] [INFO   ] [GL          ] OpenGL version <b'4.6 (Compatibility Profile) Mesa 24.0.0-devel (git-3ca1f35cbf)'>
Mon, 22 Sep 2025 04:55:34.871412 GMT [INFO] GL: OpenGL vendor <b'Intel'>
Mon, 22 Sep 2025 04:55:34.871472 GMT [INFO] [INFO   ] [GL          ] OpenGL vendor <b'Intel'>
Mon, 22 Sep 2025 04:55:34.871541 GMT [INFO] GL: OpenGL renderer <b'Mesa Intel(R) Xe Graphics (TGL GT2)'>
Mon, 22 Sep 2025 04:55:34.871614 GMT [INFO] [INFO   ] [GL          ] OpenGL renderer <b'Mesa Intel(R) Xe Graphics (TGL GT2)'>
Mon, 22 Sep 2025 04:55:34.871689 GMT [INFO] GL: OpenGL parsed version: 4, 6
Mon, 22 Sep 2025 04:55:34.871747 GMT [INFO] [INFO   ] [GL          ] OpenGL parsed version: 4, 6
Mon, 22 Sep 2025 04:55:34.871811 GMT [INFO] GL: Shading version <b'4.60'>
Mon, 22 Sep 2025 04:55:34.871871 GMT [INFO] [INFO   ] [GL          ] Shading version <b'4.60'>
Mon, 22 Sep 2025 04:55:34.872059 GMT [INFO] GL: Texture max size <16384>
Mon, 22 Sep 2025 04:55:34.872107 GMT [INFO] [INFO   ] [GL          ] Texture max size <16384>
Mon, 22 Sep 2025 04:55:34.872150 GMT [INFO] GL: Texture max units <32>
Mon, 22 Sep 2025 04:55:34.872186 GMT [INFO] [INFO   ] [GL          ] Texture max units <32>
Mon, 22 Sep 2025 04:55:34.882965 GMT [INFO] Window: auto add sdl2 input provider
Mon, 22 Sep 2025 04:55:34.883096 GMT [INFO] [INFO   ] [Window      ] auto add sdl2 input provider
Mon, 22 Sep 2025 04:55:34.884140 GMT [INFO] Window: virtual keyboard not allowed, single mode, not docked
Mon, 22 Sep 2025 04:55:34.884241 GMT [INFO] [INFO   ] [Window      ] virtual keyboard not allowed, single mode, not docked
Mon, 22 Sep 2025 04:55:34.910586 GMT [INFO] Text: Provider: sdl2
Mon, 22 Sep 2025 04:55:34.910705 GMT [INFO] [INFO   ] [Text        ] Provider: sdl2
Mon, 22 Sep 2025 04:55:35.024316 GMT [INFO] GL: NPOT texture support is available
Mon, 22 Sep 2025 04:55:35.024509 GMT [INFO] [INFO   ] [GL          ] NPOT texture support is available
Mon, 22 Sep 2025 04:55:35.033990 GMT [INFO] Clipboard: Provider: xsel(['clipboard_xclip'] ignored)
Mon, 22 Sep 2025 04:55:35.034098 GMT [INFO] [INFO   ] [Clipboard   ] Provider: xsel(['clipboard_xclip'] ignored)
Mon, 22 Sep 2025 04:55:35.034149 GMT [INFO] CutBuffer: cut buffer support enabled
Mon, 22 Sep 2025 04:55:35.034188 GMT [INFO] [INFO   ] [CutBuffer   ] cut buffer support enabled
Mon, 22 Sep 2025 04:55:35.088503 GMT [INFO] Base: Start application main loop
Mon, 22 Sep 2025 04:55:35.088731 GMT [INFO] [INFO   ] [Base        ] Start application main loop
Mon, 22 Sep 2025 04:55:57.926181 GMT [INFO] Base: Leaving application in progress...
Mon, 22 Sep 2025 04:55:57.926400 GMT [INFO] [INFO   ] [Base        ] Leaving application in progress...
