
********************************************************************************
APP STARTED at Tue, 09 Sep 2025 08:52:30.370503 GMT
Tue, 09 Sep 2025 08:52:30.370649 GMT [ERROR] Traceback (most recent call last):
Tue, 09 Sep 2025 08:52:30.370837 GMT [ERROR] File "/home/cai_test_wi/Maha/Config_UI/M-Series/main.py", line 2, in <module>
Tue, 09 Sep 2025 08:52:30.370944 GMT [ERROR] from kivy.app import App
Tue, 09 Sep 2025 08:52:30.370981 GMT [ERROR] ModuleNotFoundError
Tue, 09 Sep 2025 08:52:30.371013 GMT [ERROR] :
Tue, 09 Sep 2025 08:52:30.371032 GMT [ERROR] No module named 'kivy'

********************************************************************************
APP STARTED at Tue, 09 Sep 2025 08:52:33.719050 GMT
Tue, 09 Sep 2025 08:52:33.719165 GMT [ERROR] Traceback (most recent call last):
Tue, 09 Sep 2025 08:52:33.719273 GMT [ERROR] File "/home/cai_test_wi/Maha/Config_UI/M-Series/main.py", line 2, in <module>
Tue, 09 Sep 2025 08:52:33.719321 GMT [ERROR] from kivy.app import App
Tue, 09 Sep 2025 08:52:33.719344 GMT [ERROR] ModuleNotFoundError
Tue, 09 Sep 2025 08:52:33.719364 GMT [ERROR] :
Tue, 09 Sep 2025 08:52:33.719380 GMT [ERROR] No module named 'kivy'

********************************************************************************
APP STARTED at Tue, 09 Sep 2025 08:53:01.115665 GMT
Tue, 09 Sep 2025 08:53:01.299281 GMT [WARNING] stderr: Traceback (most recent call last):
Tue, 09 Sep 2025 08:53:01.299378 GMT [ERROR] Traceback (most recent call last):
Tue, 09 Sep 2025 08:53:01.299469 GMT [WARNING] stderr:   File "/home/cai_test_wi/Maha/Config_UI/M-Series/main.py", line 5, in <module>
Tue, 09 Sep 2025 08:53:01.299528 GMT [ERROR] File "/home/cai_test_wi/Maha/Config_UI/M-Series/main.py", line 5, in <module>
Tue, 09 Sep 2025 08:53:01.299664 GMT [WARNING] stderr:     from utils.yaml_utils import  sync_zones_from_conc_to_config
Tue, 09 Sep 2025 08:53:01.299727 GMT [ERROR] from utils.yaml_utils import  sync_zones_from_conc_to_config
Tue, 09 Sep 2025 08:53:01.299794 GMT [WARNING] stderr:   File "/home/cai_test_wi/Maha/Config_UI/M-Series/utils/yaml_utils.py", line 4, in <module>
Tue, 09 Sep 2025 08:53:01.299838 GMT [ERROR] File "/home/cai_test_wi/Maha/Config_UI/M-Series/utils/yaml_utils.py", line 4, in <module>
Tue, 09 Sep 2025 08:53:01.299973 GMT [WARNING] stderr:     from ruamel.yaml import YAML
Tue, 09 Sep 2025 08:53:01.300031 GMT [ERROR] from ruamel.yaml import YAML
Tue, 09 Sep 2025 08:53:01.300108 GMT [WARNING] stderr: ModuleNotFoundError: No module named 'ruamel'
Tue, 09 Sep 2025 08:53:01.300150 GMT [ERROR] ModuleNotFoundError: No module named 'ruamel'

********************************************************************************
APP STARTED at Tue, 09 Sep 2025 08:55:09.930140 GMT
Tue, 09 Sep 2025 08:55:10.194789 GMT [WARNING] stderr: Traceback (most recent call last):
Tue, 09 Sep 2025 08:55:10.194890 GMT [ERROR] Traceback (most recent call last):
Tue, 09 Sep 2025 08:55:10.194976 GMT [WARNING] stderr:   File "/home/cai_test_wi/Maha/Config_UI/M-Series/main.py", line 45, in <module>
Tue, 09 Sep 2025 08:55:10.195015 GMT [ERROR] File "/home/cai_test_wi/Maha/Config_UI/M-Series/main.py", line 45, in <module>
Tue, 09 Sep 2025 08:55:10.195114 GMT [WARNING] stderr:     sync_zones_from_conc_to_config("config.yaml", "conc.yaml")
Tue, 09 Sep 2025 08:55:10.195155 GMT [ERROR] sync_zones_from_conc_to_config("config.yaml", "conc.yaml")
Tue, 09 Sep 2025 08:55:10.195214 GMT [WARNING] stderr:   File "/home/cai_test_wi/Maha/Config_UI/M-Series/utils/yaml_utils.py", line 359, in sync_zones_from_conc_to_config
Tue, 09 Sep 2025 08:55:10.195249 GMT [ERROR] File "/home/cai_test_wi/Maha/Config_UI/M-Series/utils/yaml_utils.py", line 359, in sync_zones_from_conc_to_config
Tue, 09 Sep 2025 08:55:10.195383 GMT [WARNING] stderr:     cfg = yaml.load(f)
Tue, 09 Sep 2025 08:55:10.195426 GMT [ERROR] cfg = yaml.load(f)
Tue, 09 Sep 2025 08:55:10.195482 GMT [WARNING] stderr:   File "/home/cai_test_wi/Maha/Config_UI/M-Series/config/lib/python3.10/site-packages/ruamel/yaml/main.py", line 453, in load
Tue, 09 Sep 2025 08:55:10.195516 GMT [ERROR] File "/home/cai_test_wi/Maha/Config_UI/M-Series/config/lib/python3.10/site-packages/ruamel/yaml/main.py", line 453, in load
Tue, 09 Sep 2025 08:55:10.195634 GMT [WARNING] stderr:     return constructor.get_single_data()
Tue, 09 Sep 2025 08:55:10.195672 GMT [ERROR] return constructor.get_single_data()
Tue, 09 Sep 2025 08:55:10.195722 GMT [WARNING] stderr:   File "/home/cai_test_wi/Maha/Config_UI/M-Series/config/lib/python3.10/site-packages/ruamel/yaml/constructor.py", line 117, in get_single_data
Tue, 09 Sep 2025 08:55:10.195762 GMT [ERROR] File "/home/cai_test_wi/Maha/Config_UI/M-Series/config/lib/python3.10/site-packages/ruamel/yaml/constructor.py", line 117, in get_single_data
Tue, 09 Sep 2025 08:55:10.195841 GMT [WARNING] stderr:     node = self.composer.get_single_node()
Tue, 09 Sep 2025 08:55:10.195879 GMT [ERROR] node = self.composer.get_single_node()
Tue, 09 Sep 2025 08:55:10.195933 GMT [WARNING] stderr:   File "/home/cai_test_wi/Maha/Config_UI/M-Series/config/lib/python3.10/site-packages/ruamel/yaml/composer.py", line 72, in get_single_node
Tue, 09 Sep 2025 08:55:10.195969 GMT [ERROR] File "/home/cai_test_wi/Maha/Config_UI/M-Series/config/lib/python3.10/site-packages/ruamel/yaml/composer.py", line 72, in get_single_node
Tue, 09 Sep 2025 08:55:10.196044 GMT [WARNING] stderr:     document = self.compose_document()
Tue, 09 Sep 2025 08:55:10.196081 GMT [ERROR] document = self.compose_document()
Tue, 09 Sep 2025 08:55:10.196132 GMT [WARNING] stderr:   File "/home/cai_test_wi/Maha/Config_UI/M-Series/config/lib/python3.10/site-packages/ruamel/yaml/composer.py", line 95, in compose_document
Tue, 09 Sep 2025 08:55:10.196164 GMT [ERROR] File "/home/cai_test_wi/Maha/Config_UI/M-Series/config/lib/python3.10/site-packages/ruamel/yaml/composer.py", line 95, in compose_document
Tue, 09 Sep 2025 08:55:10.196242 GMT [WARNING] stderr:     node = self.compose_node(None, None)
Tue, 09 Sep 2025 08:55:10.196277 GMT [ERROR] node = self.compose_node(None, None)
Tue, 09 Sep 2025 08:55:10.196328 GMT [WARNING] stderr:   File "/home/cai_test_wi/Maha/Config_UI/M-Series/config/lib/python3.10/site-packages/ruamel/yaml/composer.py", line 130, in compose_node
Tue, 09 Sep 2025 08:55:10.196361 GMT [ERROR] File "/home/cai_test_wi/Maha/Config_UI/M-Series/config/lib/python3.10/site-packages/ruamel/yaml/composer.py", line 130, in compose_node
Tue, 09 Sep 2025 08:55:10.196443 GMT [WARNING] stderr:     node = self.compose_mapping_node(anchor)
Tue, 09 Sep 2025 08:55:10.196479 GMT [ERROR] node = self.compose_mapping_node(anchor)
Tue, 09 Sep 2025 08:55:10.196532 GMT [WARNING] stderr:   File "/home/cai_test_wi/Maha/Config_UI/M-Series/config/lib/python3.10/site-packages/ruamel/yaml/composer.py", line 212, in compose_mapping_node
Tue, 09 Sep 2025 08:55:10.196565 GMT [ERROR] File "/home/cai_test_wi/Maha/Config_UI/M-Series/config/lib/python3.10/site-packages/ruamel/yaml/composer.py", line 212, in compose_mapping_node
Tue, 09 Sep 2025 08:55:10.196646 GMT [WARNING] stderr:     item_value = self.compose_node(node, item_key)
Tue, 09 Sep 2025 08:55:10.196681 GMT [ERROR] item_value = self.compose_node(node, item_key)
Tue, 09 Sep 2025 08:55:10.196730 GMT [WARNING] stderr:   File "/home/cai_test_wi/Maha/Config_UI/M-Series/config/lib/python3.10/site-packages/ruamel/yaml/composer.py", line 106, in compose_node
Tue, 09 Sep 2025 08:55:10.196762 GMT [ERROR] File "/home/cai_test_wi/Maha/Config_UI/M-Series/config/lib/python3.10/site-packages/ruamel/yaml/composer.py", line 106, in compose_node
Tue, 09 Sep 2025 08:55:10.196834 GMT [WARNING] stderr:     if self.parser.check_event(AliasEvent):
Tue, 09 Sep 2025 08:55:10.196869 GMT [ERROR] if self.parser.check_event(AliasEvent):
Tue, 09 Sep 2025 08:55:10.196917 GMT [WARNING] stderr:   File "/home/cai_test_wi/Maha/Config_UI/M-Series/config/lib/python3.10/site-packages/ruamel/yaml/parser.py", line 141, in check_event
Tue, 09 Sep 2025 08:55:10.196955 GMT [ERROR] File "/home/cai_test_wi/Maha/Config_UI/M-Series/config/lib/python3.10/site-packages/ruamel/yaml/parser.py", line 141, in check_event
Tue, 09 Sep 2025 08:55:10.197034 GMT [WARNING] stderr:     self.current_event = self.state()
Tue, 09 Sep 2025 08:55:10.197073 GMT [ERROR] self.current_event = self.state()
Tue, 09 Sep 2025 08:55:10.197125 GMT [WARNING] stderr:   File "/home/cai_test_wi/Maha/Config_UI/M-Series/config/lib/python3.10/site-packages/ruamel/yaml/parser.py", line 631, in parse_block_mapping_value
Tue, 09 Sep 2025 08:55:10.197157 GMT [ERROR] File "/home/cai_test_wi/Maha/Config_UI/M-Series/config/lib/python3.10/site-packages/ruamel/yaml/parser.py", line 631, in parse_block_mapping_value
Tue, 09 Sep 2025 08:55:10.197271 GMT [WARNING] stderr:     if self.scanner.check_token(ValueToken):
Tue, 09 Sep 2025 08:55:10.197307 GMT [ERROR] if self.scanner.check_token(ValueToken):
Tue, 09 Sep 2025 08:55:10.197358 GMT [WARNING] stderr:   File "/home/cai_test_wi/Maha/Config_UI/M-Series/config/lib/python3.10/site-packages/ruamel/yaml/scanner.py", line 1735, in check_token
Tue, 09 Sep 2025 08:55:10.197390 GMT [ERROR] File "/home/cai_test_wi/Maha/Config_UI/M-Series/config/lib/python3.10/site-packages/ruamel/yaml/scanner.py", line 1735, in check_token
Tue, 09 Sep 2025 08:55:10.197577 GMT [WARNING] stderr:     self._gather_comments()
Tue, 09 Sep 2025 08:55:10.197613 GMT [ERROR] self._gather_comments()
Tue, 09 Sep 2025 08:55:10.197665 GMT [WARNING] stderr:   File "/home/cai_test_wi/Maha/Config_UI/M-Series/config/lib/python3.10/site-packages/ruamel/yaml/scanner.py", line 1775, in _gather_comments
Tue, 09 Sep 2025 08:55:10.197697 GMT [ERROR] File "/home/cai_test_wi/Maha/Config_UI/M-Series/config/lib/python3.10/site-packages/ruamel/yaml/scanner.py", line 1775, in _gather_comments
Tue, 09 Sep 2025 08:55:10.197890 GMT [WARNING] stderr:     self.fetch_more_tokens()
Tue, 09 Sep 2025 08:55:10.197927 GMT [ERROR] self.fetch_more_tokens()
Tue, 09 Sep 2025 08:55:10.197995 GMT [WARNING] stderr:   File "/home/cai_test_wi/Maha/Config_UI/M-Series/config/lib/python3.10/site-packages/ruamel/yaml/scanner.py", line 278, in fetch_more_tokens
Tue, 09 Sep 2025 08:55:10.198031 GMT [ERROR] File "/home/cai_test_wi/Maha/Config_UI/M-Series/config/lib/python3.10/site-packages/ruamel/yaml/scanner.py", line 278, in fetch_more_tokens
Tue, 09 Sep 2025 08:55:10.198120 GMT [WARNING] stderr:     return self.fetch_value()
Tue, 09 Sep 2025 08:55:10.198159 GMT [ERROR] return self.fetch_value()
Tue, 09 Sep 2025 08:55:10.198210 GMT [WARNING] stderr:   File "/home/cai_test_wi/Maha/Config_UI/M-Series/config/lib/python3.10/site-packages/ruamel/yaml/scanner.py", line 628, in fetch_value
Tue, 09 Sep 2025 08:55:10.198243 GMT [ERROR] File "/home/cai_test_wi/Maha/Config_UI/M-Series/config/lib/python3.10/site-packages/ruamel/yaml/scanner.py", line 628, in fetch_value
Tue, 09 Sep 2025 08:55:10.198354 GMT [WARNING] stderr:     raise ScannerError(
Tue, 09 Sep 2025 08:55:10.198390 GMT [ERROR] raise ScannerError(
Tue, 09 Sep 2025 08:55:10.198451 GMT [WARNING] stderr: ruamel.yaml.scanner.ScannerError: mapping values are not allowed here
Tue, 09 Sep 2025 08:55:10.198485 GMT [ERROR] ruamel.yaml.scanner.ScannerError: mapping values are not allowed here
Tue, 09 Sep 2025 08:55:10.198534 GMT [WARNING] stderr:   in "config.yaml", line 4, column 14
Tue, 09 Sep 2025 08:55:10.198565 GMT [ERROR] in "config.yaml", line 4, column 14

********************************************************************************
APP STARTED at Tue, 09 Sep 2025 08:58:07.448043 GMT

********************************************************************************
APP STARTED at Tue, 09 Sep 2025 09:16:02.668431 GMT
Tue, 09 Sep 2025 09:16:02.989712 GMT [WARNING] stderr: Traceback (most recent call last):
Tue, 09 Sep 2025 09:16:02.989812 GMT [ERROR] Traceback (most recent call last):
Tue, 09 Sep 2025 09:16:02.989876 GMT [WARNING] stderr:   File "kivy/_event.pyx", line 235, in kivy._event.EventDispatcher.__init__
Tue, 09 Sep 2025 09:16:02.989906 GMT [ERROR] File "kivy/_event.pyx", line 235, in kivy._event.EventDispatcher.__init__
Tue, 09 Sep 2025 09:16:02.990033 GMT [WARNING] stderr: TypeError: object.__init__() takes exactly one argument (the instance to initialize)
Tue, 09 Sep 2025 09:16:02.990068 GMT [ERROR] TypeError: object.__init__() takes exactly one argument (the instance to initialize)
Tue, 09 Sep 2025 09:16:02.990126 GMT [WARNING] stderr: 
Tue, 09 Sep 2025 09:16:02.990155 GMT [WARNING] stderr: The above exception was the direct cause of the following exception:
Tue, 09 Sep 2025 09:16:02.990179 GMT [ERROR] The above exception was the direct cause of the following exception:
Tue, 09 Sep 2025 09:16:02.990219 GMT [WARNING] stderr: 
Tue, 09 Sep 2025 09:16:02.990245 GMT [WARNING] stderr: Traceback (most recent call last):
Tue, 09 Sep 2025 09:16:02.990269 GMT [ERROR] Traceback (most recent call last):
Tue, 09 Sep 2025 09:16:02.990311 GMT [WARNING] stderr:   File "/home/cai_test_wi/Maha/Config_UI/M-Series/main.py", line 46, in <module>
Tue, 09 Sep 2025 09:16:02.990341 GMT [ERROR] File "/home/cai_test_wi/Maha/Config_UI/M-Series/main.py", line 46, in <module>
Tue, 09 Sep 2025 09:16:02.990435 GMT [WARNING] stderr:     ConfigApp().run()
Tue, 09 Sep 2025 09:16:02.990465 GMT [ERROR] ConfigApp().run()
Tue, 09 Sep 2025 09:16:02.990508 GMT [WARNING] stderr:   File "/home/cai_test_wi/Maha/Config_UI/M-Series/config/lib/python3.10/site-packages/kivy/app.py", line 955, in run
Tue, 09 Sep 2025 09:16:02.990533 GMT [ERROR] File "/home/cai_test_wi/Maha/Config_UI/M-Series/config/lib/python3.10/site-packages/kivy/app.py", line 955, in run
Tue, 09 Sep 2025 09:16:02.990746 GMT [WARNING] stderr:     self._run_prepare()
Tue, 09 Sep 2025 09:16:02.990776 GMT [ERROR] self._run_prepare()
Tue, 09 Sep 2025 09:16:02.990821 GMT [WARNING] stderr:   File "/home/cai_test_wi/Maha/Config_UI/M-Series/config/lib/python3.10/site-packages/kivy/app.py", line 925, in _run_prepare
Tue, 09 Sep 2025 09:16:02.990845 GMT [ERROR] File "/home/cai_test_wi/Maha/Config_UI/M-Series/config/lib/python3.10/site-packages/kivy/app.py", line 925, in _run_prepare
Tue, 09 Sep 2025 09:16:02.991048 GMT [WARNING] stderr:     root = self.build()
Tue, 09 Sep 2025 09:16:02.991081 GMT [ERROR] root = self.build()
Tue, 09 Sep 2025 09:16:02.991122 GMT [WARNING] stderr:   File "/home/cai_test_wi/Maha/Config_UI/M-Series/main.py", line 20, in build
Tue, 09 Sep 2025 09:16:02.991146 GMT [ERROR] File "/home/cai_test_wi/Maha/Config_UI/M-Series/main.py", line 20, in build
Tue, 09 Sep 2025 09:16:02.991206 GMT [WARNING] stderr:     sm.add_widget(AdminScreen(name="admin"))
Tue, 09 Sep 2025 09:16:02.991234 GMT [ERROR] sm.add_widget(AdminScreen(name="admin"))
Tue, 09 Sep 2025 09:16:02.991277 GMT [WARNING] stderr:   File "/home/cai_test_wi/Maha/Config_UI/M-Series/screens/admin.py", line 155, in __init__
Tue, 09 Sep 2025 09:16:02.991302 GMT [ERROR] File "/home/cai_test_wi/Maha/Config_UI/M-Series/screens/admin.py", line 155, in __init__
Tue, 09 Sep 2025 09:16:02.991374 GMT [WARNING] stderr:     self.facial_Spinner = Spinner(
Tue, 09 Sep 2025 09:16:02.991403 GMT [ERROR] self.facial_Spinner = Spinner(
Tue, 09 Sep 2025 09:16:02.991443 GMT [WARNING] stderr:   File "/home/cai_test_wi/Maha/Config_UI/M-Series/config/lib/python3.10/site-packages/kivy/uix/spinner.py", line 146, in __init__
Tue, 09 Sep 2025 09:16:02.991470 GMT [ERROR] File "/home/cai_test_wi/Maha/Config_UI/M-Series/config/lib/python3.10/site-packages/kivy/uix/spinner.py", line 146, in __init__
Tue, 09 Sep 2025 09:16:02.991545 GMT [WARNING] stderr:     super(Spinner, self).__init__(**kwargs)
Tue, 09 Sep 2025 09:16:02.991573 GMT [ERROR] super(Spinner, self).__init__(**kwargs)
Tue, 09 Sep 2025 09:16:02.991613 GMT [WARNING] stderr:   File "/home/cai_test_wi/Maha/Config_UI/M-Series/config/lib/python3.10/site-packages/kivy/uix/behaviors/button.py", line 121, in __init__
Tue, 09 Sep 2025 09:16:02.991638 GMT [ERROR] File "/home/cai_test_wi/Maha/Config_UI/M-Series/config/lib/python3.10/site-packages/kivy/uix/behaviors/button.py", line 121, in __init__
Tue, 09 Sep 2025 09:16:02.991711 GMT [WARNING] stderr:     super(ButtonBehavior, self).__init__(**kwargs)
Tue, 09 Sep 2025 09:16:02.991739 GMT [ERROR] super(ButtonBehavior, self).__init__(**kwargs)
Tue, 09 Sep 2025 09:16:02.991778 GMT [WARNING] stderr:   File "/home/cai_test_wi/Maha/Config_UI/M-Series/config/lib/python3.10/site-packages/kivy/uix/label.py", line 319, in __init__
Tue, 09 Sep 2025 09:16:02.991806 GMT [ERROR] File "/home/cai_test_wi/Maha/Config_UI/M-Series/config/lib/python3.10/site-packages/kivy/uix/label.py", line 319, in __init__
Tue, 09 Sep 2025 09:16:02.991946 GMT [WARNING] stderr:     super(Label, self).__init__(**kwargs)
Tue, 09 Sep 2025 09:16:02.991980 GMT [ERROR] super(Label, self).__init__(**kwargs)
Tue, 09 Sep 2025 09:16:02.992024 GMT [WARNING] stderr:   File "/home/cai_test_wi/Maha/Config_UI/M-Series/config/lib/python3.10/site-packages/kivy/uix/widget.py", line 357, in __init__
Tue, 09 Sep 2025 09:16:02.992049 GMT [ERROR] File "/home/cai_test_wi/Maha/Config_UI/M-Series/config/lib/python3.10/site-packages/kivy/uix/widget.py", line 357, in __init__
Tue, 09 Sep 2025 09:16:02.992179 GMT [WARNING] stderr:     super(Widget, self).__init__(**kwargs)
Tue, 09 Sep 2025 09:16:02.992208 GMT [ERROR] super(Widget, self).__init__(**kwargs)
Tue, 09 Sep 2025 09:16:02.992249 GMT [WARNING] stderr:   File "kivy/_event.pyx", line 238, in kivy._event.EventDispatcher.__init__
Tue, 09 Sep 2025 09:16:02.992275 GMT [ERROR] File "kivy/_event.pyx", line 238, in kivy._event.EventDispatcher.__init__
Tue, 09 Sep 2025 09:16:02.992342 GMT [WARNING] stderr: TypeError: Properties ['background_active', 'foreground_color'] passed to __init__ may not be existing property names. Valid properties are ['always_release', 'anchors', 'background_color', 'background_disabled_down', 'background_disabled_normal', 'background_down', 'background_normal', 'base_direction', 'bold', 'border', 'center', 'center_x', 'center_y', 'children', 'cls', 'color', 'disabled', 'disabled_color', 'disabled_image', 'disabled_outline_color', 'dropdown_cls', 'ellipsis_options', 'font_blended', 'font_context', 'font_direction', 'font_family', 'font_features', 'font_hinting', 'font_kerning', 'font_name', 'font_script_name', 'font_size', 'halign', 'height', 'ids', 'is_open', 'is_shortened', 'italic', 'last_touch', 'limit_render_to_text_bbox', 'line_height', 'markup', 'max_lines', 'min_state_time', 'mipmap', 'motion_filter', 'opacity', 'option_cls', 'outline_color', 'outline_width', 'padding', 'padding_x', 'padding_y', 'parent', 'pos', 'pos_hint', 'refs', 'right', 'shorten', 'shorten_from', 'size', 'size_hint', 'size_hint_max', 'size_hint_max_x', 'size_hint_max_y', 'size_hint_min', 'size_hint_min_x', 'size_hint_min_y', 'size_hint_x', 'size_hint_y', 'split_str', 'state', 'state_image', 'strikethrough', 'strip', 'sync_height', 'text', 'text_autoupdate', 'text_language', 'text_size', 'texture', 'texture_size', 'top', 'underline', 'unicode_errors', 'valign', 'values', 'width', 'x', 'y']
Tue, 09 Sep 2025 09:16:02.992377 GMT [ERROR] TypeError: Properties ['background_active', 'foreground_color'] passed to __init__ may not be existing property names. Valid properties are ['always_release', 'anchors', 'background_color', 'background_disabled_down', 'background_disabled_normal', 'background_down', 'background_normal', 'base_direction', 'bold', 'border', 'center', 'center_x', 'center_y', 'children', 'cls', 'color', 'disabled', 'disabled_color', 'disabled_image', 'disabled_outline_color', 'dropdown_cls', 'ellipsis_options', 'font_blended', 'font_context', 'font_direction', 'font_family', 'font_features', 'font_hinting', 'font_kerning', 'font_name', 'font_script_name', 'font_size', 'halign', 'height', 'ids', 'is_open', 'is_shortened', 'italic', 'last_touch', 'limit_render_to_text_bbox', 'line_height', 'markup', 'max_lines', 'min_state_time', 'mipmap', 'motion_filter', 'opacity', 'option_cls', 'outline_color', 'outline_width', 'padding', 'padding_x', 'padding_y', 'parent', 'pos', 'pos_hint', 'refs', 'right', 'shorten', 'shorten_from', 'size', 'size_hint', 'size_hint_max', 'size_hint_max_x', 'size_hint_max_y', 'size_hint_min', 'size_hint_min_x', 'size_hint_min_y', 'size_hint_x', 'size_hint_y', 'split_str', 'state', 'state_image', 'strikethrough', 'strip', 'sync_height', 'text', 'text_autoupdate', 'text_language', 'text_size', 'texture', 'texture_size', 'top', 'underline', 'unicode_errors', 'valign', 'values', 'width', 'x', 'y']

********************************************************************************
APP STARTED at Tue, 09 Sep 2025 09:19:11.782157 GMT
Tue, 09 Sep 2025 09:19:12.095924 GMT [WARNING] stderr: Traceback (most recent call last):
Tue, 09 Sep 2025 09:19:12.096055 GMT [ERROR] Traceback (most recent call last):
Tue, 09 Sep 2025 09:19:12.096129 GMT [WARNING] stderr:   File "/home/cai_test_wi/Maha/Config_UI/M-Series/main.py", line 46, in <module>
Tue, 09 Sep 2025 09:19:12.096166 GMT [ERROR] File "/home/cai_test_wi/Maha/Config_UI/M-Series/main.py", line 46, in <module>
Tue, 09 Sep 2025 09:19:12.096274 GMT [WARNING] stderr:     ConfigApp().run()
Tue, 09 Sep 2025 09:19:12.096308 GMT [ERROR] ConfigApp().run()
Tue, 09 Sep 2025 09:19:12.096356 GMT [WARNING] stderr:   File "/home/cai_test_wi/Maha/Config_UI/M-Series/config/lib/python3.10/site-packages/kivy/app.py", line 955, in run
Tue, 09 Sep 2025 09:19:12.096384 GMT [ERROR] File "/home/cai_test_wi/Maha/Config_UI/M-Series/config/lib/python3.10/site-packages/kivy/app.py", line 955, in run
Tue, 09 Sep 2025 09:19:12.096612 GMT [WARNING] stderr:     self._run_prepare()
Tue, 09 Sep 2025 09:19:12.096663 GMT [ERROR] self._run_prepare()
Tue, 09 Sep 2025 09:19:12.096708 GMT [WARNING] stderr:   File "/home/cai_test_wi/Maha/Config_UI/M-Series/config/lib/python3.10/site-packages/kivy/app.py", line 925, in _run_prepare
Tue, 09 Sep 2025 09:19:12.096734 GMT [ERROR] File "/home/cai_test_wi/Maha/Config_UI/M-Series/config/lib/python3.10/site-packages/kivy/app.py", line 925, in _run_prepare
Tue, 09 Sep 2025 09:19:12.096958 GMT [WARNING] stderr:     root = self.build()
Tue, 09 Sep 2025 09:19:12.097011 GMT [ERROR] root = self.build()
Tue, 09 Sep 2025 09:19:12.097056 GMT [WARNING] stderr:   File "/home/cai_test_wi/Maha/Config_UI/M-Series/main.py", line 20, in build
Tue, 09 Sep 2025 09:19:12.097081 GMT [ERROR] File "/home/cai_test_wi/Maha/Config_UI/M-Series/main.py", line 20, in build
Tue, 09 Sep 2025 09:19:12.097145 GMT [WARNING] stderr:     sm.add_widget(AdminScreen(name="admin"))
Tue, 09 Sep 2025 09:19:12.097176 GMT [ERROR] sm.add_widget(AdminScreen(name="admin"))
Tue, 09 Sep 2025 09:19:12.097220 GMT [WARNING] stderr:   File "/home/cai_test_wi/Maha/Config_UI/M-Series/screens/admin.py", line 167, in __init__
Tue, 09 Sep 2025 09:19:12.097245 GMT [ERROR] File "/home/cai_test_wi/Maha/Config_UI/M-Series/screens/admin.py", line 167, in __init__
Tue, 09 Sep 2025 09:19:12.097319 GMT [WARNING] stderr:     facial_box.add_widget(self.threshold_input)
Tue, 09 Sep 2025 09:19:12.097347 GMT [ERROR] facial_box.add_widget(self.threshold_input)
Tue, 09 Sep 2025 09:19:12.097393 GMT [WARNING] stderr:   File "/home/cai_test_wi/Maha/Config_UI/M-Series/config/lib/python3.10/site-packages/kivy/uix/boxlayout.py", line 327, in add_widget
Tue, 09 Sep 2025 09:19:12.097420 GMT [ERROR] File "/home/cai_test_wi/Maha/Config_UI/M-Series/config/lib/python3.10/site-packages/kivy/uix/boxlayout.py", line 327, in add_widget
Tue, 09 Sep 2025 09:19:12.097520 GMT [WARNING] stderr:     return super(BoxLayout, self).add_widget(widget, *args, **kwargs)
Tue, 09 Sep 2025 09:19:12.097549 GMT [ERROR] return super(BoxLayout, self).add_widget(widget, *args, **kwargs)
Tue, 09 Sep 2025 09:19:12.097589 GMT [WARNING] stderr:   File "/home/cai_test_wi/Maha/Config_UI/M-Series/config/lib/python3.10/site-packages/kivy/uix/layout.py", line 97, in add_widget
Tue, 09 Sep 2025 09:19:12.097614 GMT [ERROR] File "/home/cai_test_wi/Maha/Config_UI/M-Series/config/lib/python3.10/site-packages/kivy/uix/layout.py", line 97, in add_widget
Tue, 09 Sep 2025 09:19:12.097688 GMT [WARNING] stderr:     super(Layout, self).add_widget(widget, *args, **kwargs)
Tue, 09 Sep 2025 09:19:12.097717 GMT [ERROR] super(Layout, self).add_widget(widget, *args, **kwargs)
Tue, 09 Sep 2025 09:19:12.097759 GMT [WARNING] stderr:   File "/home/cai_test_wi/Maha/Config_UI/M-Series/config/lib/python3.10/site-packages/kivy/uix/widget.py", line 662, in add_widget
Tue, 09 Sep 2025 09:19:12.097784 GMT [ERROR] File "/home/cai_test_wi/Maha/Config_UI/M-Series/config/lib/python3.10/site-packages/kivy/uix/widget.py", line 662, in add_widget
Tue, 09 Sep 2025 09:19:12.097944 GMT [WARNING] stderr:     raise WidgetException('Cannot add %r, it already has a parent %r'
Tue, 09 Sep 2025 09:19:12.097976 GMT [ERROR] raise WidgetException('Cannot add %r, it already has a parent %r'
Tue, 09 Sep 2025 09:19:12.098023 GMT [WARNING] stderr: kivy.uix.widget.WidgetException: Cannot add <kivy.uix.textinput.TextInput object at 0x755a429cb370>, it already has a parent <kivy.uix.boxlayout.BoxLayout object at 0x755a429d6810>
Tue, 09 Sep 2025 09:19:12.098049 GMT [ERROR] kivy.uix.widget.WidgetException: Cannot add <kivy.uix.textinput.TextInput object at 0x755a429cb370>, it already has a parent <kivy.uix.boxlayout.BoxLayout object at 0x755a429d6810>

********************************************************************************
APP STARTED at Tue, 09 Sep 2025 09:21:32.595050 GMT

********************************************************************************
APP STARTED at Tue, 09 Sep 2025 09:22:05.239767 GMT

********************************************************************************
APP STARTED at Tue, 09 Sep 2025 09:23:48.275450 GMT

********************************************************************************
APP STARTED at Tue, 09 Sep 2025 09:25:05.796982 GMT

********************************************************************************
APP STARTED at Tue, 09 Sep 2025 09:25:47.163674 GMT

********************************************************************************
APP STARTED at Tue, 09 Sep 2025 09:26:25.173453 GMT

********************************************************************************
APP STARTED at Tue, 09 Sep 2025 09:27:05.203732 GMT

********************************************************************************
APP STARTED at Tue, 09 Sep 2025 09:27:30.928800 GMT

********************************************************************************
APP STARTED at Tue, 09 Sep 2025 09:27:59.522873 GMT

********************************************************************************
APP STARTED at Tue, 09 Sep 2025 09:28:41.563613 GMT

********************************************************************************
APP STARTED at Tue, 09 Sep 2025 09:29:05.235345 GMT

********************************************************************************
APP STARTED at Tue, 09 Sep 2025 09:29:27.183712 GMT

********************************************************************************
APP STARTED at Tue, 09 Sep 2025 09:29:52.375844 GMT

********************************************************************************
APP STARTED at Tue, 09 Sep 2025 09:30:25.956247 GMT

********************************************************************************
APP STARTED at Tue, 09 Sep 2025 09:30:49.275169 GMT

********************************************************************************
APP STARTED at Tue, 09 Sep 2025 09:31:35.758996 GMT
Tue, 09 Sep 2025 09:31:35.947381 GMT [WARNING] stderr: Traceback (most recent call last):
Tue, 09 Sep 2025 09:31:35.947474 GMT [ERROR] Traceback (most recent call last):
Tue, 09 Sep 2025 09:31:35.947536 GMT [WARNING] stderr:   File "/home/cai_test_wi/Maha/Config_UI/M-Series/main.py", line 8, in <module>
Tue, 09 Sep 2025 09:31:35.947565 GMT [ERROR] File "/home/cai_test_wi/Maha/Config_UI/M-Series/main.py", line 8, in <module>
Tue, 09 Sep 2025 09:31:35.947650 GMT [WARNING] stderr:     from screens.admin import AdminScreen
Tue, 09 Sep 2025 09:31:35.947683 GMT [ERROR] from screens.admin import AdminScreen
Tue, 09 Sep 2025 09:31:35.947743 GMT [WARNING] stderr:   File "/home/cai_test_wi/Maha/Config_UI/M-Series/screens/admin.py", line 21
Tue, 09 Sep 2025 09:31:35.947776 GMT [ERROR] File "/home/cai_test_wi/Maha/Config_UI/M-Series/screens/admin.py", line 21
Tue, 09 Sep 2025 09:31:35.947819 GMT [WARNING] stderr:     top_layout = BoxLayout(orientation="vertical", padding=100, spacing=20, size_hint=(1, 1.5s5))
Tue, 09 Sep 2025 09:31:35.947844 GMT [ERROR] top_layout = BoxLayout(orientation="vertical", padding=100, spacing=20, size_hint=(1, 1.5s5))
Tue, 09 Sep 2025 09:31:35.947928 GMT [WARNING] stderr:                                                                                             ^
Tue, 09 Sep 2025 09:31:35.947976 GMT [ERROR] ^
Tue, 09 Sep 2025 09:31:35.948024 GMT [WARNING] stderr: SyntaxError: invalid decimal literal
Tue, 09 Sep 2025 09:31:35.948056 GMT [ERROR] SyntaxError: invalid decimal literal

********************************************************************************
APP STARTED at Tue, 09 Sep 2025 09:31:44.571564 GMT

********************************************************************************
APP STARTED at Tue, 09 Sep 2025 09:32:13.338085 GMT

********************************************************************************
APP STARTED at Tue, 09 Sep 2025 09:32:46.500182 GMT

********************************************************************************
APP STARTED at Tue, 09 Sep 2025 09:33:18.277107 GMT

********************************************************************************
APP STARTED at Tue, 09 Sep 2025 09:33:50.102987 GMT

********************************************************************************
APP STARTED at Tue, 09 Sep 2025 09:34:25.958463 GMT

********************************************************************************
APP STARTED at Tue, 09 Sep 2025 09:35:01.703248 GMT

********************************************************************************
APP STARTED at Tue, 09 Sep 2025 09:35:32.358513 GMT

********************************************************************************
APP STARTED at Tue, 09 Sep 2025 09:35:56.793526 GMT

********************************************************************************
APP STARTED at Tue, 09 Sep 2025 09:36:34.804279 GMT

********************************************************************************
APP STARTED at Tue, 09 Sep 2025 09:37:14.801760 GMT

********************************************************************************
APP STARTED at Tue, 09 Sep 2025 09:37:44.910889 GMT

********************************************************************************
APP STARTED at Tue, 09 Sep 2025 09:38:09.706134 GMT

********************************************************************************
APP STARTED at Tue, 09 Sep 2025 09:38:31.756785 GMT

********************************************************************************
APP STARTED at Tue, 09 Sep 2025 09:43:16.173790 GMT

********************************************************************************
APP STARTED at Tue, 09 Sep 2025 09:43:45.259511 GMT

********************************************************************************
APP STARTED at Tue, 09 Sep 2025 09:44:56.993806 GMT

********************************************************************************
APP STARTED at Tue, 09 Sep 2025 09:45:29.270352 GMT

********************************************************************************
APP STARTED at Tue, 09 Sep 2025 09:46:17.697242 GMT

********************************************************************************
APP STARTED at Tue, 09 Sep 2025 09:47:11.797284 GMT

********************************************************************************
APP STARTED at Tue, 09 Sep 2025 09:47:46.251299 GMT

********************************************************************************
APP STARTED at Tue, 09 Sep 2025 09:48:33.323577 GMT

********************************************************************************
APP STARTED at Tue, 09 Sep 2025 09:49:00.942680 GMT

********************************************************************************
APP STARTED at Tue, 09 Sep 2025 09:49:33.233713 GMT

********************************************************************************
APP STARTED at Tue, 09 Sep 2025 09:50:08.762211 GMT

********************************************************************************
APP STARTED at Tue, 09 Sep 2025 09:50:48.582246 GMT

********************************************************************************
APP STARTED at Tue, 09 Sep 2025 09:51:24.638296 GMT

********************************************************************************
APP STARTED at Tue, 09 Sep 2025 09:52:20.276841 GMT

********************************************************************************
APP STARTED at Tue, 09 Sep 2025 09:52:43.984381 GMT

********************************************************************************
APP STARTED at Tue, 09 Sep 2025 09:53:19.086005 GMT

********************************************************************************
APP STARTED at Tue, 09 Sep 2025 09:53:44.548901 GMT

********************************************************************************
APP STARTED at Tue, 09 Sep 2025 09:53:59.828338 GMT

********************************************************************************
APP STARTED at Tue, 09 Sep 2025 09:54:26.910866 GMT

********************************************************************************
APP STARTED at Tue, 09 Sep 2025 09:56:58.112306 GMT

********************************************************************************
APP STARTED at Tue, 09 Sep 2025 09:57:20.471455 GMT

********************************************************************************
APP STARTED at Tue, 09 Sep 2025 09:57:44.362851 GMT
Tue, 09 Sep 2025 09:59:08.146731 GMT [WARNING] stderr: Traceback (most recent call last):
Tue, 09 Sep 2025 09:59:08.146774 GMT [ERROR] Traceback (most recent call last):
Tue, 09 Sep 2025 09:59:08.146823 GMT [WARNING] stderr:   File "/home/cai_test_wi/Maha/Config_UI/M-Series/main.py", line 46, in <module>
Tue, 09 Sep 2025 09:59:08.146852 GMT [ERROR] File "/home/cai_test_wi/Maha/Config_UI/M-Series/main.py", line 46, in <module>
Tue, 09 Sep 2025 09:59:08.146953 GMT [WARNING] stderr:     ConfigApp().run()
Tue, 09 Sep 2025 09:59:08.146989 GMT [ERROR] ConfigApp().run()
Tue, 09 Sep 2025 09:59:08.147032 GMT [WARNING] stderr:   File "/home/cai_test_wi/Maha/Config_UI/M-Series/config/lib/python3.10/site-packages/kivy/app.py", line 956, in run
Tue, 09 Sep 2025 09:59:08.147059 GMT [ERROR] File "/home/cai_test_wi/Maha/Config_UI/M-Series/config/lib/python3.10/site-packages/kivy/app.py", line 956, in run
Tue, 09 Sep 2025 09:59:08.147276 GMT [WARNING] stderr:     runTouchApp()
Tue, 09 Sep 2025 09:59:08.147304 GMT [ERROR] runTouchApp()
Tue, 09 Sep 2025 09:59:08.147347 GMT [WARNING] stderr:   File "/home/cai_test_wi/Maha/Config_UI/M-Series/config/lib/python3.10/site-packages/kivy/base.py", line 574, in runTouchApp
Tue, 09 Sep 2025 09:59:08.147373 GMT [ERROR] File "/home/cai_test_wi/Maha/Config_UI/M-Series/config/lib/python3.10/site-packages/kivy/base.py", line 574, in runTouchApp
Tue, 09 Sep 2025 09:59:08.147478 GMT [WARNING] stderr:     EventLoop.mainloop()
Tue, 09 Sep 2025 09:59:08.147504 GMT [ERROR] EventLoop.mainloop()
Tue, 09 Sep 2025 09:59:08.147546 GMT [WARNING] stderr:   File "/home/cai_test_wi/Maha/Config_UI/M-Series/config/lib/python3.10/site-packages/kivy/base.py", line 339, in mainloop
Tue, 09 Sep 2025 09:59:08.147573 GMT [ERROR] File "/home/cai_test_wi/Maha/Config_UI/M-Series/config/lib/python3.10/site-packages/kivy/base.py", line 339, in mainloop
Tue, 09 Sep 2025 09:59:08.147657 GMT [WARNING] stderr:     self.idle()
Tue, 09 Sep 2025 09:59:08.147685 GMT [ERROR] self.idle()
Tue, 09 Sep 2025 09:59:08.147728 GMT [WARNING] stderr:   File "/home/cai_test_wi/Maha/Config_UI/M-Series/config/lib/python3.10/site-packages/kivy/base.py", line 379, in idle
Tue, 09 Sep 2025 09:59:08.147757 GMT [ERROR] File "/home/cai_test_wi/Maha/Config_UI/M-Series/config/lib/python3.10/site-packages/kivy/base.py", line 379, in idle
Tue, 09 Sep 2025 09:59:08.147843 GMT [WARNING] stderr:     Clock.tick()
Tue, 09 Sep 2025 09:59:08.147871 GMT [ERROR] Clock.tick()
Tue, 09 Sep 2025 09:59:08.147913 GMT [WARNING] stderr:   File "/home/cai_test_wi/Maha/Config_UI/M-Series/config/lib/python3.10/site-packages/kivy/clock.py", line 733, in tick
Tue, 09 Sep 2025 09:59:08.147943 GMT [ERROR] File "/home/cai_test_wi/Maha/Config_UI/M-Series/config/lib/python3.10/site-packages/kivy/clock.py", line 733, in tick
Tue, 09 Sep 2025 09:59:08.148157 GMT [WARNING] stderr:     self.post_idle(ts, self.idle())
Tue, 09 Sep 2025 09:59:08.148188 GMT [ERROR] self.post_idle(ts, self.idle())
Tue, 09 Sep 2025 09:59:08.148230 GMT [WARNING] stderr:   File "/home/cai_test_wi/Maha/Config_UI/M-Series/config/lib/python3.10/site-packages/kivy/clock.py", line 689, in idle
Tue, 09 Sep 2025 09:59:08.148260 GMT [ERROR] File "/home/cai_test_wi/Maha/Config_UI/M-Series/config/lib/python3.10/site-packages/kivy/clock.py", line 689, in idle
Tue, 09 Sep 2025 09:59:08.148464 GMT [WARNING] stderr:     usleep(1000000 * sleeptime)
Tue, 09 Sep 2025 09:59:08.148493 GMT [ERROR] usleep(1000000 * sleeptime)
Tue, 09 Sep 2025 09:59:08.148535 GMT [WARNING] stderr:   File "/home/cai_test_wi/Maha/Config_UI/M-Series/config/lib/python3.10/site-packages/kivy/clock.py", line 965, in usleep
Tue, 09 Sep 2025 09:59:08.148563 GMT [ERROR] File "/home/cai_test_wi/Maha/Config_UI/M-Series/config/lib/python3.10/site-packages/kivy/clock.py", line 965, in usleep
Tue, 09 Sep 2025 09:59:08.148794 GMT [WARNING] stderr:     _usleep(microseconds, self._sleep_obj)
Tue, 09 Sep 2025 09:59:08.148822 GMT [ERROR] _usleep(microseconds, self._sleep_obj)
Tue, 09 Sep 2025 09:59:08.148864 GMT [WARNING] stderr:   File "/home/cai_test_wi/Maha/Config_UI/M-Series/config/lib/python3.10/site-packages/kivy/clock.py", line 556, in _usleep
Tue, 09 Sep 2025 09:59:08.148889 GMT [ERROR] File "/home/cai_test_wi/Maha/Config_UI/M-Series/config/lib/python3.10/site-packages/kivy/clock.py", line 556, in _usleep
Tue, 09 Sep 2025 09:59:08.149086 GMT [WARNING] stderr:     _libc_usleep(int(microseconds))
Tue, 09 Sep 2025 09:59:08.149117 GMT [ERROR] _libc_usleep(int(microseconds))
Tue, 09 Sep 2025 09:59:08.149162 GMT [WARNING] stderr: KeyboardInterrupt
Tue, 09 Sep 2025 09:59:08.149188 GMT [ERROR] KeyboardInterrupt

********************************************************************************
APP STARTED at Tue, 09 Sep 2025 09:59:09.382786 GMT
Tue, 09 Sep 2025 09:59:09.584037 GMT [WARNING] stderr: Traceback (most recent call last):
Tue, 09 Sep 2025 09:59:09.584140 GMT [ERROR] Traceback (most recent call last):
Tue, 09 Sep 2025 09:59:09.584204 GMT [WARNING] stderr:   File "/home/cai_test_wi/Maha/Config_UI/M-Series/main.py", line 8, in <module>
Tue, 09 Sep 2025 09:59:09.584234 GMT [ERROR] File "/home/cai_test_wi/Maha/Config_UI/M-Series/main.py", line 8, in <module>
Tue, 09 Sep 2025 09:59:09.584318 GMT [WARNING] stderr:     from screens.admin import AdminScreen
Tue, 09 Sep 2025 09:59:09.584349 GMT [ERROR] from screens.admin import AdminScreen
Tue, 09 Sep 2025 09:59:09.584395 GMT [WARNING] stderr:   File "/home/cai_test_wi/Maha/Config_UI/M-Series/screens/admin.py", line 150
Tue, 09 Sep 2025 09:59:09.584425 GMT [ERROR] File "/home/cai_test_wi/Maha/Config_UI/M-Series/screens/admin.py", line 150
Tue, 09 Sep 2025 09:59:09.584464 GMT [WARNING] stderr:     facial_anchor = AnchorLayout(anchor_x="center", anchor_y="center", size_hint=(1, 0.75), height=dp(100), padding=(0, dp(40), 0, 0)
Tue, 09 Sep 2025 09:59:09.584489 GMT [ERROR] facial_anchor = AnchorLayout(anchor_x="center", anchor_y="center", size_hint=(1, 0.75), height=dp(100), padding=(0, dp(40), 0, 0)
Tue, 09 Sep 2025 09:59:09.584541 GMT [WARNING] stderr:                                 ^
Tue, 09 Sep 2025 09:59:09.584565 GMT [ERROR] ^
Tue, 09 Sep 2025 09:59:09.584606 GMT [WARNING] stderr: SyntaxError: '(' was never closed
Tue, 09 Sep 2025 09:59:09.584629 GMT [ERROR] SyntaxError: '(' was never closed

********************************************************************************
APP STARTED at Tue, 09 Sep 2025 09:59:23.114753 GMT

********************************************************************************
APP STARTED at Tue, 09 Sep 2025 09:59:54.220502 GMT

********************************************************************************
APP STARTED at Tue, 09 Sep 2025 10:00:25.669441 GMT

********************************************************************************
APP STARTED at Tue, 09 Sep 2025 10:01:11.194023 GMT

********************************************************************************
APP STARTED at Tue, 09 Sep 2025 10:02:17.772311 GMT

********************************************************************************
APP STARTED at Tue, 09 Sep 2025 10:02:42.418504 GMT

********************************************************************************
APP STARTED at Tue, 09 Sep 2025 11:18:07.955017 GMT

********************************************************************************
APP STARTED at Wed, 10 Sep 2025 04:25:23.988368 GMT
Wed, 10 Sep 2025 04:25:24.508510 GMT [WARNING] stderr: Traceback (most recent call last):
Wed, 10 Sep 2025 04:25:24.508660 GMT [ERROR] Traceback (most recent call last):
Wed, 10 Sep 2025 04:25:24.508791 GMT [WARNING] stderr:   File "/home/cai_test_wi/Maha/Config_UI/M-Series/main.py", line 46, in <module>
Wed, 10 Sep 2025 04:25:24.508836 GMT [ERROR] File "/home/cai_test_wi/Maha/Config_UI/M-Series/main.py", line 46, in <module>
Wed, 10 Sep 2025 04:25:24.508995 GMT [WARNING] stderr:     ConfigApp().run()
Wed, 10 Sep 2025 04:25:24.509056 GMT [ERROR] ConfigApp().run()
Wed, 10 Sep 2025 04:25:24.509126 GMT [WARNING] stderr:   File "/home/cai_test_wi/Maha/Config_UI/M-Series/config/lib/python3.10/site-packages/kivy/app.py", line 955, in run
Wed, 10 Sep 2025 04:25:24.509166 GMT [ERROR] File "/home/cai_test_wi/Maha/Config_UI/M-Series/config/lib/python3.10/site-packages/kivy/app.py", line 955, in run
Wed, 10 Sep 2025 04:25:24.510454 GMT [WARNING] stderr:     self._run_prepare()
Wed, 10 Sep 2025 04:25:24.510507 GMT [ERROR] self._run_prepare()
Wed, 10 Sep 2025 04:25:24.510555 GMT [WARNING] stderr:   File "/home/cai_test_wi/Maha/Config_UI/M-Series/config/lib/python3.10/site-packages/kivy/app.py", line 925, in _run_prepare
Wed, 10 Sep 2025 04:25:24.510581 GMT [ERROR] File "/home/cai_test_wi/Maha/Config_UI/M-Series/config/lib/python3.10/site-packages/kivy/app.py", line 925, in _run_prepare
Wed, 10 Sep 2025 04:25:24.510811 GMT [WARNING] stderr:     root = self.build()
Wed, 10 Sep 2025 04:25:24.510844 GMT [ERROR] root = self.build()
Wed, 10 Sep 2025 04:25:24.510887 GMT [WARNING] stderr:   File "/home/cai_test_wi/Maha/Config_UI/M-Series/main.py", line 21, in build
Wed, 10 Sep 2025 04:25:24.510913 GMT [ERROR] File "/home/cai_test_wi/Maha/Config_UI/M-Series/main.py", line 21, in build
Wed, 10 Sep 2025 04:25:24.510975 GMT [WARNING] stderr:     sm.add_widget(UserScreen(name="user"))
Wed, 10 Sep 2025 04:25:24.511003 GMT [ERROR] sm.add_widget(UserScreen(name="user"))
Wed, 10 Sep 2025 04:25:24.511044 GMT [WARNING] stderr:   File "/home/cai_test_wi/Maha/Config_UI/M-Series/screens/user.py", line 90, in __init__
Wed, 10 Sep 2025 04:25:24.511072 GMT [ERROR] File "/home/cai_test_wi/Maha/Config_UI/M-Series/screens/user.py", line 90, in __init__
Wed, 10 Sep 2025 04:25:24.511147 GMT [WARNING] stderr:     self.zone_color_spinner.bind(text=self.on_zone_color_change)
Wed, 10 Sep 2025 04:25:24.511176 GMT [ERROR] self.zone_color_spinner.bind(text=self.on_zone_color_change)
Wed, 10 Sep 2025 04:25:24.511272 GMT [WARNING] stderr: AttributeError: 'UserScreen' object has no attribute 'on_zone_color_change'. Did you mean: 'on_zone_change'?
Wed, 10 Sep 2025 04:25:24.511302 GMT [ERROR] AttributeError: 'UserScreen' object has no attribute 'on_zone_color_change'. Did you mean: 'on_zone_change'?

********************************************************************************
APP STARTED at Wed, 10 Sep 2025 04:26:24.036657 GMT
Wed, 10 Sep 2025 04:26:24.461294 GMT [WARNING] stderr: Traceback (most recent call last):
Wed, 10 Sep 2025 04:26:24.461468 GMT [ERROR] Traceback (most recent call last):
Wed, 10 Sep 2025 04:26:24.461624 GMT [WARNING] stderr:   File "/home/cai_test_wi/Maha/Config_UI/M-Series/main.py", line 46, in <module>
Wed, 10 Sep 2025 04:26:24.461697 GMT [ERROR] File "/home/cai_test_wi/Maha/Config_UI/M-Series/main.py", line 46, in <module>
Wed, 10 Sep 2025 04:26:24.461896 GMT [WARNING] stderr:     ConfigApp().run()
Wed, 10 Sep 2025 04:26:24.461970 GMT [ERROR] ConfigApp().run()
Wed, 10 Sep 2025 04:26:24.462058 GMT [WARNING] stderr:   File "/home/cai_test_wi/Maha/Config_UI/M-Series/config/lib/python3.10/site-packages/kivy/app.py", line 955, in run
Wed, 10 Sep 2025 04:26:24.462127 GMT [ERROR] File "/home/cai_test_wi/Maha/Config_UI/M-Series/config/lib/python3.10/site-packages/kivy/app.py", line 955, in run
Wed, 10 Sep 2025 04:26:24.462485 GMT [WARNING] stderr:     self._run_prepare()
Wed, 10 Sep 2025 04:26:24.462565 GMT [ERROR] self._run_prepare()
Wed, 10 Sep 2025 04:26:24.462669 GMT [WARNING] stderr:   File "/home/cai_test_wi/Maha/Config_UI/M-Series/config/lib/python3.10/site-packages/kivy/app.py", line 925, in _run_prepare
Wed, 10 Sep 2025 04:26:24.462718 GMT [ERROR] File "/home/cai_test_wi/Maha/Config_UI/M-Series/config/lib/python3.10/site-packages/kivy/app.py", line 925, in _run_prepare
Wed, 10 Sep 2025 04:26:24.463034 GMT [WARNING] stderr:     root = self.build()
Wed, 10 Sep 2025 04:26:24.463071 GMT [ERROR] root = self.build()
Wed, 10 Sep 2025 04:26:24.463132 GMT [WARNING] stderr:   File "/home/cai_test_wi/Maha/Config_UI/M-Series/main.py", line 21, in build
Wed, 10 Sep 2025 04:26:24.463184 GMT [ERROR] File "/home/cai_test_wi/Maha/Config_UI/M-Series/main.py", line 21, in build
Wed, 10 Sep 2025 04:26:24.463299 GMT [WARNING] stderr:     sm.add_widget(UserScreen(name="user"))
Wed, 10 Sep 2025 04:26:24.463346 GMT [ERROR] sm.add_widget(UserScreen(name="user"))
Wed, 10 Sep 2025 04:26:24.463423 GMT [WARNING] stderr:   File "/home/cai_test_wi/Maha/Config_UI/M-Series/screens/user.py", line 78, in __init__
Wed, 10 Sep 2025 04:26:24.463467 GMT [ERROR] File "/home/cai_test_wi/Maha/Config_UI/M-Series/screens/user.py", line 78, in __init__
Wed, 10 Sep 2025 04:26:24.463588 GMT [WARNING] stderr:     self.zone_spinner.bind(text=self.on_zone_change)
Wed, 10 Sep 2025 04:26:24.463634 GMT [ERROR] self.zone_spinner.bind(text=self.on_zone_change)
Wed, 10 Sep 2025 04:26:24.463803 GMT [WARNING] stderr: AttributeError: 'UserScreen' object has no attribute 'on_zone_change'. Did you mean: 'on_zone_color_change'?
Wed, 10 Sep 2025 04:26:24.463848 GMT [ERROR] AttributeError: 'UserScreen' object has no attribute 'on_zone_change'. Did you mean: 'on_zone_color_change'?

********************************************************************************
APP STARTED at Wed, 10 Sep 2025 04:26:56.051083 GMT
Wed, 10 Sep 2025 04:26:56.368329 GMT [WARNING] stderr: Traceback (most recent call last):
Wed, 10 Sep 2025 04:26:56.368434 GMT [ERROR] Traceback (most recent call last):
Wed, 10 Sep 2025 04:26:56.368501 GMT [WARNING] stderr:   File "/home/cai_test_wi/Maha/Config_UI/M-Series/main.py", line 46, in <module>
Wed, 10 Sep 2025 04:26:56.368532 GMT [ERROR] File "/home/cai_test_wi/Maha/Config_UI/M-Series/main.py", line 46, in <module>
Wed, 10 Sep 2025 04:26:56.368635 GMT [WARNING] stderr:     ConfigApp().run()
Wed, 10 Sep 2025 04:26:56.368678 GMT [ERROR] ConfigApp().run()
Wed, 10 Sep 2025 04:26:56.368727 GMT [WARNING] stderr:   File "/home/cai_test_wi/Maha/Config_UI/M-Series/config/lib/python3.10/site-packages/kivy/app.py", line 955, in run
Wed, 10 Sep 2025 04:26:56.368753 GMT [ERROR] File "/home/cai_test_wi/Maha/Config_UI/M-Series/config/lib/python3.10/site-packages/kivy/app.py", line 955, in run
Wed, 10 Sep 2025 04:26:56.368972 GMT [WARNING] stderr:     self._run_prepare()
Wed, 10 Sep 2025 04:26:56.369004 GMT [ERROR] self._run_prepare()
Wed, 10 Sep 2025 04:26:56.369051 GMT [WARNING] stderr:   File "/home/cai_test_wi/Maha/Config_UI/M-Series/config/lib/python3.10/site-packages/kivy/app.py", line 925, in _run_prepare
Wed, 10 Sep 2025 04:26:56.369077 GMT [ERROR] File "/home/cai_test_wi/Maha/Config_UI/M-Series/config/lib/python3.10/site-packages/kivy/app.py", line 925, in _run_prepare
Wed, 10 Sep 2025 04:26:56.369289 GMT [WARNING] stderr:     root = self.build()
Wed, 10 Sep 2025 04:26:56.369318 GMT [ERROR] root = self.build()
Wed, 10 Sep 2025 04:26:56.369364 GMT [WARNING] stderr:   File "/home/cai_test_wi/Maha/Config_UI/M-Series/main.py", line 21, in build
Wed, 10 Sep 2025 04:26:56.369390 GMT [ERROR] File "/home/cai_test_wi/Maha/Config_UI/M-Series/main.py", line 21, in build
Wed, 10 Sep 2025 04:26:56.369451 GMT [WARNING] stderr:     sm.add_widget(UserScreen(name="user"))
Wed, 10 Sep 2025 04:26:56.369480 GMT [ERROR] sm.add_widget(UserScreen(name="user"))
Wed, 10 Sep 2025 04:26:56.369523 GMT [WARNING] stderr:   File "/home/cai_test_wi/Maha/Config_UI/M-Series/screens/user.py", line 78, in __init__
Wed, 10 Sep 2025 04:26:56.369553 GMT [ERROR] File "/home/cai_test_wi/Maha/Config_UI/M-Series/screens/user.py", line 78, in __init__
Wed, 10 Sep 2025 04:26:56.369628 GMT [WARNING] stderr:     self.zone_spinner.bind(text=self.on_zone_change)
Wed, 10 Sep 2025 04:26:56.369664 GMT [ERROR] self.zone_spinner.bind(text=self.on_zone_change)
Wed, 10 Sep 2025 04:26:56.369776 GMT [WARNING] stderr: AttributeError: 'UserScreen' object has no attribute 'on_zone_change'. Did you mean: 'on_zone_color_change'?
Wed, 10 Sep 2025 04:26:56.369807 GMT [ERROR] AttributeError: 'UserScreen' object has no attribute 'on_zone_change'. Did you mean: 'on_zone_color_change'?

********************************************************************************
APP STARTED at Wed, 10 Sep 2025 04:28:40.167930 GMT
Wed, 10 Sep 2025 04:28:46.539270 GMT [WARNING] stderr: Traceback (most recent call last):
Wed, 10 Sep 2025 04:28:46.539320 GMT [ERROR] Traceback (most recent call last):
Wed, 10 Sep 2025 04:28:46.539416 GMT [WARNING] stderr:   File "/home/cai_test_wi/Maha/Config_UI/M-Series/main.py", line 46, in <module>
Wed, 10 Sep 2025 04:28:46.539451 GMT [ERROR] File "/home/cai_test_wi/Maha/Config_UI/M-Series/main.py", line 46, in <module>
Wed, 10 Sep 2025 04:28:46.539561 GMT [WARNING] stderr:     ConfigApp().run()
Wed, 10 Sep 2025 04:28:46.539603 GMT [ERROR] ConfigApp().run()
Wed, 10 Sep 2025 04:28:46.539666 GMT [WARNING] stderr:   File "/home/cai_test_wi/Maha/Config_UI/M-Series/config/lib/python3.10/site-packages/kivy/app.py", line 956, in run
Wed, 10 Sep 2025 04:28:46.539705 GMT [ERROR] File "/home/cai_test_wi/Maha/Config_UI/M-Series/config/lib/python3.10/site-packages/kivy/app.py", line 956, in run
Wed, 10 Sep 2025 04:28:46.539920 GMT [WARNING] stderr:     runTouchApp()
Wed, 10 Sep 2025 04:28:46.539955 GMT [ERROR] runTouchApp()
Wed, 10 Sep 2025 04:28:46.540000 GMT [WARNING] stderr:   File "/home/cai_test_wi/Maha/Config_UI/M-Series/config/lib/python3.10/site-packages/kivy/base.py", line 574, in runTouchApp
Wed, 10 Sep 2025 04:28:46.540030 GMT [ERROR] File "/home/cai_test_wi/Maha/Config_UI/M-Series/config/lib/python3.10/site-packages/kivy/base.py", line 574, in runTouchApp
Wed, 10 Sep 2025 04:28:46.541670 GMT [WARNING] stderr:     EventLoop.mainloop()
Wed, 10 Sep 2025 04:28:46.541753 GMT [ERROR] EventLoop.mainloop()
Wed, 10 Sep 2025 04:28:46.541807 GMT [WARNING] stderr:   File "/home/cai_test_wi/Maha/Config_UI/M-Series/config/lib/python3.10/site-packages/kivy/base.py", line 339, in mainloop
Wed, 10 Sep 2025 04:28:46.541837 GMT [ERROR] File "/home/cai_test_wi/Maha/Config_UI/M-Series/config/lib/python3.10/site-packages/kivy/base.py", line 339, in mainloop
Wed, 10 Sep 2025 04:28:46.541925 GMT [WARNING] stderr:     self.idle()
Wed, 10 Sep 2025 04:28:46.541957 GMT [ERROR] self.idle()
Wed, 10 Sep 2025 04:28:46.542001 GMT [WARNING] stderr:   File "/home/cai_test_wi/Maha/Config_UI/M-Series/config/lib/python3.10/site-packages/kivy/base.py", line 383, in idle
Wed, 10 Sep 2025 04:28:46.542030 GMT [ERROR] File "/home/cai_test_wi/Maha/Config_UI/M-Series/config/lib/python3.10/site-packages/kivy/base.py", line 383, in idle
Wed, 10 Sep 2025 04:28:46.542114 GMT [WARNING] stderr:     self.dispatch_input()
Wed, 10 Sep 2025 04:28:46.542145 GMT [ERROR] self.dispatch_input()
Wed, 10 Sep 2025 04:28:46.542189 GMT [WARNING] stderr:   File "/home/cai_test_wi/Maha/Config_UI/M-Series/config/lib/python3.10/site-packages/kivy/base.py", line 334, in dispatch_input
Wed, 10 Sep 2025 04:28:46.542218 GMT [ERROR] File "/home/cai_test_wi/Maha/Config_UI/M-Series/config/lib/python3.10/site-packages/kivy/base.py", line 334, in dispatch_input
Wed, 10 Sep 2025 04:28:46.542311 GMT [WARNING] stderr:     post_dispatch_input(*pop(0))
Wed, 10 Sep 2025 04:28:46.542343 GMT [ERROR] post_dispatch_input(*pop(0))
Wed, 10 Sep 2025 04:28:46.542387 GMT [WARNING] stderr:   File "/home/cai_test_wi/Maha/Config_UI/M-Series/config/lib/python3.10/site-packages/kivy/base.py", line 302, in post_dispatch_input
Wed, 10 Sep 2025 04:28:46.542417 GMT [ERROR] File "/home/cai_test_wi/Maha/Config_UI/M-Series/config/lib/python3.10/site-packages/kivy/base.py", line 302, in post_dispatch_input
Wed, 10 Sep 2025 04:28:46.542502 GMT [WARNING] stderr:     wid.dispatch('on_touch_up', me)
Wed, 10 Sep 2025 04:28:46.542534 GMT [ERROR] wid.dispatch('on_touch_up', me)
Wed, 10 Sep 2025 04:28:46.542578 GMT [WARNING] stderr:   File "kivy/_event.pyx", line 731, in kivy._event.EventDispatcher.dispatch
Wed, 10 Sep 2025 04:28:46.542606 GMT [ERROR] File "kivy/_event.pyx", line 731, in kivy._event.EventDispatcher.dispatch
Wed, 10 Sep 2025 04:28:46.542699 GMT [WARNING] stderr:   File "/home/cai_test_wi/Maha/Config_UI/M-Series/config/lib/python3.10/site-packages/kivy/uix/behaviors/button.py", line 179, in on_touch_up
Wed, 10 Sep 2025 04:28:46.542735 GMT [ERROR] File "/home/cai_test_wi/Maha/Config_UI/M-Series/config/lib/python3.10/site-packages/kivy/uix/behaviors/button.py", line 179, in on_touch_up
Wed, 10 Sep 2025 04:28:46.542976 GMT [WARNING] stderr:     self.dispatch('on_release')
Wed, 10 Sep 2025 04:28:46.543010 GMT [ERROR] self.dispatch('on_release')
Wed, 10 Sep 2025 04:28:46.543058 GMT [WARNING] stderr:   File "kivy/_event.pyx", line 727, in kivy._event.EventDispatcher.dispatch
Wed, 10 Sep 2025 04:28:46.543087 GMT [ERROR] File "kivy/_event.pyx", line 727, in kivy._event.EventDispatcher.dispatch
Wed, 10 Sep 2025 04:28:46.543149 GMT [WARNING] stderr:   File "kivy/_event.pyx", line 1307, in kivy._event.EventObservers.dispatch
Wed, 10 Sep 2025 04:28:46.543179 GMT [ERROR] File "kivy/_event.pyx", line 1307, in kivy._event.EventObservers.dispatch
Wed, 10 Sep 2025 04:28:46.543241 GMT [WARNING] stderr:   File "kivy/_event.pyx", line 1231, in kivy._event.EventObservers._dispatch
Wed, 10 Sep 2025 04:28:46.543271 GMT [ERROR] File "kivy/_event.pyx", line 1231, in kivy._event.EventObservers._dispatch
Wed, 10 Sep 2025 04:28:46.543331 GMT [WARNING] stderr:   File "/home/cai_test_wi/Maha/Config_UI/M-Series/config/lib/python3.10/site-packages/kivy/uix/spinner.py", line 196, in <lambda>
Wed, 10 Sep 2025 04:28:46.543362 GMT [ERROR] File "/home/cai_test_wi/Maha/Config_UI/M-Series/config/lib/python3.10/site-packages/kivy/uix/spinner.py", line 196, in <lambda>
Wed, 10 Sep 2025 04:28:46.543715 GMT [WARNING] stderr:     item.bind(on_release=lambda option: dp.select(option.text))
Wed, 10 Sep 2025 04:28:46.543757 GMT [ERROR] item.bind(on_release=lambda option: dp.select(option.text))
Wed, 10 Sep 2025 04:28:46.543806 GMT [WARNING] stderr:   File "/home/cai_test_wi/Maha/Config_UI/M-Series/config/lib/python3.10/site-packages/kivy/uix/dropdown.py", line 277, in select
Wed, 10 Sep 2025 04:28:46.543837 GMT [ERROR] File "/home/cai_test_wi/Maha/Config_UI/M-Series/config/lib/python3.10/site-packages/kivy/uix/dropdown.py", line 277, in select
Wed, 10 Sep 2025 04:28:46.544274 GMT [WARNING] stderr:     self.dispatch('on_select', data)
Wed, 10 Sep 2025 04:28:46.544309 GMT [ERROR] self.dispatch('on_select', data)
Wed, 10 Sep 2025 04:28:46.544358 GMT [WARNING] stderr:   File "kivy/_event.pyx", line 727, in kivy._event.EventDispatcher.dispatch
Wed, 10 Sep 2025 04:28:46.544388 GMT [ERROR] File "kivy/_event.pyx", line 727, in kivy._event.EventDispatcher.dispatch
Wed, 10 Sep 2025 04:28:46.544453 GMT [WARNING] stderr:   File "kivy/_event.pyx", line 1307, in kivy._event.EventObservers.dispatch
Wed, 10 Sep 2025 04:28:46.544484 GMT [ERROR] File "kivy/_event.pyx", line 1307, in kivy._event.EventObservers.dispatch
Wed, 10 Sep 2025 04:28:46.544548 GMT [WARNING] stderr:   File "kivy/_event.pyx", line 1231, in kivy._event.EventObservers._dispatch
Wed, 10 Sep 2025 04:28:46.544579 GMT [ERROR] File "kivy/_event.pyx", line 1231, in kivy._event.EventObservers._dispatch
Wed, 10 Sep 2025 04:28:46.544639 GMT [WARNING] stderr:   File "/home/cai_test_wi/Maha/Config_UI/M-Series/config/lib/python3.10/site-packages/kivy/uix/spinner.py", line 213, in _on_dropdown_select
Wed, 10 Sep 2025 04:28:46.544679 GMT [ERROR] File "/home/cai_test_wi/Maha/Config_UI/M-Series/config/lib/python3.10/site-packages/kivy/uix/spinner.py", line 213, in _on_dropdown_select
Wed, 10 Sep 2025 04:28:46.544775 GMT [WARNING] stderr:     self.text = data
Wed, 10 Sep 2025 04:28:46.544810 GMT [ERROR] self.text = data
Wed, 10 Sep 2025 04:28:46.544854 GMT [WARNING] stderr:   File "kivy/properties.pyx", line 520, in kivy.properties.Property.__set__
Wed, 10 Sep 2025 04:28:46.544883 GMT [ERROR] File "kivy/properties.pyx", line 520, in kivy.properties.Property.__set__
Wed, 10 Sep 2025 04:28:46.544955 GMT [WARNING] stderr:   File "kivy/properties.pyx", line 567, in kivy.properties.Property.set
Wed, 10 Sep 2025 04:28:46.544986 GMT [ERROR] File "kivy/properties.pyx", line 567, in kivy.properties.Property.set
Wed, 10 Sep 2025 04:28:46.545046 GMT [WARNING] stderr:   File "kivy/properties.pyx", line 606, in kivy.properties.Property._dispatch
Wed, 10 Sep 2025 04:28:46.545076 GMT [ERROR] File "kivy/properties.pyx", line 606, in kivy.properties.Property._dispatch
Wed, 10 Sep 2025 04:28:46.545136 GMT [WARNING] stderr:   File "kivy/_event.pyx", line 1307, in kivy._event.EventObservers.dispatch
Wed, 10 Sep 2025 04:28:46.545166 GMT [ERROR] File "kivy/_event.pyx", line 1307, in kivy._event.EventObservers.dispatch
Wed, 10 Sep 2025 04:28:46.545223 GMT [WARNING] stderr:   File "kivy/_event.pyx", line 1213, in kivy._event.EventObservers._dispatch
Wed, 10 Sep 2025 04:28:46.545253 GMT [ERROR] File "kivy/_event.pyx", line 1213, in kivy._event.EventObservers._dispatch
Wed, 10 Sep 2025 04:28:46.545311 GMT [WARNING] stderr:   File "/home/cai_test_wi/Maha/Config_UI/M-Series/screens/user.py", line 307, in on_zone_color_change
Wed, 10 Sep 2025 04:28:46.545341 GMT [ERROR] File "/home/cai_test_wi/Maha/Config_UI/M-Series/screens/user.py", line 307, in on_zone_color_change
Wed, 10 Sep 2025 04:28:46.545446 GMT [WARNING] stderr:     self.zone_points_input.text = self.get_zone_points_text(cam_index, text)
Wed, 10 Sep 2025 04:28:46.545482 GMT [ERROR] self.zone_points_input.text = self.get_zone_points_text(cam_index, text)
Wed, 10 Sep 2025 04:28:46.545531 GMT [WARNING] stderr: TypeError: UserScreen.get_zone_points_text() takes 2 positional arguments but 3 were given
Wed, 10 Sep 2025 04:28:46.545561 GMT [ERROR] TypeError: UserScreen.get_zone_points_text() takes 2 positional arguments but 3 were given

********************************************************************************
APP STARTED at Wed, 10 Sep 2025 04:29:12.623093 GMT
Wed, 10 Sep 2025 04:29:49.180033 GMT [WARNING] stderr: Traceback (most recent call last):
Wed, 10 Sep 2025 04:29:49.180096 GMT [ERROR] Traceback (most recent call last):
Wed, 10 Sep 2025 04:29:49.180162 GMT [WARNING] stderr:   File "/home/cai_test_wi/Maha/Config_UI/M-Series/main.py", line 46, in <module>
Wed, 10 Sep 2025 04:29:49.180193 GMT [ERROR] File "/home/cai_test_wi/Maha/Config_UI/M-Series/main.py", line 46, in <module>
Wed, 10 Sep 2025 04:29:49.180323 GMT [WARNING] stderr:     ConfigApp().run()
Wed, 10 Sep 2025 04:29:49.180358 GMT [ERROR] ConfigApp().run()
Wed, 10 Sep 2025 04:29:49.180416 GMT [WARNING] stderr:   File "/home/cai_test_wi/Maha/Config_UI/M-Series/config/lib/python3.10/site-packages/kivy/app.py", line 956, in run
Wed, 10 Sep 2025 04:29:49.180444 GMT [ERROR] File "/home/cai_test_wi/Maha/Config_UI/M-Series/config/lib/python3.10/site-packages/kivy/app.py", line 956, in run
Wed, 10 Sep 2025 04:29:49.180675 GMT [WARNING] stderr:     runTouchApp()
Wed, 10 Sep 2025 04:29:49.180711 GMT [ERROR] runTouchApp()
Wed, 10 Sep 2025 04:29:49.180755 GMT [WARNING] stderr:   File "/home/cai_test_wi/Maha/Config_UI/M-Series/config/lib/python3.10/site-packages/kivy/base.py", line 574, in runTouchApp
Wed, 10 Sep 2025 04:29:49.180785 GMT [ERROR] File "/home/cai_test_wi/Maha/Config_UI/M-Series/config/lib/python3.10/site-packages/kivy/base.py", line 574, in runTouchApp
Wed, 10 Sep 2025 04:29:49.180896 GMT [WARNING] stderr:     EventLoop.mainloop()
Wed, 10 Sep 2025 04:29:49.180927 GMT [ERROR] EventLoop.mainloop()
Wed, 10 Sep 2025 04:29:49.180969 GMT [WARNING] stderr:   File "/home/cai_test_wi/Maha/Config_UI/M-Series/config/lib/python3.10/site-packages/kivy/base.py", line 339, in mainloop
Wed, 10 Sep 2025 04:29:49.180996 GMT [ERROR] File "/home/cai_test_wi/Maha/Config_UI/M-Series/config/lib/python3.10/site-packages/kivy/base.py", line 339, in mainloop
Wed, 10 Sep 2025 04:29:49.181085 GMT [WARNING] stderr:     self.idle()
Wed, 10 Sep 2025 04:29:49.181115 GMT [ERROR] self.idle()
Wed, 10 Sep 2025 04:29:49.181157 GMT [WARNING] stderr:   File "/home/cai_test_wi/Maha/Config_UI/M-Series/config/lib/python3.10/site-packages/kivy/base.py", line 383, in idle
Wed, 10 Sep 2025 04:29:49.181183 GMT [ERROR] File "/home/cai_test_wi/Maha/Config_UI/M-Series/config/lib/python3.10/site-packages/kivy/base.py", line 383, in idle
Wed, 10 Sep 2025 04:29:49.181267 GMT [WARNING] stderr:     self.dispatch_input()
Wed, 10 Sep 2025 04:29:49.181296 GMT [ERROR] self.dispatch_input()
Wed, 10 Sep 2025 04:29:49.181337 GMT [WARNING] stderr:   File "/home/cai_test_wi/Maha/Config_UI/M-Series/config/lib/python3.10/site-packages/kivy/base.py", line 334, in dispatch_input
Wed, 10 Sep 2025 04:29:49.181363 GMT [ERROR] File "/home/cai_test_wi/Maha/Config_UI/M-Series/config/lib/python3.10/site-packages/kivy/base.py", line 334, in dispatch_input
Wed, 10 Sep 2025 04:29:49.181447 GMT [WARNING] stderr:     post_dispatch_input(*pop(0))
Wed, 10 Sep 2025 04:29:49.181477 GMT [ERROR] post_dispatch_input(*pop(0))
Wed, 10 Sep 2025 04:29:49.181519 GMT [WARNING] stderr:   File "/home/cai_test_wi/Maha/Config_UI/M-Series/config/lib/python3.10/site-packages/kivy/base.py", line 302, in post_dispatch_input
Wed, 10 Sep 2025 04:29:49.181544 GMT [ERROR] File "/home/cai_test_wi/Maha/Config_UI/M-Series/config/lib/python3.10/site-packages/kivy/base.py", line 302, in post_dispatch_input
Wed, 10 Sep 2025 04:29:49.181624 GMT [WARNING] stderr:     wid.dispatch('on_touch_up', me)
Wed, 10 Sep 2025 04:29:49.181659 GMT [ERROR] wid.dispatch('on_touch_up', me)
Wed, 10 Sep 2025 04:29:49.181701 GMT [WARNING] stderr:   File "kivy/_event.pyx", line 731, in kivy._event.EventDispatcher.dispatch
Wed, 10 Sep 2025 04:29:49.181731 GMT [ERROR] File "kivy/_event.pyx", line 731, in kivy._event.EventDispatcher.dispatch
Wed, 10 Sep 2025 04:29:49.181803 GMT [WARNING] stderr:   File "/home/cai_test_wi/Maha/Config_UI/M-Series/config/lib/python3.10/site-packages/kivy/uix/behaviors/button.py", line 179, in on_touch_up
Wed, 10 Sep 2025 04:29:49.181831 GMT [ERROR] File "/home/cai_test_wi/Maha/Config_UI/M-Series/config/lib/python3.10/site-packages/kivy/uix/behaviors/button.py", line 179, in on_touch_up
Wed, 10 Sep 2025 04:29:49.181928 GMT [WARNING] stderr:     self.dispatch('on_release')
Wed, 10 Sep 2025 04:29:49.181957 GMT [ERROR] self.dispatch('on_release')
Wed, 10 Sep 2025 04:29:49.182000 GMT [WARNING] stderr:   File "kivy/_event.pyx", line 727, in kivy._event.EventDispatcher.dispatch
Wed, 10 Sep 2025 04:29:49.182026 GMT [ERROR] File "kivy/_event.pyx", line 727, in kivy._event.EventDispatcher.dispatch
Wed, 10 Sep 2025 04:29:49.182086 GMT [WARNING] stderr:   File "kivy/_event.pyx", line 1307, in kivy._event.EventObservers.dispatch
Wed, 10 Sep 2025 04:29:49.182113 GMT [ERROR] File "kivy/_event.pyx", line 1307, in kivy._event.EventObservers.dispatch
Wed, 10 Sep 2025 04:29:49.182171 GMT [WARNING] stderr:   File "kivy/_event.pyx", line 1231, in kivy._event.EventObservers._dispatch
Wed, 10 Sep 2025 04:29:49.182198 GMT [ERROR] File "kivy/_event.pyx", line 1231, in kivy._event.EventObservers._dispatch
Wed, 10 Sep 2025 04:29:49.182255 GMT [WARNING] stderr:   File "/home/cai_test_wi/Maha/Config_UI/M-Series/config/lib/python3.10/site-packages/kivy/uix/spinner.py", line 196, in <lambda>
Wed, 10 Sep 2025 04:29:49.182281 GMT [ERROR] File "/home/cai_test_wi/Maha/Config_UI/M-Series/config/lib/python3.10/site-packages/kivy/uix/spinner.py", line 196, in <lambda>
Wed, 10 Sep 2025 04:29:49.182363 GMT [WARNING] stderr:     item.bind(on_release=lambda option: dp.select(option.text))
Wed, 10 Sep 2025 04:29:49.182392 GMT [ERROR] item.bind(on_release=lambda option: dp.select(option.text))
Wed, 10 Sep 2025 04:29:49.182436 GMT [WARNING] stderr:   File "/home/cai_test_wi/Maha/Config_UI/M-Series/config/lib/python3.10/site-packages/kivy/uix/dropdown.py", line 277, in select
Wed, 10 Sep 2025 04:29:49.182473 GMT [ERROR] File "/home/cai_test_wi/Maha/Config_UI/M-Series/config/lib/python3.10/site-packages/kivy/uix/dropdown.py", line 277, in select
Wed, 10 Sep 2025 04:29:49.182597 GMT [WARNING] stderr:     self.dispatch('on_select', data)
Wed, 10 Sep 2025 04:29:49.182632 GMT [ERROR] self.dispatch('on_select', data)
Wed, 10 Sep 2025 04:29:49.182685 GMT [WARNING] stderr:   File "kivy/_event.pyx", line 727, in kivy._event.EventDispatcher.dispatch
Wed, 10 Sep 2025 04:29:49.182715 GMT [ERROR] File "kivy/_event.pyx", line 727, in kivy._event.EventDispatcher.dispatch
Wed, 10 Sep 2025 04:29:49.182783 GMT [WARNING] stderr:   File "kivy/_event.pyx", line 1307, in kivy._event.EventObservers.dispatch
Wed, 10 Sep 2025 04:29:49.182813 GMT [ERROR] File "kivy/_event.pyx", line 1307, in kivy._event.EventObservers.dispatch
Wed, 10 Sep 2025 04:29:49.182878 GMT [WARNING] stderr:   File "kivy/_event.pyx", line 1231, in kivy._event.EventObservers._dispatch
Wed, 10 Sep 2025 04:29:49.182905 GMT [ERROR] File "kivy/_event.pyx", line 1231, in kivy._event.EventObservers._dispatch
Wed, 10 Sep 2025 04:29:49.182965 GMT [WARNING] stderr:   File "/home/cai_test_wi/Maha/Config_UI/M-Series/config/lib/python3.10/site-packages/kivy/uix/spinner.py", line 213, in _on_dropdown_select
Wed, 10 Sep 2025 04:29:49.182992 GMT [ERROR] File "/home/cai_test_wi/Maha/Config_UI/M-Series/config/lib/python3.10/site-packages/kivy/uix/spinner.py", line 213, in _on_dropdown_select
Wed, 10 Sep 2025 04:29:49.183075 GMT [WARNING] stderr:     self.text = data
Wed, 10 Sep 2025 04:29:49.183104 GMT [ERROR] self.text = data
Wed, 10 Sep 2025 04:29:49.183146 GMT [WARNING] stderr:   File "kivy/properties.pyx", line 520, in kivy.properties.Property.__set__
Wed, 10 Sep 2025 04:29:49.183173 GMT [ERROR] File "kivy/properties.pyx", line 520, in kivy.properties.Property.__set__
Wed, 10 Sep 2025 04:29:49.183234 GMT [WARNING] stderr:   File "kivy/properties.pyx", line 567, in kivy.properties.Property.set
Wed, 10 Sep 2025 04:29:49.183263 GMT [ERROR] File "kivy/properties.pyx", line 567, in kivy.properties.Property.set
Wed, 10 Sep 2025 04:29:49.183322 GMT [WARNING] stderr:   File "kivy/properties.pyx", line 606, in kivy.properties.Property._dispatch
Wed, 10 Sep 2025 04:29:49.183350 GMT [ERROR] File "kivy/properties.pyx", line 606, in kivy.properties.Property._dispatch
Wed, 10 Sep 2025 04:29:49.183412 GMT [WARNING] stderr:   File "kivy/_event.pyx", line 1307, in kivy._event.EventObservers.dispatch
Wed, 10 Sep 2025 04:29:49.183438 GMT [ERROR] File "kivy/_event.pyx", line 1307, in kivy._event.EventObservers.dispatch
Wed, 10 Sep 2025 04:29:49.183496 GMT [WARNING] stderr:   File "kivy/_event.pyx", line 1213, in kivy._event.EventObservers._dispatch
Wed, 10 Sep 2025 04:29:49.183524 GMT [ERROR] File "kivy/_event.pyx", line 1213, in kivy._event.EventObservers._dispatch
Wed, 10 Sep 2025 04:29:49.183583 GMT [WARNING] stderr:   File "/home/cai_test_wi/Maha/Config_UI/M-Series/screens/user.py", line 307, in on_zone_color_change
Wed, 10 Sep 2025 04:29:49.183609 GMT [ERROR] File "/home/cai_test_wi/Maha/Config_UI/M-Series/screens/user.py", line 307, in on_zone_color_change
Wed, 10 Sep 2025 04:29:49.183732 GMT [WARNING] stderr:     self.zone_points_input.text = self.get_zone_points_text(cam_index, text)
Wed, 10 Sep 2025 04:29:49.183770 GMT [ERROR] self.zone_points_input.text = self.get_zone_points_text(cam_index, text)
Wed, 10 Sep 2025 04:29:49.183819 GMT [WARNING] stderr: TypeError: UserScreen.get_zone_points_text() takes 2 positional arguments but 3 were given
Wed, 10 Sep 2025 04:29:49.183846 GMT [ERROR] TypeError: UserScreen.get_zone_points_text() takes 2 positional arguments but 3 were given

********************************************************************************
APP STARTED at Wed, 10 Sep 2025 04:31:05.576008 GMT
Wed, 10 Sep 2025 04:31:07.514421 GMT [WARNING] stderr: Traceback (most recent call last):
Wed, 10 Sep 2025 04:31:07.514464 GMT [ERROR] Traceback (most recent call last):
Wed, 10 Sep 2025 04:31:07.514515 GMT [WARNING] stderr:   File "/home/cai_test_wi/Maha/Config_UI/M-Series/main.py", line 46, in <module>
Wed, 10 Sep 2025 04:31:07.514545 GMT [ERROR] File "/home/cai_test_wi/Maha/Config_UI/M-Series/main.py", line 46, in <module>
Wed, 10 Sep 2025 04:31:07.514653 GMT [WARNING] stderr:     ConfigApp().run()
Wed, 10 Sep 2025 04:31:07.514689 GMT [ERROR] ConfigApp().run()
Wed, 10 Sep 2025 04:31:07.514736 GMT [WARNING] stderr:   File "/home/cai_test_wi/Maha/Config_UI/M-Series/config/lib/python3.10/site-packages/kivy/app.py", line 956, in run
Wed, 10 Sep 2025 04:31:07.514764 GMT [ERROR] File "/home/cai_test_wi/Maha/Config_UI/M-Series/config/lib/python3.10/site-packages/kivy/app.py", line 956, in run
Wed, 10 Sep 2025 04:31:07.514978 GMT [WARNING] stderr:     runTouchApp()
Wed, 10 Sep 2025 04:31:07.515007 GMT [ERROR] runTouchApp()
Wed, 10 Sep 2025 04:31:07.515045 GMT [WARNING] stderr:   File "/home/cai_test_wi/Maha/Config_UI/M-Series/config/lib/python3.10/site-packages/kivy/base.py", line 574, in runTouchApp
Wed, 10 Sep 2025 04:31:07.515068 GMT [ERROR] File "/home/cai_test_wi/Maha/Config_UI/M-Series/config/lib/python3.10/site-packages/kivy/base.py", line 574, in runTouchApp
Wed, 10 Sep 2025 04:31:07.515161 GMT [WARNING] stderr:     EventLoop.mainloop()
Wed, 10 Sep 2025 04:31:07.515187 GMT [ERROR] EventLoop.mainloop()
Wed, 10 Sep 2025 04:31:07.515223 GMT [WARNING] stderr:   File "/home/cai_test_wi/Maha/Config_UI/M-Series/config/lib/python3.10/site-packages/kivy/base.py", line 339, in mainloop
Wed, 10 Sep 2025 04:31:07.515246 GMT [ERROR] File "/home/cai_test_wi/Maha/Config_UI/M-Series/config/lib/python3.10/site-packages/kivy/base.py", line 339, in mainloop
Wed, 10 Sep 2025 04:31:07.515318 GMT [WARNING] stderr:     self.idle()
Wed, 10 Sep 2025 04:31:07.515343 GMT [ERROR] self.idle()
Wed, 10 Sep 2025 04:31:07.515379 GMT [WARNING] stderr:   File "/home/cai_test_wi/Maha/Config_UI/M-Series/config/lib/python3.10/site-packages/kivy/base.py", line 383, in idle
Wed, 10 Sep 2025 04:31:07.515401 GMT [ERROR] File "/home/cai_test_wi/Maha/Config_UI/M-Series/config/lib/python3.10/site-packages/kivy/base.py", line 383, in idle
Wed, 10 Sep 2025 04:31:07.515472 GMT [WARNING] stderr:     self.dispatch_input()
Wed, 10 Sep 2025 04:31:07.515496 GMT [ERROR] self.dispatch_input()
Wed, 10 Sep 2025 04:31:07.515531 GMT [WARNING] stderr:   File "/home/cai_test_wi/Maha/Config_UI/M-Series/config/lib/python3.10/site-packages/kivy/base.py", line 334, in dispatch_input
Wed, 10 Sep 2025 04:31:07.515553 GMT [ERROR] File "/home/cai_test_wi/Maha/Config_UI/M-Series/config/lib/python3.10/site-packages/kivy/base.py", line 334, in dispatch_input
Wed, 10 Sep 2025 04:31:07.515625 GMT [WARNING] stderr:     post_dispatch_input(*pop(0))
Wed, 10 Sep 2025 04:31:07.515656 GMT [ERROR] post_dispatch_input(*pop(0))
Wed, 10 Sep 2025 04:31:07.515694 GMT [WARNING] stderr:   File "/home/cai_test_wi/Maha/Config_UI/M-Series/config/lib/python3.10/site-packages/kivy/base.py", line 302, in post_dispatch_input
Wed, 10 Sep 2025 04:31:07.515716 GMT [ERROR] File "/home/cai_test_wi/Maha/Config_UI/M-Series/config/lib/python3.10/site-packages/kivy/base.py", line 302, in post_dispatch_input
Wed, 10 Sep 2025 04:31:07.515795 GMT [WARNING] stderr:     wid.dispatch('on_touch_up', me)
Wed, 10 Sep 2025 04:31:07.515822 GMT [ERROR] wid.dispatch('on_touch_up', me)
Wed, 10 Sep 2025 04:31:07.515858 GMT [WARNING] stderr:   File "kivy/_event.pyx", line 731, in kivy._event.EventDispatcher.dispatch
Wed, 10 Sep 2025 04:31:07.515881 GMT [ERROR] File "kivy/_event.pyx", line 731, in kivy._event.EventDispatcher.dispatch
Wed, 10 Sep 2025 04:31:07.515939 GMT [WARNING] stderr:   File "/home/cai_test_wi/Maha/Config_UI/M-Series/config/lib/python3.10/site-packages/kivy/uix/behaviors/button.py", line 179, in on_touch_up
Wed, 10 Sep 2025 04:31:07.515964 GMT [ERROR] File "/home/cai_test_wi/Maha/Config_UI/M-Series/config/lib/python3.10/site-packages/kivy/uix/behaviors/button.py", line 179, in on_touch_up
Wed, 10 Sep 2025 04:31:07.516032 GMT [WARNING] stderr:     self.dispatch('on_release')
Wed, 10 Sep 2025 04:31:07.516057 GMT [ERROR] self.dispatch('on_release')
Wed, 10 Sep 2025 04:31:07.516107 GMT [WARNING] stderr:   File "kivy/_event.pyx", line 727, in kivy._event.EventDispatcher.dispatch
Wed, 10 Sep 2025 04:31:07.516132 GMT [ERROR] File "kivy/_event.pyx", line 727, in kivy._event.EventDispatcher.dispatch
Wed, 10 Sep 2025 04:31:07.516185 GMT [WARNING] stderr:   File "kivy/_event.pyx", line 1307, in kivy._event.EventObservers.dispatch
Wed, 10 Sep 2025 04:31:07.516209 GMT [ERROR] File "kivy/_event.pyx", line 1307, in kivy._event.EventObservers.dispatch
Wed, 10 Sep 2025 04:31:07.516260 GMT [WARNING] stderr:   File "kivy/_event.pyx", line 1231, in kivy._event.EventObservers._dispatch
Wed, 10 Sep 2025 04:31:07.516283 GMT [ERROR] File "kivy/_event.pyx", line 1231, in kivy._event.EventObservers._dispatch
Wed, 10 Sep 2025 04:31:07.516336 GMT [WARNING] stderr:   File "/home/cai_test_wi/Maha/Config_UI/M-Series/screens/login.py", line 62, in <lambda>
Wed, 10 Sep 2025 04:31:07.516359 GMT [ERROR] File "/home/cai_test_wi/Maha/Config_UI/M-Series/screens/login.py", line 62, in <lambda>
Wed, 10 Sep 2025 04:31:07.516425 GMT [WARNING] stderr:     user_btn.bind(on_release=lambda x: setattr(self.manager, "current", "user"))
Wed, 10 Sep 2025 04:31:07.516451 GMT [ERROR] user_btn.bind(on_release=lambda x: setattr(self.manager, "current", "user"))
Wed, 10 Sep 2025 04:31:07.516488 GMT [WARNING] stderr:   File "kivy/properties.pyx", line 520, in kivy.properties.Property.__set__
Wed, 10 Sep 2025 04:31:07.516510 GMT [ERROR] File "kivy/properties.pyx", line 520, in kivy.properties.Property.__set__
Wed, 10 Sep 2025 04:31:07.516566 GMT [WARNING] stderr:   File "kivy/properties.pyx", line 567, in kivy.properties.Property.set
Wed, 10 Sep 2025 04:31:07.516590 GMT [ERROR] File "kivy/properties.pyx", line 567, in kivy.properties.Property.set
Wed, 10 Sep 2025 04:31:07.516642 GMT [WARNING] stderr:   File "kivy/properties.pyx", line 606, in kivy.properties.Property._dispatch
Wed, 10 Sep 2025 04:31:07.516681 GMT [ERROR] File "kivy/properties.pyx", line 606, in kivy.properties.Property._dispatch
Wed, 10 Sep 2025 04:31:07.516736 GMT [WARNING] stderr:   File "kivy/_event.pyx", line 1307, in kivy._event.EventObservers.dispatch
Wed, 10 Sep 2025 04:31:07.516760 GMT [ERROR] File "kivy/_event.pyx", line 1307, in kivy._event.EventObservers.dispatch
Wed, 10 Sep 2025 04:31:07.516811 GMT [WARNING] stderr:   File "kivy/_event.pyx", line 1213, in kivy._event.EventObservers._dispatch
Wed, 10 Sep 2025 04:31:07.516838 GMT [ERROR] File "kivy/_event.pyx", line 1213, in kivy._event.EventObservers._dispatch
Wed, 10 Sep 2025 04:31:07.516903 GMT [WARNING] stderr:   File "/home/cai_test_wi/Maha/Config_UI/M-Series/config/lib/python3.10/site-packages/kivy/uix/screenmanager.py", line 1063, in on_current
Wed, 10 Sep 2025 04:31:07.516932 GMT [ERROR] File "/home/cai_test_wi/Maha/Config_UI/M-Series/config/lib/python3.10/site-packages/kivy/uix/screenmanager.py", line 1063, in on_current
Wed, 10 Sep 2025 04:31:07.518245 GMT [WARNING] stderr:     self.transition.start(self)
Wed, 10 Sep 2025 04:31:07.518289 GMT [ERROR] self.transition.start(self)
Wed, 10 Sep 2025 04:31:07.518329 GMT [WARNING] stderr:   File "/home/cai_test_wi/Maha/Config_UI/M-Series/config/lib/python3.10/site-packages/kivy/uix/screenmanager.py", line 377, in start
Wed, 10 Sep 2025 04:31:07.518352 GMT [ERROR] File "/home/cai_test_wi/Maha/Config_UI/M-Series/config/lib/python3.10/site-packages/kivy/uix/screenmanager.py", line 377, in start
Wed, 10 Sep 2025 04:31:07.518462 GMT [WARNING] stderr:     self.screen_in.dispatch('on_pre_enter')
Wed, 10 Sep 2025 04:31:07.518489 GMT [ERROR] self.screen_in.dispatch('on_pre_enter')
Wed, 10 Sep 2025 04:31:07.518527 GMT [WARNING] stderr:   File "kivy/_event.pyx", line 731, in kivy._event.EventDispatcher.dispatch
Wed, 10 Sep 2025 04:31:07.518549 GMT [ERROR] File "kivy/_event.pyx", line 731, in kivy._event.EventDispatcher.dispatch
Wed, 10 Sep 2025 04:31:07.518603 GMT [WARNING] stderr:   File "/home/cai_test_wi/Maha/Config_UI/M-Series/screens/user.py", line 301, in on_pre_enter
Wed, 10 Sep 2025 04:31:07.518628 GMT [ERROR] File "/home/cai_test_wi/Maha/Config_UI/M-Series/screens/user.py", line 301, in on_pre_enter
Wed, 10 Sep 2025 04:31:07.518730 GMT [WARNING] stderr:     self.zone_points_input.text = self.get_zone_points_text(0)
Wed, 10 Sep 2025 04:31:07.518762 GMT [ERROR] self.zone_points_input.text = self.get_zone_points_text(0)
Wed, 10 Sep 2025 04:31:07.518803 GMT [WARNING] stderr: TypeError: UserScreen.get_zone_points_text() missing 1 required positional argument: 'zone_index'
Wed, 10 Sep 2025 04:31:07.518826 GMT [ERROR] TypeError: UserScreen.get_zone_points_text() missing 1 required positional argument: 'zone_index'

********************************************************************************
APP STARTED at Wed, 10 Sep 2025 04:32:28.604569 GMT
Wed, 10 Sep 2025 04:32:30.529046 GMT [WARNING] stderr: Traceback (most recent call last):
Wed, 10 Sep 2025 04:32:30.529107 GMT [ERROR] Traceback (most recent call last):
Wed, 10 Sep 2025 04:32:30.529160 GMT [WARNING] stderr:   File "/home/cai_test_wi/Maha/Config_UI/M-Series/main.py", line 46, in <module>
Wed, 10 Sep 2025 04:32:30.529192 GMT [ERROR] File "/home/cai_test_wi/Maha/Config_UI/M-Series/main.py", line 46, in <module>
Wed, 10 Sep 2025 04:32:30.529298 GMT [WARNING] stderr:     ConfigApp().run()
Wed, 10 Sep 2025 04:32:30.529332 GMT [ERROR] ConfigApp().run()
Wed, 10 Sep 2025 04:32:30.529393 GMT [WARNING] stderr:   File "/home/cai_test_wi/Maha/Config_UI/M-Series/config/lib/python3.10/site-packages/kivy/app.py", line 956, in run
Wed, 10 Sep 2025 04:32:30.529424 GMT [ERROR] File "/home/cai_test_wi/Maha/Config_UI/M-Series/config/lib/python3.10/site-packages/kivy/app.py", line 956, in run
Wed, 10 Sep 2025 04:32:30.529674 GMT [WARNING] stderr:     runTouchApp()
Wed, 10 Sep 2025 04:32:30.529717 GMT [ERROR] runTouchApp()
Wed, 10 Sep 2025 04:32:30.529761 GMT [WARNING] stderr:   File "/home/cai_test_wi/Maha/Config_UI/M-Series/config/lib/python3.10/site-packages/kivy/base.py", line 574, in runTouchApp
Wed, 10 Sep 2025 04:32:30.529786 GMT [ERROR] File "/home/cai_test_wi/Maha/Config_UI/M-Series/config/lib/python3.10/site-packages/kivy/base.py", line 574, in runTouchApp
Wed, 10 Sep 2025 04:32:30.529894 GMT [WARNING] stderr:     EventLoop.mainloop()
Wed, 10 Sep 2025 04:32:30.529924 GMT [ERROR] EventLoop.mainloop()
Wed, 10 Sep 2025 04:32:30.529966 GMT [WARNING] stderr:   File "/home/cai_test_wi/Maha/Config_UI/M-Series/config/lib/python3.10/site-packages/kivy/base.py", line 339, in mainloop
Wed, 10 Sep 2025 04:32:30.529992 GMT [ERROR] File "/home/cai_test_wi/Maha/Config_UI/M-Series/config/lib/python3.10/site-packages/kivy/base.py", line 339, in mainloop
Wed, 10 Sep 2025 04:32:30.530075 GMT [WARNING] stderr:     self.idle()
Wed, 10 Sep 2025 04:32:30.530105 GMT [ERROR] self.idle()
Wed, 10 Sep 2025 04:32:30.530146 GMT [WARNING] stderr:   File "/home/cai_test_wi/Maha/Config_UI/M-Series/config/lib/python3.10/site-packages/kivy/base.py", line 383, in idle
Wed, 10 Sep 2025 04:32:30.530172 GMT [ERROR] File "/home/cai_test_wi/Maha/Config_UI/M-Series/config/lib/python3.10/site-packages/kivy/base.py", line 383, in idle
Wed, 10 Sep 2025 04:32:30.530257 GMT [WARNING] stderr:     self.dispatch_input()
Wed, 10 Sep 2025 04:32:30.530287 GMT [ERROR] self.dispatch_input()
Wed, 10 Sep 2025 04:32:30.530329 GMT [WARNING] stderr:   File "/home/cai_test_wi/Maha/Config_UI/M-Series/config/lib/python3.10/site-packages/kivy/base.py", line 334, in dispatch_input
Wed, 10 Sep 2025 04:32:30.530355 GMT [ERROR] File "/home/cai_test_wi/Maha/Config_UI/M-Series/config/lib/python3.10/site-packages/kivy/base.py", line 334, in dispatch_input
Wed, 10 Sep 2025 04:32:30.530440 GMT [WARNING] stderr:     post_dispatch_input(*pop(0))
Wed, 10 Sep 2025 04:32:30.530469 GMT [ERROR] post_dispatch_input(*pop(0))
Wed, 10 Sep 2025 04:32:30.530511 GMT [WARNING] stderr:   File "/home/cai_test_wi/Maha/Config_UI/M-Series/config/lib/python3.10/site-packages/kivy/base.py", line 302, in post_dispatch_input
Wed, 10 Sep 2025 04:32:30.530537 GMT [ERROR] File "/home/cai_test_wi/Maha/Config_UI/M-Series/config/lib/python3.10/site-packages/kivy/base.py", line 302, in post_dispatch_input
Wed, 10 Sep 2025 04:32:30.530617 GMT [WARNING] stderr:     wid.dispatch('on_touch_up', me)
Wed, 10 Sep 2025 04:32:30.530649 GMT [ERROR] wid.dispatch('on_touch_up', me)
Wed, 10 Sep 2025 04:32:30.530708 GMT [WARNING] stderr:   File "kivy/_event.pyx", line 731, in kivy._event.EventDispatcher.dispatch
Wed, 10 Sep 2025 04:32:30.530736 GMT [ERROR] File "kivy/_event.pyx", line 731, in kivy._event.EventDispatcher.dispatch
Wed, 10 Sep 2025 04:32:30.530806 GMT [WARNING] stderr:   File "/home/cai_test_wi/Maha/Config_UI/M-Series/config/lib/python3.10/site-packages/kivy/uix/behaviors/button.py", line 179, in on_touch_up
Wed, 10 Sep 2025 04:32:30.530834 GMT [ERROR] File "/home/cai_test_wi/Maha/Config_UI/M-Series/config/lib/python3.10/site-packages/kivy/uix/behaviors/button.py", line 179, in on_touch_up
Wed, 10 Sep 2025 04:32:30.530913 GMT [WARNING] stderr:     self.dispatch('on_release')
Wed, 10 Sep 2025 04:32:30.530941 GMT [ERROR] self.dispatch('on_release')
Wed, 10 Sep 2025 04:32:30.530982 GMT [WARNING] stderr:   File "kivy/_event.pyx", line 727, in kivy._event.EventDispatcher.dispatch
Wed, 10 Sep 2025 04:32:30.531008 GMT [ERROR] File "kivy/_event.pyx", line 727, in kivy._event.EventDispatcher.dispatch
Wed, 10 Sep 2025 04:32:30.531066 GMT [WARNING] stderr:   File "kivy/_event.pyx", line 1307, in kivy._event.EventObservers.dispatch
Wed, 10 Sep 2025 04:32:30.531094 GMT [ERROR] File "kivy/_event.pyx", line 1307, in kivy._event.EventObservers.dispatch
Wed, 10 Sep 2025 04:32:30.531157 GMT [WARNING] stderr:   File "kivy/_event.pyx", line 1231, in kivy._event.EventObservers._dispatch
Wed, 10 Sep 2025 04:32:30.531183 GMT [ERROR] File "kivy/_event.pyx", line 1231, in kivy._event.EventObservers._dispatch
Wed, 10 Sep 2025 04:32:30.531243 GMT [WARNING] stderr:   File "/home/cai_test_wi/Maha/Config_UI/M-Series/screens/login.py", line 62, in <lambda>
Wed, 10 Sep 2025 04:32:30.531269 GMT [ERROR] File "/home/cai_test_wi/Maha/Config_UI/M-Series/screens/login.py", line 62, in <lambda>
Wed, 10 Sep 2025 04:32:30.531338 GMT [WARNING] stderr:     user_btn.bind(on_release=lambda x: setattr(self.manager, "current", "user"))
Wed, 10 Sep 2025 04:32:30.531366 GMT [ERROR] user_btn.bind(on_release=lambda x: setattr(self.manager, "current", "user"))
Wed, 10 Sep 2025 04:32:30.531407 GMT [WARNING] stderr:   File "kivy/properties.pyx", line 520, in kivy.properties.Property.__set__
Wed, 10 Sep 2025 04:32:30.531432 GMT [ERROR] File "kivy/properties.pyx", line 520, in kivy.properties.Property.__set__
Wed, 10 Sep 2025 04:32:30.531493 GMT [WARNING] stderr:   File "kivy/properties.pyx", line 567, in kivy.properties.Property.set
Wed, 10 Sep 2025 04:32:30.531521 GMT [ERROR] File "kivy/properties.pyx", line 567, in kivy.properties.Property.set
Wed, 10 Sep 2025 04:32:30.531580 GMT [WARNING] stderr:   File "kivy/properties.pyx", line 606, in kivy.properties.Property._dispatch
Wed, 10 Sep 2025 04:32:30.531608 GMT [ERROR] File "kivy/properties.pyx", line 606, in kivy.properties.Property._dispatch
Wed, 10 Sep 2025 04:32:30.531671 GMT [WARNING] stderr:   File "kivy/_event.pyx", line 1307, in kivy._event.EventObservers.dispatch
Wed, 10 Sep 2025 04:32:30.531698 GMT [ERROR] File "kivy/_event.pyx", line 1307, in kivy._event.EventObservers.dispatch
Wed, 10 Sep 2025 04:32:30.531757 GMT [WARNING] stderr:   File "kivy/_event.pyx", line 1213, in kivy._event.EventObservers._dispatch
Wed, 10 Sep 2025 04:32:30.531789 GMT [ERROR] File "kivy/_event.pyx", line 1213, in kivy._event.EventObservers._dispatch
Wed, 10 Sep 2025 04:32:30.531847 GMT [WARNING] stderr:   File "/home/cai_test_wi/Maha/Config_UI/M-Series/config/lib/python3.10/site-packages/kivy/uix/screenmanager.py", line 1063, in on_current
Wed, 10 Sep 2025 04:32:30.531875 GMT [ERROR] File "/home/cai_test_wi/Maha/Config_UI/M-Series/config/lib/python3.10/site-packages/kivy/uix/screenmanager.py", line 1063, in on_current
Wed, 10 Sep 2025 04:32:30.532048 GMT [WARNING] stderr:     self.transition.start(self)
Wed, 10 Sep 2025 04:32:30.532079 GMT [ERROR] self.transition.start(self)
Wed, 10 Sep 2025 04:32:30.532122 GMT [WARNING] stderr:   File "/home/cai_test_wi/Maha/Config_UI/M-Series/config/lib/python3.10/site-packages/kivy/uix/screenmanager.py", line 377, in start
Wed, 10 Sep 2025 04:32:30.532151 GMT [ERROR] File "/home/cai_test_wi/Maha/Config_UI/M-Series/config/lib/python3.10/site-packages/kivy/uix/screenmanager.py", line 377, in start
Wed, 10 Sep 2025 04:32:30.532273 GMT [WARNING] stderr:     self.screen_in.dispatch('on_pre_enter')
Wed, 10 Sep 2025 04:32:30.532303 GMT [ERROR] self.screen_in.dispatch('on_pre_enter')
Wed, 10 Sep 2025 04:32:30.532346 GMT [WARNING] stderr:   File "kivy/_event.pyx", line 731, in kivy._event.EventDispatcher.dispatch
Wed, 10 Sep 2025 04:32:30.532373 GMT [ERROR] File "kivy/_event.pyx", line 731, in kivy._event.EventDispatcher.dispatch
Wed, 10 Sep 2025 04:32:30.532434 GMT [WARNING] stderr:   File "/home/cai_test_wi/Maha/Config_UI/M-Series/screens/user.py", line 301, in on_pre_enter
Wed, 10 Sep 2025 04:32:30.532462 GMT [ERROR] File "/home/cai_test_wi/Maha/Config_UI/M-Series/screens/user.py", line 301, in on_pre_enter
Wed, 10 Sep 2025 04:32:30.532569 GMT [WARNING] stderr:     self.zone_points_input.text = self.get_zone_points_text(0,self.current_zone_color)
Wed, 10 Sep 2025 04:32:30.532603 GMT [ERROR] self.zone_points_input.text = self.get_zone_points_text(0,self.current_zone_color)
Wed, 10 Sep 2025 04:32:30.532709 GMT [WARNING] stderr: AttributeError: 'UserScreen' object has no attribute 'current_zone_color'
Wed, 10 Sep 2025 04:32:30.532743 GMT [ERROR] AttributeError: 'UserScreen' object has no attribute 'current_zone_color'

********************************************************************************
APP STARTED at Wed, 10 Sep 2025 04:36:34.366841 GMT
Wed, 10 Sep 2025 04:36:34.607850 GMT [WARNING] stderr: Traceback (most recent call last):
Wed, 10 Sep 2025 04:36:34.607962 GMT [ERROR] Traceback (most recent call last):
Wed, 10 Sep 2025 04:36:34.608026 GMT [WARNING] stderr:   File "/home/cai_test_wi/Maha/Config_UI/M-Series/main.py", line 5, in <module>
Wed, 10 Sep 2025 04:36:34.608056 GMT [ERROR] File "/home/cai_test_wi/Maha/Config_UI/M-Series/main.py", line 5, in <module>
Wed, 10 Sep 2025 04:36:34.608145 GMT [WARNING] stderr:     from utils.yaml_utils import  sync_zones_from_conc_to_config
Wed, 10 Sep 2025 04:36:34.608178 GMT [ERROR] from utils.yaml_utils import  sync_zones_from_conc_to_config
Wed, 10 Sep 2025 04:36:34.608228 GMT [WARNING] stderr: ImportError: cannot import name 'sync_zones_from_conc_to_config' from 'utils.yaml_utils' (/home/cai_test_wi/Maha/Config_UI/M-Series/utils/yaml_utils.py)
Wed, 10 Sep 2025 04:36:34.608259 GMT [ERROR] ImportError: cannot import name 'sync_zones_from_conc_to_config' from 'utils.yaml_utils' (/home/cai_test_wi/Maha/Config_UI/M-Series/utils/yaml_utils.py)

********************************************************************************
APP STARTED at Wed, 10 Sep 2025 04:37:03.462228 GMT
Wed, 10 Sep 2025 04:37:05.145951 GMT [WARNING] stderr: Traceback (most recent call last):
Wed, 10 Sep 2025 04:37:05.145991 GMT [ERROR] Traceback (most recent call last):
Wed, 10 Sep 2025 04:37:05.146054 GMT [WARNING] stderr:   File "/home/cai_test_wi/Maha/Config_UI/M-Series/main.py", line 46, in <module>
Wed, 10 Sep 2025 04:37:05.146089 GMT [ERROR] File "/home/cai_test_wi/Maha/Config_UI/M-Series/main.py", line 46, in <module>
Wed, 10 Sep 2025 04:37:05.146192 GMT [WARNING] stderr:     ConfigApp().run()
Wed, 10 Sep 2025 04:37:05.146225 GMT [ERROR] ConfigApp().run()
Wed, 10 Sep 2025 04:37:05.146280 GMT [WARNING] stderr:   File "/home/cai_test_wi/Maha/Config_UI/M-Series/config/lib/python3.10/site-packages/kivy/app.py", line 956, in run
Wed, 10 Sep 2025 04:37:05.146310 GMT [ERROR] File "/home/cai_test_wi/Maha/Config_UI/M-Series/config/lib/python3.10/site-packages/kivy/app.py", line 956, in run
Wed, 10 Sep 2025 04:37:05.146549 GMT [WARNING] stderr:     runTouchApp()
Wed, 10 Sep 2025 04:37:05.146582 GMT [ERROR] runTouchApp()
Wed, 10 Sep 2025 04:37:05.146626 GMT [WARNING] stderr:   File "/home/cai_test_wi/Maha/Config_UI/M-Series/config/lib/python3.10/site-packages/kivy/base.py", line 574, in runTouchApp
Wed, 10 Sep 2025 04:37:05.146658 GMT [ERROR] File "/home/cai_test_wi/Maha/Config_UI/M-Series/config/lib/python3.10/site-packages/kivy/base.py", line 574, in runTouchApp
Wed, 10 Sep 2025 04:37:05.146775 GMT [WARNING] stderr:     EventLoop.mainloop()
Wed, 10 Sep 2025 04:37:05.146805 GMT [ERROR] EventLoop.mainloop()
Wed, 10 Sep 2025 04:37:05.146847 GMT [WARNING] stderr:   File "/home/cai_test_wi/Maha/Config_UI/M-Series/config/lib/python3.10/site-packages/kivy/base.py", line 339, in mainloop
Wed, 10 Sep 2025 04:37:05.146872 GMT [ERROR] File "/home/cai_test_wi/Maha/Config_UI/M-Series/config/lib/python3.10/site-packages/kivy/base.py", line 339, in mainloop
Wed, 10 Sep 2025 04:37:05.146952 GMT [WARNING] stderr:     self.idle()
Wed, 10 Sep 2025 04:37:05.146981 GMT [ERROR] self.idle()
Wed, 10 Sep 2025 04:37:05.147023 GMT [WARNING] stderr:   File "/home/cai_test_wi/Maha/Config_UI/M-Series/config/lib/python3.10/site-packages/kivy/base.py", line 383, in idle
Wed, 10 Sep 2025 04:37:05.147049 GMT [ERROR] File "/home/cai_test_wi/Maha/Config_UI/M-Series/config/lib/python3.10/site-packages/kivy/base.py", line 383, in idle
Wed, 10 Sep 2025 04:37:05.147131 GMT [WARNING] stderr:     self.dispatch_input()
Wed, 10 Sep 2025 04:37:05.147161 GMT [ERROR] self.dispatch_input()
Wed, 10 Sep 2025 04:37:05.147201 GMT [WARNING] stderr:   File "/home/cai_test_wi/Maha/Config_UI/M-Series/config/lib/python3.10/site-packages/kivy/base.py", line 334, in dispatch_input
Wed, 10 Sep 2025 04:37:05.147227 GMT [ERROR] File "/home/cai_test_wi/Maha/Config_UI/M-Series/config/lib/python3.10/site-packages/kivy/base.py", line 334, in dispatch_input
Wed, 10 Sep 2025 04:37:05.147312 GMT [WARNING] stderr:     post_dispatch_input(*pop(0))
Wed, 10 Sep 2025 04:37:05.147340 GMT [ERROR] post_dispatch_input(*pop(0))
Wed, 10 Sep 2025 04:37:05.147382 GMT [WARNING] stderr:   File "/home/cai_test_wi/Maha/Config_UI/M-Series/config/lib/python3.10/site-packages/kivy/base.py", line 302, in post_dispatch_input
Wed, 10 Sep 2025 04:37:05.147408 GMT [ERROR] File "/home/cai_test_wi/Maha/Config_UI/M-Series/config/lib/python3.10/site-packages/kivy/base.py", line 302, in post_dispatch_input
Wed, 10 Sep 2025 04:37:05.147487 GMT [WARNING] stderr:     wid.dispatch('on_touch_up', me)
Wed, 10 Sep 2025 04:37:05.147516 GMT [ERROR] wid.dispatch('on_touch_up', me)
Wed, 10 Sep 2025 04:37:05.147558 GMT [WARNING] stderr:   File "kivy/_event.pyx", line 731, in kivy._event.EventDispatcher.dispatch
Wed, 10 Sep 2025 04:37:05.147583 GMT [ERROR] File "kivy/_event.pyx", line 731, in kivy._event.EventDispatcher.dispatch
Wed, 10 Sep 2025 04:37:05.147653 GMT [WARNING] stderr:   File "/home/cai_test_wi/Maha/Config_UI/M-Series/config/lib/python3.10/site-packages/kivy/uix/behaviors/button.py", line 179, in on_touch_up
Wed, 10 Sep 2025 04:37:05.147684 GMT [ERROR] File "/home/cai_test_wi/Maha/Config_UI/M-Series/config/lib/python3.10/site-packages/kivy/uix/behaviors/button.py", line 179, in on_touch_up
Wed, 10 Sep 2025 04:37:05.147765 GMT [WARNING] stderr:     self.dispatch('on_release')
Wed, 10 Sep 2025 04:37:05.147794 GMT [ERROR] self.dispatch('on_release')
Wed, 10 Sep 2025 04:37:05.147838 GMT [WARNING] stderr:   File "kivy/_event.pyx", line 727, in kivy._event.EventDispatcher.dispatch
Wed, 10 Sep 2025 04:37:05.147865 GMT [ERROR] File "kivy/_event.pyx", line 727, in kivy._event.EventDispatcher.dispatch
Wed, 10 Sep 2025 04:37:05.147924 GMT [WARNING] stderr:   File "kivy/_event.pyx", line 1307, in kivy._event.EventObservers.dispatch
Wed, 10 Sep 2025 04:37:05.147952 GMT [ERROR] File "kivy/_event.pyx", line 1307, in kivy._event.EventObservers.dispatch
Wed, 10 Sep 2025 04:37:05.148013 GMT [WARNING] stderr:   File "kivy/_event.pyx", line 1231, in kivy._event.EventObservers._dispatch
Wed, 10 Sep 2025 04:37:05.148040 GMT [ERROR] File "kivy/_event.pyx", line 1231, in kivy._event.EventObservers._dispatch
Wed, 10 Sep 2025 04:37:05.148099 GMT [WARNING] stderr:   File "/home/cai_test_wi/Maha/Config_UI/M-Series/screens/login.py", line 62, in <lambda>
Wed, 10 Sep 2025 04:37:05.148125 GMT [ERROR] File "/home/cai_test_wi/Maha/Config_UI/M-Series/screens/login.py", line 62, in <lambda>
Wed, 10 Sep 2025 04:37:05.148197 GMT [WARNING] stderr:     user_btn.bind(on_release=lambda x: setattr(self.manager, "current", "user"))
Wed, 10 Sep 2025 04:37:05.148230 GMT [ERROR] user_btn.bind(on_release=lambda x: setattr(self.manager, "current", "user"))
Wed, 10 Sep 2025 04:37:05.148272 GMT [WARNING] stderr:   File "kivy/properties.pyx", line 520, in kivy.properties.Property.__set__
Wed, 10 Sep 2025 04:37:05.148297 GMT [ERROR] File "kivy/properties.pyx", line 520, in kivy.properties.Property.__set__
Wed, 10 Sep 2025 04:37:05.148361 GMT [WARNING] stderr:   File "kivy/properties.pyx", line 567, in kivy.properties.Property.set
Wed, 10 Sep 2025 04:37:05.148389 GMT [ERROR] File "kivy/properties.pyx", line 567, in kivy.properties.Property.set
Wed, 10 Sep 2025 04:37:05.148450 GMT [WARNING] stderr:   File "kivy/properties.pyx", line 606, in kivy.properties.Property._dispatch
Wed, 10 Sep 2025 04:37:05.148478 GMT [ERROR] File "kivy/properties.pyx", line 606, in kivy.properties.Property._dispatch
Wed, 10 Sep 2025 04:37:05.148538 GMT [WARNING] stderr:   File "kivy/_event.pyx", line 1307, in kivy._event.EventObservers.dispatch
Wed, 10 Sep 2025 04:37:05.148566 GMT [ERROR] File "kivy/_event.pyx", line 1307, in kivy._event.EventObservers.dispatch
Wed, 10 Sep 2025 04:37:05.148626 GMT [WARNING] stderr:   File "kivy/_event.pyx", line 1213, in kivy._event.EventObservers._dispatch
Wed, 10 Sep 2025 04:37:05.148660 GMT [ERROR] File "kivy/_event.pyx", line 1213, in kivy._event.EventObservers._dispatch
Wed, 10 Sep 2025 04:37:05.148721 GMT [WARNING] stderr:   File "/home/cai_test_wi/Maha/Config_UI/M-Series/config/lib/python3.10/site-packages/kivy/uix/screenmanager.py", line 1063, in on_current
Wed, 10 Sep 2025 04:37:05.148749 GMT [ERROR] File "/home/cai_test_wi/Maha/Config_UI/M-Series/config/lib/python3.10/site-packages/kivy/uix/screenmanager.py", line 1063, in on_current
Wed, 10 Sep 2025 04:37:05.148926 GMT [WARNING] stderr:     self.transition.start(self)
Wed, 10 Sep 2025 04:37:05.148956 GMT [ERROR] self.transition.start(self)
Wed, 10 Sep 2025 04:37:05.149000 GMT [WARNING] stderr:   File "/home/cai_test_wi/Maha/Config_UI/M-Series/config/lib/python3.10/site-packages/kivy/uix/screenmanager.py", line 377, in start
Wed, 10 Sep 2025 04:37:05.149026 GMT [ERROR] File "/home/cai_test_wi/Maha/Config_UI/M-Series/config/lib/python3.10/site-packages/kivy/uix/screenmanager.py", line 377, in start
Wed, 10 Sep 2025 04:37:05.149151 GMT [WARNING] stderr:     self.screen_in.dispatch('on_pre_enter')
Wed, 10 Sep 2025 04:37:05.149181 GMT [ERROR] self.screen_in.dispatch('on_pre_enter')
Wed, 10 Sep 2025 04:37:05.149224 GMT [WARNING] stderr:   File "kivy/_event.pyx", line 731, in kivy._event.EventDispatcher.dispatch
Wed, 10 Sep 2025 04:37:05.149251 GMT [ERROR] File "kivy/_event.pyx", line 731, in kivy._event.EventDispatcher.dispatch
Wed, 10 Sep 2025 04:37:05.149312 GMT [WARNING] stderr:   File "/home/cai_test_wi/Maha/Config_UI/M-Series/screens/user.py", line 301, in on_pre_enter
Wed, 10 Sep 2025 04:37:05.149340 GMT [ERROR] File "/home/cai_test_wi/Maha/Config_UI/M-Series/screens/user.py", line 301, in on_pre_enter
Wed, 10 Sep 2025 04:37:05.149448 GMT [WARNING] stderr:     self.zone_points_input.text = self.get_zone_points_text(0,self.current_zone_color)
Wed, 10 Sep 2025 04:37:05.149478 GMT [ERROR] self.zone_points_input.text = self.get_zone_points_text(0,self.current_zone_color)
Wed, 10 Sep 2025 04:37:05.149580 GMT [WARNING] stderr: AttributeError: 'UserScreen' object has no attribute 'current_zone_color'
Wed, 10 Sep 2025 04:37:05.149609 GMT [ERROR] AttributeError: 'UserScreen' object has no attribute 'current_zone_color'

********************************************************************************
APP STARTED at Wed, 10 Sep 2025 04:39:19.132187 GMT

********************************************************************************
APP STARTED at Wed, 10 Sep 2025 04:47:15.626196 GMT

********************************************************************************
APP STARTED at Wed, 10 Sep 2025 04:47:47.588430 GMT

********************************************************************************
APP STARTED at Wed, 10 Sep 2025 04:59:33.665304 GMT
Wed, 10 Sep 2025 05:00:44.073792 GMT [WARNING] stderr: Traceback (most recent call last):
Wed, 10 Sep 2025 05:00:44.073874 GMT [ERROR] Traceback (most recent call last):
Wed, 10 Sep 2025 05:00:44.073986 GMT [WARNING] stderr:   File "/home/cai_test_wi/Maha/Config_UI/M-Series/main.py", line 46, in <module>
Wed, 10 Sep 2025 05:00:44.074037 GMT [ERROR] File "/home/cai_test_wi/Maha/Config_UI/M-Series/main.py", line 46, in <module>
Wed, 10 Sep 2025 05:00:44.074236 GMT [WARNING] stderr:     ConfigApp().run()
Wed, 10 Sep 2025 05:00:44.074294 GMT [ERROR] ConfigApp().run()
Wed, 10 Sep 2025 05:00:44.074407 GMT [WARNING] stderr:   File "/home/cai_test_wi/Maha/Config_UI/M-Series/config/lib/python3.10/site-packages/kivy/app.py", line 956, in run
Wed, 10 Sep 2025 05:00:44.074456 GMT [ERROR] File "/home/cai_test_wi/Maha/Config_UI/M-Series/config/lib/python3.10/site-packages/kivy/app.py", line 956, in run
Wed, 10 Sep 2025 05:00:44.074986 GMT [WARNING] stderr:     runTouchApp()
Wed, 10 Sep 2025 05:00:44.075063 GMT [ERROR] runTouchApp()
Wed, 10 Sep 2025 05:00:44.075135 GMT [WARNING] stderr:   File "/home/cai_test_wi/Maha/Config_UI/M-Series/config/lib/python3.10/site-packages/kivy/base.py", line 574, in runTouchApp
Wed, 10 Sep 2025 05:00:44.075172 GMT [ERROR] File "/home/cai_test_wi/Maha/Config_UI/M-Series/config/lib/python3.10/site-packages/kivy/base.py", line 574, in runTouchApp
Wed, 10 Sep 2025 05:00:44.075352 GMT [WARNING] stderr:     EventLoop.mainloop()
Wed, 10 Sep 2025 05:00:44.075410 GMT [ERROR] EventLoop.mainloop()
Wed, 10 Sep 2025 05:00:44.075493 GMT [WARNING] stderr:   File "/home/cai_test_wi/Maha/Config_UI/M-Series/config/lib/python3.10/site-packages/kivy/base.py", line 339, in mainloop
Wed, 10 Sep 2025 05:00:44.075536 GMT [ERROR] File "/home/cai_test_wi/Maha/Config_UI/M-Series/config/lib/python3.10/site-packages/kivy/base.py", line 339, in mainloop
Wed, 10 Sep 2025 05:00:44.075701 GMT [WARNING] stderr:     self.idle()
Wed, 10 Sep 2025 05:00:44.075756 GMT [ERROR] self.idle()
Wed, 10 Sep 2025 05:00:44.075841 GMT [WARNING] stderr:   File "/home/cai_test_wi/Maha/Config_UI/M-Series/config/lib/python3.10/site-packages/kivy/base.py", line 379, in idle
Wed, 10 Sep 2025 05:00:44.075903 GMT [ERROR] File "/home/cai_test_wi/Maha/Config_UI/M-Series/config/lib/python3.10/site-packages/kivy/base.py", line 379, in idle
Wed, 10 Sep 2025 05:00:44.076041 GMT [WARNING] stderr:     Clock.tick()
Wed, 10 Sep 2025 05:00:44.076089 GMT [ERROR] Clock.tick()
Wed, 10 Sep 2025 05:00:44.076168 GMT [WARNING] stderr:   File "/home/cai_test_wi/Maha/Config_UI/M-Series/config/lib/python3.10/site-packages/kivy/clock.py", line 733, in tick
Wed, 10 Sep 2025 05:00:44.076223 GMT [ERROR] File "/home/cai_test_wi/Maha/Config_UI/M-Series/config/lib/python3.10/site-packages/kivy/clock.py", line 733, in tick
Wed, 10 Sep 2025 05:00:44.078500 GMT [WARNING] stderr:     self.post_idle(ts, self.idle())
Wed, 10 Sep 2025 05:00:44.078577 GMT [ERROR] self.post_idle(ts, self.idle())
Wed, 10 Sep 2025 05:00:44.078659 GMT [WARNING] stderr:   File "/home/cai_test_wi/Maha/Config_UI/M-Series/config/lib/python3.10/site-packages/kivy/clock.py", line 689, in idle
Wed, 10 Sep 2025 05:00:44.078708 GMT [ERROR] File "/home/cai_test_wi/Maha/Config_UI/M-Series/config/lib/python3.10/site-packages/kivy/clock.py", line 689, in idle
Wed, 10 Sep 2025 05:00:44.079031 GMT [WARNING] stderr:     usleep(1000000 * sleeptime)
Wed, 10 Sep 2025 05:00:44.079080 GMT [ERROR] usleep(1000000 * sleeptime)
Wed, 10 Sep 2025 05:00:44.079164 GMT [WARNING] stderr:   File "/home/cai_test_wi/Maha/Config_UI/M-Series/config/lib/python3.10/site-packages/kivy/clock.py", line 965, in usleep
Wed, 10 Sep 2025 05:00:44.079207 GMT [ERROR] File "/home/cai_test_wi/Maha/Config_UI/M-Series/config/lib/python3.10/site-packages/kivy/clock.py", line 965, in usleep
Wed, 10 Sep 2025 05:00:44.079522 GMT [WARNING] stderr:     _usleep(microseconds, self._sleep_obj)
Wed, 10 Sep 2025 05:00:44.079572 GMT [ERROR] _usleep(microseconds, self._sleep_obj)
Wed, 10 Sep 2025 05:00:44.079630 GMT [WARNING] stderr:   File "/home/cai_test_wi/Maha/Config_UI/M-Series/config/lib/python3.10/site-packages/kivy/clock.py", line 556, in _usleep
Wed, 10 Sep 2025 05:00:44.079703 GMT [ERROR] File "/home/cai_test_wi/Maha/Config_UI/M-Series/config/lib/python3.10/site-packages/kivy/clock.py", line 556, in _usleep
Wed, 10 Sep 2025 05:00:44.079995 GMT [WARNING] stderr:     _libc_usleep(int(microseconds))
Wed, 10 Sep 2025 05:00:44.080040 GMT [ERROR] _libc_usleep(int(microseconds))
Wed, 10 Sep 2025 05:00:44.080119 GMT [WARNING] stderr: KeyboardInterrupt
Wed, 10 Sep 2025 05:00:44.080163 GMT [ERROR] KeyboardInterrupt

********************************************************************************
APP STARTED at Wed, 10 Sep 2025 05:00:45.267694 GMT

********************************************************************************
APP STARTED at Wed, 10 Sep 2025 05:01:08.268271 GMT
Wed, 10 Sep 2025 05:03:26.610090 GMT [WARNING] stderr: Traceback (most recent call last):
Wed, 10 Sep 2025 05:03:26.610134 GMT [ERROR] Traceback (most recent call last):
Wed, 10 Sep 2025 05:03:26.610191 GMT [WARNING] stderr:   File "/home/cai_test_wi/Maha/Config_UI/M-Series/main.py", line 46, in <module>
Wed, 10 Sep 2025 05:03:26.610218 GMT [ERROR] File "/home/cai_test_wi/Maha/Config_UI/M-Series/main.py", line 46, in <module>
Wed, 10 Sep 2025 05:03:26.610320 GMT [WARNING] stderr:     ConfigApp().run()
Wed, 10 Sep 2025 05:03:26.610353 GMT [ERROR] ConfigApp().run()
Wed, 10 Sep 2025 05:03:26.610399 GMT [WARNING] stderr:   File "/home/cai_test_wi/Maha/Config_UI/M-Series/config/lib/python3.10/site-packages/kivy/app.py", line 956, in run
Wed, 10 Sep 2025 05:03:26.610426 GMT [ERROR] File "/home/cai_test_wi/Maha/Config_UI/M-Series/config/lib/python3.10/site-packages/kivy/app.py", line 956, in run
Wed, 10 Sep 2025 05:03:26.610659 GMT [WARNING] stderr:     runTouchApp()
Wed, 10 Sep 2025 05:03:26.610711 GMT [ERROR] runTouchApp()
Wed, 10 Sep 2025 05:03:26.610760 GMT [WARNING] stderr:   File "/home/cai_test_wi/Maha/Config_UI/M-Series/config/lib/python3.10/site-packages/kivy/base.py", line 574, in runTouchApp
Wed, 10 Sep 2025 05:03:26.610791 GMT [ERROR] File "/home/cai_test_wi/Maha/Config_UI/M-Series/config/lib/python3.10/site-packages/kivy/base.py", line 574, in runTouchApp
Wed, 10 Sep 2025 05:03:26.610899 GMT [WARNING] stderr:     EventLoop.mainloop()
Wed, 10 Sep 2025 05:03:26.610929 GMT [ERROR] EventLoop.mainloop()
Wed, 10 Sep 2025 05:03:26.610973 GMT [WARNING] stderr:   File "/home/cai_test_wi/Maha/Config_UI/M-Series/config/lib/python3.10/site-packages/kivy/base.py", line 339, in mainloop
Wed, 10 Sep 2025 05:03:26.610999 GMT [ERROR] File "/home/cai_test_wi/Maha/Config_UI/M-Series/config/lib/python3.10/site-packages/kivy/base.py", line 339, in mainloop
Wed, 10 Sep 2025 05:03:26.611083 GMT [WARNING] stderr:     self.idle()
Wed, 10 Sep 2025 05:03:26.611111 GMT [ERROR] self.idle()
Wed, 10 Sep 2025 05:03:26.611156 GMT [WARNING] stderr:   File "/home/cai_test_wi/Maha/Config_UI/M-Series/config/lib/python3.10/site-packages/kivy/base.py", line 379, in idle
Wed, 10 Sep 2025 05:03:26.611181 GMT [ERROR] File "/home/cai_test_wi/Maha/Config_UI/M-Series/config/lib/python3.10/site-packages/kivy/base.py", line 379, in idle
Wed, 10 Sep 2025 05:03:26.611267 GMT [WARNING] stderr:     Clock.tick()
Wed, 10 Sep 2025 05:03:26.611295 GMT [ERROR] Clock.tick()
Wed, 10 Sep 2025 05:03:26.611337 GMT [WARNING] stderr:   File "/home/cai_test_wi/Maha/Config_UI/M-Series/config/lib/python3.10/site-packages/kivy/clock.py", line 733, in tick
Wed, 10 Sep 2025 05:03:26.611363 GMT [ERROR] File "/home/cai_test_wi/Maha/Config_UI/M-Series/config/lib/python3.10/site-packages/kivy/clock.py", line 733, in tick
Wed, 10 Sep 2025 05:03:26.611586 GMT [WARNING] stderr:     self.post_idle(ts, self.idle())
Wed, 10 Sep 2025 05:03:26.611616 GMT [ERROR] self.post_idle(ts, self.idle())
Wed, 10 Sep 2025 05:03:26.611666 GMT [WARNING] stderr:   File "/home/cai_test_wi/Maha/Config_UI/M-Series/config/lib/python3.10/site-packages/kivy/clock.py", line 689, in idle
Wed, 10 Sep 2025 05:03:26.611693 GMT [ERROR] File "/home/cai_test_wi/Maha/Config_UI/M-Series/config/lib/python3.10/site-packages/kivy/clock.py", line 689, in idle
Wed, 10 Sep 2025 05:03:26.611892 GMT [WARNING] stderr:     usleep(1000000 * sleeptime)
Wed, 10 Sep 2025 05:03:26.611917 GMT [ERROR] usleep(1000000 * sleeptime)
Wed, 10 Sep 2025 05:03:26.611962 GMT [WARNING] stderr:   File "/home/cai_test_wi/Maha/Config_UI/M-Series/config/lib/python3.10/site-packages/kivy/clock.py", line 965, in usleep
Wed, 10 Sep 2025 05:03:26.611987 GMT [ERROR] File "/home/cai_test_wi/Maha/Config_UI/M-Series/config/lib/python3.10/site-packages/kivy/clock.py", line 965, in usleep
Wed, 10 Sep 2025 05:03:26.612206 GMT [WARNING] stderr:     _usleep(microseconds, self._sleep_obj)
Wed, 10 Sep 2025 05:03:26.612235 GMT [ERROR] _usleep(microseconds, self._sleep_obj)
Wed, 10 Sep 2025 05:03:26.612275 GMT [WARNING] stderr:   File "/home/cai_test_wi/Maha/Config_UI/M-Series/config/lib/python3.10/site-packages/kivy/clock.py", line 556, in _usleep
Wed, 10 Sep 2025 05:03:26.612301 GMT [ERROR] File "/home/cai_test_wi/Maha/Config_UI/M-Series/config/lib/python3.10/site-packages/kivy/clock.py", line 556, in _usleep
Wed, 10 Sep 2025 05:03:26.612494 GMT [WARNING] stderr:     _libc_usleep(int(microseconds))
Wed, 10 Sep 2025 05:03:26.612522 GMT [ERROR] _libc_usleep(int(microseconds))
Wed, 10 Sep 2025 05:03:26.612566 GMT [WARNING] stderr: KeyboardInterrupt
Wed, 10 Sep 2025 05:03:26.612592 GMT [ERROR] KeyboardInterrupt

********************************************************************************
APP STARTED at Wed, 10 Sep 2025 05:03:27.621124 GMT

********************************************************************************
APP STARTED at Wed, 10 Sep 2025 05:27:59.388861 GMT
Wed, 10 Sep 2025 05:28:23.373133 GMT [WARNING] stderr: Traceback (most recent call last):
Wed, 10 Sep 2025 05:28:23.373176 GMT [ERROR] Traceback (most recent call last):
Wed, 10 Sep 2025 05:28:23.373231 GMT [WARNING] stderr:   File "/home/cai_test_wi/Maha/Config_UI/M-Series/main.py", line 46, in <module>
Wed, 10 Sep 2025 05:28:23.373259 GMT [ERROR] File "/home/cai_test_wi/Maha/Config_UI/M-Series/main.py", line 46, in <module>
Wed, 10 Sep 2025 05:28:23.373362 GMT [WARNING] stderr:     ConfigApp().run()
Wed, 10 Sep 2025 05:28:23.373406 GMT [ERROR] ConfigApp().run()
Wed, 10 Sep 2025 05:28:23.373454 GMT [WARNING] stderr:   File "/home/cai_test_wi/Maha/Config_UI/M-Series/config/lib/python3.10/site-packages/kivy/app.py", line 956, in run
Wed, 10 Sep 2025 05:28:23.373481 GMT [ERROR] File "/home/cai_test_wi/Maha/Config_UI/M-Series/config/lib/python3.10/site-packages/kivy/app.py", line 956, in run
Wed, 10 Sep 2025 05:28:23.373720 GMT [WARNING] stderr:     runTouchApp()
Wed, 10 Sep 2025 05:28:23.373755 GMT [ERROR] runTouchApp()
Wed, 10 Sep 2025 05:28:23.373798 GMT [WARNING] stderr:   File "/home/cai_test_wi/Maha/Config_UI/M-Series/config/lib/python3.10/site-packages/kivy/base.py", line 574, in runTouchApp
Wed, 10 Sep 2025 05:28:23.373824 GMT [ERROR] File "/home/cai_test_wi/Maha/Config_UI/M-Series/config/lib/python3.10/site-packages/kivy/base.py", line 574, in runTouchApp
Wed, 10 Sep 2025 05:28:23.373929 GMT [WARNING] stderr:     EventLoop.mainloop()
Wed, 10 Sep 2025 05:28:23.373958 GMT [ERROR] EventLoop.mainloop()
Wed, 10 Sep 2025 05:28:23.373999 GMT [WARNING] stderr:   File "/home/cai_test_wi/Maha/Config_UI/M-Series/config/lib/python3.10/site-packages/kivy/base.py", line 339, in mainloop
Wed, 10 Sep 2025 05:28:23.374023 GMT [ERROR] File "/home/cai_test_wi/Maha/Config_UI/M-Series/config/lib/python3.10/site-packages/kivy/base.py", line 339, in mainloop
Wed, 10 Sep 2025 05:28:23.374106 GMT [WARNING] stderr:     self.idle()
Wed, 10 Sep 2025 05:28:23.374136 GMT [ERROR] self.idle()
Wed, 10 Sep 2025 05:28:23.374180 GMT [WARNING] stderr:   File "/home/cai_test_wi/Maha/Config_UI/M-Series/config/lib/python3.10/site-packages/kivy/base.py", line 379, in idle
Wed, 10 Sep 2025 05:28:23.374205 GMT [ERROR] File "/home/cai_test_wi/Maha/Config_UI/M-Series/config/lib/python3.10/site-packages/kivy/base.py", line 379, in idle
Wed, 10 Sep 2025 05:28:23.374286 GMT [WARNING] stderr:     Clock.tick()
Wed, 10 Sep 2025 05:28:23.374315 GMT [ERROR] Clock.tick()
Wed, 10 Sep 2025 05:28:23.374367 GMT [WARNING] stderr:   File "/home/cai_test_wi/Maha/Config_UI/M-Series/config/lib/python3.10/site-packages/kivy/clock.py", line 733, in tick
Wed, 10 Sep 2025 05:28:23.374392 GMT [ERROR] File "/home/cai_test_wi/Maha/Config_UI/M-Series/config/lib/python3.10/site-packages/kivy/clock.py", line 733, in tick
Wed, 10 Sep 2025 05:28:23.374627 GMT [WARNING] stderr:     self.post_idle(ts, self.idle())
Wed, 10 Sep 2025 05:28:23.374687 GMT [ERROR] self.post_idle(ts, self.idle())
Wed, 10 Sep 2025 05:28:23.374743 GMT [WARNING] stderr:   File "/home/cai_test_wi/Maha/Config_UI/M-Series/config/lib/python3.10/site-packages/kivy/clock.py", line 689, in idle
Wed, 10 Sep 2025 05:28:23.374776 GMT [ERROR] File "/home/cai_test_wi/Maha/Config_UI/M-Series/config/lib/python3.10/site-packages/kivy/clock.py", line 689, in idle
Wed, 10 Sep 2025 05:28:23.375013 GMT [WARNING] stderr:     usleep(1000000 * sleeptime)
Wed, 10 Sep 2025 05:28:23.375044 GMT [ERROR] usleep(1000000 * sleeptime)
Wed, 10 Sep 2025 05:28:23.375087 GMT [WARNING] stderr:   File "/home/cai_test_wi/Maha/Config_UI/M-Series/config/lib/python3.10/site-packages/kivy/clock.py", line 965, in usleep
Wed, 10 Sep 2025 05:28:23.375111 GMT [ERROR] File "/home/cai_test_wi/Maha/Config_UI/M-Series/config/lib/python3.10/site-packages/kivy/clock.py", line 965, in usleep
Wed, 10 Sep 2025 05:28:23.375336 GMT [WARNING] stderr:     _usleep(microseconds, self._sleep_obj)
Wed, 10 Sep 2025 05:28:23.375365 GMT [ERROR] _usleep(microseconds, self._sleep_obj)
Wed, 10 Sep 2025 05:28:23.375406 GMT [WARNING] stderr:   File "/home/cai_test_wi/Maha/Config_UI/M-Series/config/lib/python3.10/site-packages/kivy/clock.py", line 556, in _usleep
Wed, 10 Sep 2025 05:28:23.375432 GMT [ERROR] File "/home/cai_test_wi/Maha/Config_UI/M-Series/config/lib/python3.10/site-packages/kivy/clock.py", line 556, in _usleep
Wed, 10 Sep 2025 05:28:23.375625 GMT [WARNING] stderr:     _libc_usleep(int(microseconds))
Wed, 10 Sep 2025 05:28:23.375657 GMT [ERROR] _libc_usleep(int(microseconds))
Wed, 10 Sep 2025 05:28:23.375704 GMT [WARNING] stderr: KeyboardInterrupt
Wed, 10 Sep 2025 05:28:23.375728 GMT [ERROR] KeyboardInterrupt

********************************************************************************
APP STARTED at Wed, 10 Sep 2025 05:28:39.776614 GMT
Wed, 10 Sep 2025 05:29:02.406095 GMT [WARNING] stderr: Traceback (most recent call last):
Wed, 10 Sep 2025 05:29:02.406136 GMT [ERROR] Traceback (most recent call last):
Wed, 10 Sep 2025 05:29:02.406186 GMT [WARNING] stderr:   File "/home/cai_test_wi/Maha/Config_UI/M-Series/main.py", line 46, in <module>
Wed, 10 Sep 2025 05:29:02.406213 GMT [ERROR] File "/home/cai_test_wi/Maha/Config_UI/M-Series/main.py", line 46, in <module>
Wed, 10 Sep 2025 05:29:02.406327 GMT [WARNING] stderr:     ConfigApp().run()
Wed, 10 Sep 2025 05:29:02.406364 GMT [ERROR] ConfigApp().run()
Wed, 10 Sep 2025 05:29:02.406410 GMT [WARNING] stderr:   File "/home/cai_test_wi/Maha/Config_UI/M-Series/config/lib/python3.10/site-packages/kivy/app.py", line 956, in run
Wed, 10 Sep 2025 05:29:02.406438 GMT [ERROR] File "/home/cai_test_wi/Maha/Config_UI/M-Series/config/lib/python3.10/site-packages/kivy/app.py", line 956, in run
Wed, 10 Sep 2025 05:29:02.406680 GMT [WARNING] stderr:     runTouchApp()
Wed, 10 Sep 2025 05:29:02.406717 GMT [ERROR] runTouchApp()
Wed, 10 Sep 2025 05:29:02.406760 GMT [WARNING] stderr:   File "/home/cai_test_wi/Maha/Config_UI/M-Series/config/lib/python3.10/site-packages/kivy/base.py", line 574, in runTouchApp
Wed, 10 Sep 2025 05:29:02.406787 GMT [ERROR] File "/home/cai_test_wi/Maha/Config_UI/M-Series/config/lib/python3.10/site-packages/kivy/base.py", line 574, in runTouchApp
Wed, 10 Sep 2025 05:29:02.406893 GMT [WARNING] stderr:     EventLoop.mainloop()
Wed, 10 Sep 2025 05:29:02.406926 GMT [ERROR] EventLoop.mainloop()
Wed, 10 Sep 2025 05:29:02.406969 GMT [WARNING] stderr:   File "/home/cai_test_wi/Maha/Config_UI/M-Series/config/lib/python3.10/site-packages/kivy/base.py", line 339, in mainloop
Wed, 10 Sep 2025 05:29:02.406996 GMT [ERROR] File "/home/cai_test_wi/Maha/Config_UI/M-Series/config/lib/python3.10/site-packages/kivy/base.py", line 339, in mainloop
Wed, 10 Sep 2025 05:29:02.407086 GMT [WARNING] stderr:     self.idle()
Wed, 10 Sep 2025 05:29:02.407115 GMT [ERROR] self.idle()
Wed, 10 Sep 2025 05:29:02.407159 GMT [WARNING] stderr:   File "/home/cai_test_wi/Maha/Config_UI/M-Series/config/lib/python3.10/site-packages/kivy/base.py", line 379, in idle
Wed, 10 Sep 2025 05:29:02.407185 GMT [ERROR] File "/home/cai_test_wi/Maha/Config_UI/M-Series/config/lib/python3.10/site-packages/kivy/base.py", line 379, in idle
Wed, 10 Sep 2025 05:29:02.407268 GMT [WARNING] stderr:     Clock.tick()
Wed, 10 Sep 2025 05:29:02.407296 GMT [ERROR] Clock.tick()
Wed, 10 Sep 2025 05:29:02.407336 GMT [WARNING] stderr:   File "/home/cai_test_wi/Maha/Config_UI/M-Series/config/lib/python3.10/site-packages/kivy/clock.py", line 733, in tick
Wed, 10 Sep 2025 05:29:02.407360 GMT [ERROR] File "/home/cai_test_wi/Maha/Config_UI/M-Series/config/lib/python3.10/site-packages/kivy/clock.py", line 733, in tick
Wed, 10 Sep 2025 05:29:02.407609 GMT [WARNING] stderr:     self.post_idle(ts, self.idle())
Wed, 10 Sep 2025 05:29:02.407652 GMT [ERROR] self.post_idle(ts, self.idle())
Wed, 10 Sep 2025 05:29:02.407698 GMT [WARNING] stderr:   File "/home/cai_test_wi/Maha/Config_UI/M-Series/config/lib/python3.10/site-packages/kivy/clock.py", line 689, in idle
Wed, 10 Sep 2025 05:29:02.407723 GMT [ERROR] File "/home/cai_test_wi/Maha/Config_UI/M-Series/config/lib/python3.10/site-packages/kivy/clock.py", line 689, in idle
Wed, 10 Sep 2025 05:29:02.407930 GMT [WARNING] stderr:     usleep(1000000 * sleeptime)
Wed, 10 Sep 2025 05:29:02.407959 GMT [ERROR] usleep(1000000 * sleeptime)
Wed, 10 Sep 2025 05:29:02.408003 GMT [WARNING] stderr:   File "/home/cai_test_wi/Maha/Config_UI/M-Series/config/lib/python3.10/site-packages/kivy/clock.py", line 965, in usleep
Wed, 10 Sep 2025 05:29:02.408028 GMT [ERROR] File "/home/cai_test_wi/Maha/Config_UI/M-Series/config/lib/python3.10/site-packages/kivy/clock.py", line 965, in usleep
Wed, 10 Sep 2025 05:29:02.408254 GMT [WARNING] stderr:     _usleep(microseconds, self._sleep_obj)
Wed, 10 Sep 2025 05:29:02.408282 GMT [ERROR] _usleep(microseconds, self._sleep_obj)
Wed, 10 Sep 2025 05:29:02.408323 GMT [WARNING] stderr:   File "/home/cai_test_wi/Maha/Config_UI/M-Series/config/lib/python3.10/site-packages/kivy/clock.py", line 556, in _usleep
Wed, 10 Sep 2025 05:29:02.408348 GMT [ERROR] File "/home/cai_test_wi/Maha/Config_UI/M-Series/config/lib/python3.10/site-packages/kivy/clock.py", line 556, in _usleep
Wed, 10 Sep 2025 05:29:02.408545 GMT [WARNING] stderr:     _libc_usleep(int(microseconds))
Wed, 10 Sep 2025 05:29:02.408573 GMT [ERROR] _libc_usleep(int(microseconds))
Wed, 10 Sep 2025 05:29:02.408618 GMT [WARNING] stderr: KeyboardInterrupt
Wed, 10 Sep 2025 05:29:02.408647 GMT [ERROR] KeyboardInterrupt

********************************************************************************
APP STARTED at Wed, 10 Sep 2025 05:29:14.942615 GMT

********************************************************************************
APP STARTED at Wed, 10 Sep 2025 05:29:57.331267 GMT

********************************************************************************
APP STARTED at Wed, 10 Sep 2025 05:30:55.340558 GMT

********************************************************************************
APP STARTED at Wed, 10 Sep 2025 05:43:11.245261 GMT

********************************************************************************
APP STARTED at Wed, 10 Sep 2025 05:43:59.677112 GMT

********************************************************************************
APP STARTED at Wed, 10 Sep 2025 05:46:05.958339 GMT

********************************************************************************
APP STARTED at Wed, 10 Sep 2025 05:46:19.413381 GMT

********************************************************************************
APP STARTED at Wed, 10 Sep 2025 05:46:54.360444 GMT

********************************************************************************
APP STARTED at Wed, 10 Sep 2025 05:47:10.098102 GMT

********************************************************************************
APP STARTED at Wed, 10 Sep 2025 05:47:30.482974 GMT

********************************************************************************
APP STARTED at Wed, 10 Sep 2025 05:59:18.206630 GMT

********************************************************************************
APP STARTED at Wed, 10 Sep 2025 05:59:49.059661 GMT

********************************************************************************
APP STARTED at Wed, 10 Sep 2025 06:00:24.626242 GMT

********************************************************************************
APP STARTED at Wed, 10 Sep 2025 06:06:38.361592 GMT

********************************************************************************
APP STARTED at Wed, 10 Sep 2025 06:07:35.517480 GMT

********************************************************************************
APP STARTED at Wed, 10 Sep 2025 06:10:11.809903 GMT

********************************************************************************
APP STARTED at Wed, 10 Sep 2025 06:11:12.100265 GMT

********************************************************************************
APP STARTED at Wed, 10 Sep 2025 06:21:39.609387 GMT
Wed, 10 Sep 2025 06:21:47.877858 GMT [ERROR] Camera 2 process exited with code 1. stderr:
[ WARN:0@0.034] global cap_v4l.cpp:914 open VIDEOIO(V4L2:/dev/video2): can't open camera by index
[ERROR:0@0.132] global obsensor_uvc_stream_channel.cpp:163 getStreamChannelGroup Camera index out of range
Traceback (most recent call last):
  File "/home/cai_test_wi/Maha/Config_UI/M-Series/co_ord.py", line 119, in <module>
    raise Exception(f"Could not open camera: {cam_id}")
Exception: Could not open camera: 2

Wed, 10 Sep 2025 06:21:47.878148 GMT [ERROR] [ERROR  ] [Camera 2 process exited with code 1. stderr]
[ WARN:0@0.034] global cap_v4l.cpp:914 open VIDEOIO(V4L2:/dev/video2): can't open camera by index
[ERROR:0@0.132] global obsensor_uvc_stream_channel.cpp:163 getStreamChannelGroup Camera index out of range
Traceback (most recent call last):
  File "/home/cai_test_wi/Maha/Config_UI/M-Series/co_ord.py", line 119, in <module>
    raise Exception(f"Could not open camera: {cam_id}")
Exception: Could not open camera: 2

********************************************************************************
APP STARTED at Wed, 10 Sep 2025 06:22:53.463370 GMT

********************************************************************************
APP STARTED at Wed, 10 Sep 2025 06:23:37.381189 GMT

********************************************************************************
APP STARTED at Wed, 10 Sep 2025 06:23:59.370355 GMT

********************************************************************************
APP STARTED at Wed, 10 Sep 2025 06:25:06.018421 GMT

********************************************************************************
APP STARTED at Wed, 10 Sep 2025 06:25:44.076149 GMT

********************************************************************************
APP STARTED at Wed, 10 Sep 2025 06:26:16.020243 GMT

********************************************************************************
APP STARTED at Wed, 10 Sep 2025 06:26:30.798749 GMT

********************************************************************************
APP STARTED at Wed, 10 Sep 2025 06:26:54.627992 GMT

********************************************************************************
APP STARTED at Wed, 10 Sep 2025 06:29:45.802945 GMT

********************************************************************************
APP STARTED at Wed, 10 Sep 2025 06:30:05.113965 GMT

********************************************************************************
APP STARTED at Wed, 10 Sep 2025 06:30:33.892439 GMT

********************************************************************************
APP STARTED at Wed, 10 Sep 2025 06:30:47.827132 GMT

********************************************************************************
APP STARTED at Wed, 10 Sep 2025 06:31:27.429776 GMT

********************************************************************************
APP STARTED at Wed, 10 Sep 2025 06:31:48.489988 GMT

********************************************************************************
APP STARTED at Wed, 10 Sep 2025 06:32:00.287860 GMT

********************************************************************************
APP STARTED at Wed, 10 Sep 2025 06:32:14.468587 GMT

********************************************************************************
APP STARTED at Wed, 10 Sep 2025 06:32:25.818141 GMT

********************************************************************************
APP STARTED at Wed, 10 Sep 2025 06:38:02.659836 GMT

********************************************************************************
APP STARTED at Wed, 10 Sep 2025 06:41:50.301501 GMT

********************************************************************************
APP STARTED at Wed, 10 Sep 2025 06:47:39.400775 GMT

********************************************************************************
APP STARTED at Wed, 10 Sep 2025 07:01:47.564457 GMT

********************************************************************************
APP STARTED at Wed, 10 Sep 2025 07:06:49.432941 GMT

********************************************************************************
APP STARTED at Wed, 10 Sep 2025 07:07:16.715461 GMT

********************************************************************************
APP STARTED at Wed, 10 Sep 2025 07:11:02.019587 GMT

********************************************************************************
APP STARTED at Wed, 10 Sep 2025 08:47:48.197696 GMT
Wed, 10 Sep 2025 09:41:42.781639 GMT [ERROR] Camera 3 process exited with code 1. stderr:
[ WARN:0@0.030] global cap_v4l.cpp:914 open VIDEOIO(V4L2:/dev/video4): can't open camera by index
[ERROR:0@0.222] global obsensor_uvc_stream_channel.cpp:163 getStreamChannelGroup Camera index out of range
Traceback (most recent call last):
  File "/home/cai_test_wi/Maha/Config_UI/M-Series/co_ord.py", line 119, in <module>
    raise Exception(f"Could not open camera: {cam_id}")
Exception: Could not open camera: 4

Wed, 10 Sep 2025 09:41:42.782332 GMT [ERROR] [ERROR  ] [Camera 3 process exited with code 1. stderr]
[ WARN:0@0.030] global cap_v4l.cpp:914 open VIDEOIO(V4L2:/dev/video4): can't open camera by index
[ERROR:0@0.222] global obsensor_uvc_stream_channel.cpp:163 getStreamChannelGroup Camera index out of range
Traceback (most recent call last):
  File "/home/cai_test_wi/Maha/Config_UI/M-Series/co_ord.py", line 119, in <module>
    raise Exception(f"Could not open camera: {cam_id}")
Exception: Could not open camera: 4
Wed, 10 Sep 2025 09:54:24.848445 GMT [WARNING] stderr: Traceback (most recent call last):
Wed, 10 Sep 2025 09:54:24.848526 GMT [ERROR] Traceback (most recent call last):
Wed, 10 Sep 2025 09:54:24.848628 GMT [WARNING] stderr:   File "/home/cai_test_wi/Maha/Config_UI/M-Series/main.py", line 50, in <module>
Wed, 10 Sep 2025 09:54:24.848711 GMT [ERROR] File "/home/cai_test_wi/Maha/Config_UI/M-Series/main.py", line 50, in <module>
Wed, 10 Sep 2025 09:54:24.848865 GMT [WARNING] stderr:     ConfigApp().run()
Wed, 10 Sep 2025 09:54:24.848952 GMT [ERROR] ConfigApp().run()
Wed, 10 Sep 2025 09:54:24.849026 GMT [WARNING] stderr:   File "/home/cai_test_wi/Maha/Config_UI/M-Series/config/lib/python3.10/site-packages/kivy/app.py", line 956, in run
Wed, 10 Sep 2025 09:54:24.849073 GMT [ERROR] File "/home/cai_test_wi/Maha/Config_UI/M-Series/config/lib/python3.10/site-packages/kivy/app.py", line 956, in run
Wed, 10 Sep 2025 09:54:24.849427 GMT [WARNING] stderr:     runTouchApp()
Wed, 10 Sep 2025 09:54:24.849473 GMT [ERROR] runTouchApp()
Wed, 10 Sep 2025 09:54:24.849556 GMT [WARNING] stderr:   File "/home/cai_test_wi/Maha/Config_UI/M-Series/config/lib/python3.10/site-packages/kivy/base.py", line 574, in runTouchApp
Wed, 10 Sep 2025 09:54:24.849619 GMT [ERROR] File "/home/cai_test_wi/Maha/Config_UI/M-Series/config/lib/python3.10/site-packages/kivy/base.py", line 574, in runTouchApp
Wed, 10 Sep 2025 09:54:24.849820 GMT [WARNING] stderr:     EventLoop.mainloop()
Wed, 10 Sep 2025 09:54:24.849869 GMT [ERROR] EventLoop.mainloop()
Wed, 10 Sep 2025 09:54:24.849951 GMT [WARNING] stderr:   File "/home/cai_test_wi/Maha/Config_UI/M-Series/config/lib/python3.10/site-packages/kivy/base.py", line 339, in mainloop
Wed, 10 Sep 2025 09:54:24.850044 GMT [ERROR] File "/home/cai_test_wi/Maha/Config_UI/M-Series/config/lib/python3.10/site-packages/kivy/base.py", line 339, in mainloop
Wed, 10 Sep 2025 09:54:24.850215 GMT [WARNING] stderr:     self.idle()
Wed, 10 Sep 2025 09:54:24.850256 GMT [ERROR] self.idle()
Wed, 10 Sep 2025 09:54:24.850333 GMT [WARNING] stderr:   File "/home/cai_test_wi/Maha/Config_UI/M-Series/config/lib/python3.10/site-packages/kivy/base.py", line 379, in idle
Wed, 10 Sep 2025 09:54:24.850375 GMT [ERROR] File "/home/cai_test_wi/Maha/Config_UI/M-Series/config/lib/python3.10/site-packages/kivy/base.py", line 379, in idle
Wed, 10 Sep 2025 09:54:24.850543 GMT [WARNING] stderr:     Clock.tick()
Wed, 10 Sep 2025 09:54:24.850596 GMT [ERROR] Clock.tick()
Wed, 10 Sep 2025 09:54:24.850656 GMT [WARNING] stderr:   File "/home/cai_test_wi/Maha/Config_UI/M-Series/config/lib/python3.10/site-packages/kivy/clock.py", line 733, in tick
Wed, 10 Sep 2025 09:54:24.850702 GMT [ERROR] File "/home/cai_test_wi/Maha/Config_UI/M-Series/config/lib/python3.10/site-packages/kivy/clock.py", line 733, in tick
Wed, 10 Sep 2025 09:54:24.851075 GMT [WARNING] stderr:     self.post_idle(ts, self.idle())
Wed, 10 Sep 2025 09:54:24.851138 GMT [ERROR] self.post_idle(ts, self.idle())
Wed, 10 Sep 2025 09:54:24.851201 GMT [WARNING] stderr:   File "/home/cai_test_wi/Maha/Config_UI/M-Series/config/lib/python3.10/site-packages/kivy/clock.py", line 689, in idle
Wed, 10 Sep 2025 09:54:24.851288 GMT [ERROR] File "/home/cai_test_wi/Maha/Config_UI/M-Series/config/lib/python3.10/site-packages/kivy/clock.py", line 689, in idle
Wed, 10 Sep 2025 09:54:24.851599 GMT [WARNING] stderr:     usleep(1000000 * sleeptime)
Wed, 10 Sep 2025 09:54:24.851670 GMT [ERROR] usleep(1000000 * sleeptime)
Wed, 10 Sep 2025 09:54:24.851758 GMT [WARNING] stderr:   File "/home/cai_test_wi/Maha/Config_UI/M-Series/config/lib/python3.10/site-packages/kivy/clock.py", line 965, in usleep
Wed, 10 Sep 2025 09:54:24.851820 GMT [ERROR] File "/home/cai_test_wi/Maha/Config_UI/M-Series/config/lib/python3.10/site-packages/kivy/clock.py", line 965, in usleep
Wed, 10 Sep 2025 09:54:24.852152 GMT [WARNING] stderr:     _usleep(microseconds, self._sleep_obj)
Wed, 10 Sep 2025 09:54:24.852220 GMT [ERROR] _usleep(microseconds, self._sleep_obj)
Wed, 10 Sep 2025 09:54:24.852300 GMT [WARNING] stderr:   File "/home/cai_test_wi/Maha/Config_UI/M-Series/config/lib/python3.10/site-packages/kivy/clock.py", line 556, in _usleep
Wed, 10 Sep 2025 09:54:24.852360 GMT [ERROR] File "/home/cai_test_wi/Maha/Config_UI/M-Series/config/lib/python3.10/site-packages/kivy/clock.py", line 556, in _usleep
Wed, 10 Sep 2025 09:54:24.852660 GMT [WARNING] stderr:     _libc_usleep(int(microseconds))
Wed, 10 Sep 2025 09:54:24.852729 GMT [ERROR] _libc_usleep(int(microseconds))
Wed, 10 Sep 2025 09:54:24.852857 GMT [WARNING] stderr: KeyboardInterrupt
Wed, 10 Sep 2025 09:54:24.852922 GMT [ERROR] KeyboardInterrupt

********************************************************************************
APP STARTED at Wed, 10 Sep 2025 09:54:25.988475 GMT

********************************************************************************
APP STARTED at Wed, 10 Sep 2025 09:56:03.386281 GMT

********************************************************************************
APP STARTED at Wed, 10 Sep 2025 09:59:27.669131 GMT
Wed, 10 Sep 2025 09:59:38.502790 GMT [ERROR] Right Camera process exited with code 1. stderr:
[ WARN:0@0.033] global cap_v4l.cpp:914 open VIDEOIO(V4L2:/dev/video4): can't open camera by index
[ERROR:0@0.226] global obsensor_uvc_stream_channel.cpp:163 getStreamChannelGroup Camera index out of range
Traceback (most recent call last):
  File "/home/cai_test_wi/Maha/Config_UI/M-Series/co_ord.py", line 119, in <module>
    raise Exception(f"Could not open camera: {cam_id}")
Exception: Could not open camera: 4

Wed, 10 Sep 2025 09:59:38.502957 GMT [ERROR] [ERROR  ] [Right Camera process exited with code 1. stderr]
[ WARN:0@0.033] global cap_v4l.cpp:914 open VIDEOIO(V4L2:/dev/video4): can't open camera by index
[ERROR:0@0.226] global obsensor_uvc_stream_channel.cpp:163 getStreamChannelGroup Camera index out of range
Traceback (most recent call last):
  File "/home/cai_test_wi/Maha/Config_UI/M-Series/co_ord.py", line 119, in <module>
    raise Exception(f"Could not open camera: {cam_id}")
Exception: Could not open camera: 4

********************************************************************************
APP STARTED at Wed, 10 Sep 2025 10:00:47.879006 GMT

********************************************************************************
APP STARTED at Wed, 10 Sep 2025 10:01:33.397073 GMT

********************************************************************************
APP STARTED at Wed, 10 Sep 2025 10:03:26.209463 GMT

********************************************************************************
APP STARTED at Wed, 10 Sep 2025 10:09:41.851483 GMT

********************************************************************************
APP STARTED at Wed, 10 Sep 2025 10:10:21.457233 GMT

********************************************************************************
APP STARTED at Wed, 10 Sep 2025 10:11:05.919637 GMT

********************************************************************************
APP STARTED at Wed, 10 Sep 2025 10:11:41.436268 GMT

********************************************************************************
APP STARTED at Wed, 10 Sep 2025 10:12:29.793863 GMT

********************************************************************************
APP STARTED at Wed, 10 Sep 2025 10:12:55.583490 GMT

********************************************************************************
APP STARTED at Wed, 10 Sep 2025 10:13:34.515339 GMT

********************************************************************************
APP STARTED at Wed, 10 Sep 2025 10:15:12.246954 GMT

********************************************************************************
APP STARTED at Wed, 10 Sep 2025 10:16:23.167748 GMT

********************************************************************************
APP STARTED at Wed, 10 Sep 2025 10:17:12.149465 GMT

********************************************************************************
APP STARTED at Wed, 10 Sep 2025 10:18:14.114173 GMT

********************************************************************************
APP STARTED at Wed, 10 Sep 2025 10:20:26.673805 GMT

********************************************************************************
APP STARTED at Wed, 10 Sep 2025 10:21:38.380005 GMT

********************************************************************************
APP STARTED at Wed, 10 Sep 2025 10:22:24.222548 GMT

********************************************************************************
APP STARTED at Wed, 10 Sep 2025 10:23:08.694893 GMT
Wed, 10 Sep 2025 10:43:28.491872 GMT [WARNING] stderr: Traceback (most recent call last):
Wed, 10 Sep 2025 10:43:28.491938 GMT [ERROR] Traceback (most recent call last):
Wed, 10 Sep 2025 10:43:28.491995 GMT [WARNING] stderr:   File "/home/cai_test_wi/Maha/Config_UI/M-Series/main.py", line 50, in <module>
Wed, 10 Sep 2025 10:43:28.492024 GMT [ERROR] File "/home/cai_test_wi/Maha/Config_UI/M-Series/main.py", line 50, in <module>
Wed, 10 Sep 2025 10:43:28.492131 GMT [WARNING] stderr:     ConfigApp().run()
Wed, 10 Sep 2025 10:43:28.492164 GMT [ERROR] ConfigApp().run()
Wed, 10 Sep 2025 10:43:28.492211 GMT [WARNING] stderr:   File "/home/cai_test_wi/Maha/Config_UI/M-Series/config/lib/python3.10/site-packages/kivy/app.py", line 956, in run
Wed, 10 Sep 2025 10:43:28.492242 GMT [ERROR] File "/home/cai_test_wi/Maha/Config_UI/M-Series/config/lib/python3.10/site-packages/kivy/app.py", line 956, in run
Wed, 10 Sep 2025 10:43:28.492488 GMT [WARNING] stderr:     runTouchApp()
Wed, 10 Sep 2025 10:43:28.492520 GMT [ERROR] runTouchApp()
Wed, 10 Sep 2025 10:43:28.492568 GMT [WARNING] stderr:   File "/home/cai_test_wi/Maha/Config_UI/M-Series/config/lib/python3.10/site-packages/kivy/base.py", line 574, in runTouchApp
Wed, 10 Sep 2025 10:43:28.492594 GMT [ERROR] File "/home/cai_test_wi/Maha/Config_UI/M-Series/config/lib/python3.10/site-packages/kivy/base.py", line 574, in runTouchApp
Wed, 10 Sep 2025 10:43:28.492717 GMT [WARNING] stderr:     EventLoop.mainloop()
Wed, 10 Sep 2025 10:43:28.492755 GMT [ERROR] EventLoop.mainloop()
Wed, 10 Sep 2025 10:43:28.492809 GMT [WARNING] stderr:   File "/home/cai_test_wi/Maha/Config_UI/M-Series/config/lib/python3.10/site-packages/kivy/base.py", line 339, in mainloop
Wed, 10 Sep 2025 10:43:28.492833 GMT [ERROR] File "/home/cai_test_wi/Maha/Config_UI/M-Series/config/lib/python3.10/site-packages/kivy/base.py", line 339, in mainloop
Wed, 10 Sep 2025 10:43:28.492922 GMT [WARNING] stderr:     self.idle()
Wed, 10 Sep 2025 10:43:28.492951 GMT [ERROR] self.idle()
Wed, 10 Sep 2025 10:43:28.493008 GMT [WARNING] stderr:   File "/home/cai_test_wi/Maha/Config_UI/M-Series/config/lib/python3.10/site-packages/kivy/base.py", line 379, in idle
Wed, 10 Sep 2025 10:43:28.493033 GMT [ERROR] File "/home/cai_test_wi/Maha/Config_UI/M-Series/config/lib/python3.10/site-packages/kivy/base.py", line 379, in idle
Wed, 10 Sep 2025 10:43:28.493132 GMT [WARNING] stderr:     Clock.tick()
Wed, 10 Sep 2025 10:43:28.493160 GMT [ERROR] Clock.tick()
Wed, 10 Sep 2025 10:43:28.493212 GMT [WARNING] stderr:   File "/home/cai_test_wi/Maha/Config_UI/M-Series/config/lib/python3.10/site-packages/kivy/clock.py", line 733, in tick
Wed, 10 Sep 2025 10:43:28.493236 GMT [ERROR] File "/home/cai_test_wi/Maha/Config_UI/M-Series/config/lib/python3.10/site-packages/kivy/clock.py", line 733, in tick
Wed, 10 Sep 2025 10:43:28.493451 GMT [WARNING] stderr:     self.post_idle(ts, self.idle())
Wed, 10 Sep 2025 10:43:28.493483 GMT [ERROR] self.post_idle(ts, self.idle())
Wed, 10 Sep 2025 10:43:28.493524 GMT [WARNING] stderr:   File "/home/cai_test_wi/Maha/Config_UI/M-Series/config/lib/python3.10/site-packages/kivy/clock.py", line 689, in idle
Wed, 10 Sep 2025 10:43:28.493550 GMT [ERROR] File "/home/cai_test_wi/Maha/Config_UI/M-Series/config/lib/python3.10/site-packages/kivy/clock.py", line 689, in idle
Wed, 10 Sep 2025 10:43:28.493760 GMT [WARNING] stderr:     usleep(1000000 * sleeptime)
Wed, 10 Sep 2025 10:43:28.493791 GMT [ERROR] usleep(1000000 * sleeptime)
Wed, 10 Sep 2025 10:43:28.493833 GMT [WARNING] stderr:   File "/home/cai_test_wi/Maha/Config_UI/M-Series/config/lib/python3.10/site-packages/kivy/clock.py", line 965, in usleep
Wed, 10 Sep 2025 10:43:28.493858 GMT [ERROR] File "/home/cai_test_wi/Maha/Config_UI/M-Series/config/lib/python3.10/site-packages/kivy/clock.py", line 965, in usleep
Wed, 10 Sep 2025 10:43:28.494078 GMT [WARNING] stderr:     _usleep(microseconds, self._sleep_obj)
Wed, 10 Sep 2025 10:43:28.494107 GMT [ERROR] _usleep(microseconds, self._sleep_obj)
Wed, 10 Sep 2025 10:43:28.494148 GMT [WARNING] stderr:   File "/home/cai_test_wi/Maha/Config_UI/M-Series/config/lib/python3.10/site-packages/kivy/clock.py", line 556, in _usleep
Wed, 10 Sep 2025 10:43:28.494173 GMT [ERROR] File "/home/cai_test_wi/Maha/Config_UI/M-Series/config/lib/python3.10/site-packages/kivy/clock.py", line 556, in _usleep
Wed, 10 Sep 2025 10:43:28.494365 GMT [WARNING] stderr:     _libc_usleep(int(microseconds))
Wed, 10 Sep 2025 10:43:28.494395 GMT [ERROR] _libc_usleep(int(microseconds))
Wed, 10 Sep 2025 10:43:28.494439 GMT [WARNING] stderr: KeyboardInterrupt
Wed, 10 Sep 2025 10:43:28.494465 GMT [ERROR] KeyboardInterrupt

********************************************************************************
APP STARTED at Wed, 10 Sep 2025 10:43:29.631986 GMT

********************************************************************************
APP STARTED at Wed, 10 Sep 2025 10:44:03.196859 GMT

********************************************************************************
APP STARTED at Wed, 10 Sep 2025 10:44:33.056666 GMT

********************************************************************************
APP STARTED at Wed, 10 Sep 2025 10:44:57.221791 GMT

********************************************************************************
APP STARTED at Wed, 10 Sep 2025 10:45:31.443861 GMT

********************************************************************************
APP STARTED at Wed, 10 Sep 2025 10:46:00.666837 GMT

********************************************************************************
APP STARTED at Wed, 10 Sep 2025 10:46:37.141547 GMT

********************************************************************************
APP STARTED at Wed, 10 Sep 2025 10:47:26.247869 GMT

********************************************************************************
APP STARTED at Wed, 10 Sep 2025 10:48:07.334115 GMT

********************************************************************************
APP STARTED at Wed, 10 Sep 2025 10:48:53.016540 GMT

********************************************************************************
APP STARTED at Wed, 10 Sep 2025 10:49:22.427719 GMT

********************************************************************************
APP STARTED at Wed, 10 Sep 2025 10:49:59.742061 GMT

********************************************************************************
APP STARTED at Wed, 10 Sep 2025 10:50:46.784709 GMT

********************************************************************************
APP STARTED at Wed, 10 Sep 2025 11:07:09.209739 GMT

********************************************************************************
APP STARTED at Wed, 10 Sep 2025 11:10:16.631380 GMT
Wed, 10 Sep 2025 11:10:16.888899 GMT [WARNING] stderr: Traceback (most recent call last):
Wed, 10 Sep 2025 11:10:16.889007 GMT [ERROR] Traceback (most recent call last):
Wed, 10 Sep 2025 11:10:16.889073 GMT [WARNING] stderr:   File "/home/cai_test_wi/Maha/Config_UI/M-Series/main.py", line 51, in <module>
Wed, 10 Sep 2025 11:10:16.889103 GMT [ERROR] File "/home/cai_test_wi/Maha/Config_UI/M-Series/main.py", line 51, in <module>
Wed, 10 Sep 2025 11:10:16.889206 GMT [WARNING] stderr:     ConfigApp().run()
Wed, 10 Sep 2025 11:10:16.889243 GMT [ERROR] ConfigApp().run()
Wed, 10 Sep 2025 11:10:16.889298 GMT [WARNING] stderr:   File "/home/cai_test_wi/Maha/Config_UI/M-Series/config/lib/python3.10/site-packages/kivy/app.py", line 955, in run
Wed, 10 Sep 2025 11:10:16.889324 GMT [ERROR] File "/home/cai_test_wi/Maha/Config_UI/M-Series/config/lib/python3.10/site-packages/kivy/app.py", line 955, in run
Wed, 10 Sep 2025 11:10:16.889558 GMT [WARNING] stderr:     self._run_prepare()
Wed, 10 Sep 2025 11:10:16.889590 GMT [ERROR] self._run_prepare()
Wed, 10 Sep 2025 11:10:16.889652 GMT [WARNING] stderr:   File "/home/cai_test_wi/Maha/Config_UI/M-Series/config/lib/python3.10/site-packages/kivy/app.py", line 925, in _run_prepare
Wed, 10 Sep 2025 11:10:16.889683 GMT [ERROR] File "/home/cai_test_wi/Maha/Config_UI/M-Series/config/lib/python3.10/site-packages/kivy/app.py", line 925, in _run_prepare
Wed, 10 Sep 2025 11:10:16.889885 GMT [WARNING] stderr:     root = self.build()
Wed, 10 Sep 2025 11:10:16.889916 GMT [ERROR] root = self.build()
Wed, 10 Sep 2025 11:10:16.889961 GMT [WARNING] stderr:   File "/home/cai_test_wi/Maha/Config_UI/M-Series/main.py", line 16, in build
Wed, 10 Sep 2025 11:10:16.889988 GMT [ERROR] File "/home/cai_test_wi/Maha/Config_UI/M-Series/main.py", line 16, in build
Wed, 10 Sep 2025 11:10:16.890062 GMT [WARNING] stderr:     window.maximize
Wed, 10 Sep 2025 11:10:16.890095 GMT [ERROR] window.maximize
Wed, 10 Sep 2025 11:10:16.890150 GMT [WARNING] stderr: NameError: name 'window' is not defined. Did you mean: 'Window'?
Wed, 10 Sep 2025 11:10:16.890177 GMT [ERROR] NameError: name 'window' is not defined. Did you mean: 'Window'?

********************************************************************************
APP STARTED at Wed, 10 Sep 2025 11:10:48.343787 GMT

********************************************************************************
APP STARTED at Wed, 10 Sep 2025 11:12:04.839847 GMT

********************************************************************************
APP STARTED at Wed, 10 Sep 2025 11:13:00.907957 GMT

********************************************************************************
APP STARTED at Wed, 10 Sep 2025 11:13:48.917310 GMT

********************************************************************************
APP STARTED at Wed, 10 Sep 2025 11:17:51.325340 GMT

********************************************************************************
APP STARTED at Wed, 10 Sep 2025 11:20:26.473596 GMT

********************************************************************************
APP STARTED at Wed, 10 Sep 2025 11:20:45.529465 GMT

********************************************************************************
APP STARTED at Wed, 10 Sep 2025 11:30:22.057314 GMT

********************************************************************************
APP STARTED at Wed, 10 Sep 2025 11:34:22.385291 GMT
Wed, 10 Sep 2025 11:34:24.884485 GMT [WARNING] stderr: Traceback (most recent call last):
Wed, 10 Sep 2025 11:34:24.885529 GMT [ERROR] Traceback (most recent call last):
Wed, 10 Sep 2025 11:34:24.885616 GMT [WARNING] stderr:   File "/home/cai_test_wi/Maha/Config_UI/M-Series/main.py", line 57, in <module>
Wed, 10 Sep 2025 11:34:24.885661 GMT [ERROR] File "/home/cai_test_wi/Maha/Config_UI/M-Series/main.py", line 57, in <module>
Wed, 10 Sep 2025 11:34:24.885798 GMT [WARNING] stderr:     ConfigApp().run()
Wed, 10 Sep 2025 11:34:24.885849 GMT [ERROR] ConfigApp().run()
Wed, 10 Sep 2025 11:34:24.885920 GMT [WARNING] stderr:   File "/home/cai_test_wi/Maha/Config_UI/M-Series/config/lib/python3.10/site-packages/kivy/app.py", line 956, in run
Wed, 10 Sep 2025 11:34:24.885958 GMT [ERROR] File "/home/cai_test_wi/Maha/Config_UI/M-Series/config/lib/python3.10/site-packages/kivy/app.py", line 956, in run
Wed, 10 Sep 2025 11:34:24.886223 GMT [WARNING] stderr:     runTouchApp()
Wed, 10 Sep 2025 11:34:24.886274 GMT [ERROR] runTouchApp()
Wed, 10 Sep 2025 11:34:24.886349 GMT [WARNING] stderr:   File "/home/cai_test_wi/Maha/Config_UI/M-Series/config/lib/python3.10/site-packages/kivy/base.py", line 574, in runTouchApp
Wed, 10 Sep 2025 11:34:24.886386 GMT [ERROR] File "/home/cai_test_wi/Maha/Config_UI/M-Series/config/lib/python3.10/site-packages/kivy/base.py", line 574, in runTouchApp
Wed, 10 Sep 2025 11:34:24.886528 GMT [WARNING] stderr:     EventLoop.mainloop()
Wed, 10 Sep 2025 11:34:24.886580 GMT [ERROR] EventLoop.mainloop()
Wed, 10 Sep 2025 11:34:24.886654 GMT [WARNING] stderr:   File "/home/cai_test_wi/Maha/Config_UI/M-Series/config/lib/python3.10/site-packages/kivy/base.py", line 339, in mainloop
Wed, 10 Sep 2025 11:34:24.886695 GMT [ERROR] File "/home/cai_test_wi/Maha/Config_UI/M-Series/config/lib/python3.10/site-packages/kivy/base.py", line 339, in mainloop
Wed, 10 Sep 2025 11:34:24.886839 GMT [WARNING] stderr:     self.idle()
Wed, 10 Sep 2025 11:34:24.886889 GMT [ERROR] self.idle()
Wed, 10 Sep 2025 11:34:24.886976 GMT [WARNING] stderr:   File "/home/cai_test_wi/Maha/Config_UI/M-Series/config/lib/python3.10/site-packages/kivy/base.py", line 383, in idle
Wed, 10 Sep 2025 11:34:24.887013 GMT [ERROR] File "/home/cai_test_wi/Maha/Config_UI/M-Series/config/lib/python3.10/site-packages/kivy/base.py", line 383, in idle
Wed, 10 Sep 2025 11:34:24.887131 GMT [WARNING] stderr:     self.dispatch_input()
Wed, 10 Sep 2025 11:34:24.887170 GMT [ERROR] self.dispatch_input()
Wed, 10 Sep 2025 11:34:24.887241 GMT [WARNING] stderr:   File "/home/cai_test_wi/Maha/Config_UI/M-Series/config/lib/python3.10/site-packages/kivy/base.py", line 334, in dispatch_input
Wed, 10 Sep 2025 11:34:24.887278 GMT [ERROR] File "/home/cai_test_wi/Maha/Config_UI/M-Series/config/lib/python3.10/site-packages/kivy/base.py", line 334, in dispatch_input
Wed, 10 Sep 2025 11:34:24.887389 GMT [WARNING] stderr:     post_dispatch_input(*pop(0))
Wed, 10 Sep 2025 11:34:24.887427 GMT [ERROR] post_dispatch_input(*pop(0))
Wed, 10 Sep 2025 11:34:24.887494 GMT [WARNING] stderr:   File "/home/cai_test_wi/Maha/Config_UI/M-Series/config/lib/python3.10/site-packages/kivy/base.py", line 302, in post_dispatch_input
Wed, 10 Sep 2025 11:34:24.887531 GMT [ERROR] File "/home/cai_test_wi/Maha/Config_UI/M-Series/config/lib/python3.10/site-packages/kivy/base.py", line 302, in post_dispatch_input
Wed, 10 Sep 2025 11:34:24.887639 GMT [WARNING] stderr:     wid.dispatch('on_touch_up', me)
Wed, 10 Sep 2025 11:34:24.887687 GMT [ERROR] wid.dispatch('on_touch_up', me)
Wed, 10 Sep 2025 11:34:24.887758 GMT [WARNING] stderr:   File "kivy/_event.pyx", line 731, in kivy._event.EventDispatcher.dispatch
Wed, 10 Sep 2025 11:34:24.887798 GMT [ERROR] File "kivy/_event.pyx", line 731, in kivy._event.EventDispatcher.dispatch
Wed, 10 Sep 2025 11:34:24.887895 GMT [WARNING] stderr:   File "/home/cai_test_wi/Maha/Config_UI/M-Series/config/lib/python3.10/site-packages/kivy/uix/behaviors/button.py", line 179, in on_touch_up
Wed, 10 Sep 2025 11:34:24.887932 GMT [ERROR] File "/home/cai_test_wi/Maha/Config_UI/M-Series/config/lib/python3.10/site-packages/kivy/uix/behaviors/button.py", line 179, in on_touch_up
Wed, 10 Sep 2025 11:34:24.888046 GMT [WARNING] stderr:     self.dispatch('on_release')
Wed, 10 Sep 2025 11:34:24.888096 GMT [ERROR] self.dispatch('on_release')
Wed, 10 Sep 2025 11:34:24.888190 GMT [WARNING] stderr:   File "kivy/_event.pyx", line 727, in kivy._event.EventDispatcher.dispatch
Wed, 10 Sep 2025 11:34:24.888229 GMT [ERROR] File "kivy/_event.pyx", line 727, in kivy._event.EventDispatcher.dispatch
Wed, 10 Sep 2025 11:34:24.888319 GMT [WARNING] stderr:   File "kivy/_event.pyx", line 1307, in kivy._event.EventObservers.dispatch
Wed, 10 Sep 2025 11:34:24.888355 GMT [ERROR] File "kivy/_event.pyx", line 1307, in kivy._event.EventObservers.dispatch
Wed, 10 Sep 2025 11:34:24.888442 GMT [WARNING] stderr:   File "kivy/_event.pyx", line 1231, in kivy._event.EventObservers._dispatch
Wed, 10 Sep 2025 11:34:24.888478 GMT [ERROR] File "kivy/_event.pyx", line 1231, in kivy._event.EventObservers._dispatch
Wed, 10 Sep 2025 11:34:24.888565 GMT [WARNING] stderr:   File "/home/cai_test_wi/Maha/Config_UI/M-Series/screens/user.py", line 177, in <lambda>
Wed, 10 Sep 2025 11:34:24.888601 GMT [ERROR] File "/home/cai_test_wi/Maha/Config_UI/M-Series/screens/user.py", line 177, in <lambda>
Wed, 10 Sep 2025 11:34:24.888705 GMT [WARNING] stderr:     back_btn.bind(on_release=lambda x: self.go_back())
Wed, 10 Sep 2025 11:34:24.888746 GMT [ERROR] back_btn.bind(on_release=lambda x: self.go_back())
Wed, 10 Sep 2025 11:34:24.888827 GMT [WARNING] stderr:   File "/home/cai_test_wi/Maha/Config_UI/M-Series/screens/user.py", line 188, in go_back
Wed, 10 Sep 2025 11:34:24.888861 GMT [ERROR] File "/home/cai_test_wi/Maha/Config_UI/M-Series/screens/user.py", line 188, in go_back
Wed, 10 Sep 2025 11:34:24.888964 GMT [WARNING] stderr:     Window.restore()          # unmaximize first
Wed, 10 Sep 2025 11:34:24.889002 GMT [ERROR] Window.restore()          # unmaximize first
Wed, 10 Sep 2025 11:34:24.889086 GMT [WARNING] stderr: NameError: name 'Window' is not defined
Wed, 10 Sep 2025 11:34:24.889123 GMT [ERROR] NameError: name 'Window' is not defined

********************************************************************************
APP STARTED at Wed, 10 Sep 2025 11:34:43.220166 GMT

********************************************************************************
APP STARTED at Wed, 10 Sep 2025 11:40:09.896025 GMT

********************************************************************************
APP STARTED at Thu, 11 Sep 2025 03:20:17.041719 GMT
Thu, 11 Sep 2025 03:20:17.394713 GMT [WARNING] stderr: Traceback (most recent call last):
Thu, 11 Sep 2025 03:20:17.394863 GMT [ERROR] Traceback (most recent call last):
Thu, 11 Sep 2025 03:20:17.394973 GMT [WARNING] stderr:   File "/home/cai_test_wi/Maha/Config_UI/M-Series/main.py", line 7, in <module>
Thu, 11 Sep 2025 03:20:17.395031 GMT [ERROR] File "/home/cai_test_wi/Maha/Config_UI/M-Series/main.py", line 7, in <module>
Thu, 11 Sep 2025 03:20:17.395175 GMT [WARNING] stderr:     from screens.admin import AdminScreen
Thu, 11 Sep 2025 03:20:17.395228 GMT [ERROR] from screens.admin import AdminScreen
Thu, 11 Sep 2025 03:20:17.395303 GMT [WARNING] stderr:   File "/home/cai_test_wi/Maha/Config_UI/M-Series/screens/admin.py", line 297
Thu, 11 Sep 2025 03:20:17.395344 GMT [ERROR] File "/home/cai_test_wi/Maha/Config_UI/M-Series/screens/admin.py", line 297
Thu, 11 Sep 2025 03:20:17.395407 GMT [WARNING] stderr:     available_cameras = [self.camera_labels[f"Camera {i+1}"]
Thu, 11 Sep 2025 03:20:17.395449 GMT [ERROR] available_cameras = [self.camera_labels[f"Camera {i+1}"]
Thu, 11 Sep 2025 03:20:17.395533 GMT [WARNING] stderr: IndentationError: unexpected indent
Thu, 11 Sep 2025 03:20:17.395574 GMT [ERROR] IndentationError: unexpected indent

********************************************************************************
APP STARTED at Thu, 11 Sep 2025 03:20:31.572351 GMT
Thu, 11 Sep 2025 03:23:26.292037 GMT [WARNING] stderr: Traceback (most recent call last):
Thu, 11 Sep 2025 03:23:26.292077 GMT [ERROR] Traceback (most recent call last):
Thu, 11 Sep 2025 03:23:26.292126 GMT [WARNING] stderr:   File "/home/cai_test_wi/Maha/Config_UI/M-Series/main.py", line 57, in <module>
Thu, 11 Sep 2025 03:23:26.292154 GMT [ERROR] File "/home/cai_test_wi/Maha/Config_UI/M-Series/main.py", line 57, in <module>
Thu, 11 Sep 2025 03:23:26.292257 GMT [WARNING] stderr:     ConfigApp().run()
Thu, 11 Sep 2025 03:23:26.292285 GMT [ERROR] ConfigApp().run()
Thu, 11 Sep 2025 03:23:26.292336 GMT [WARNING] stderr:   File "/home/cai_test_wi/Maha/Config_UI/M-Series/config/lib/python3.10/site-packages/kivy/app.py", line 956, in run
Thu, 11 Sep 2025 03:23:26.292364 GMT [ERROR] File "/home/cai_test_wi/Maha/Config_UI/M-Series/config/lib/python3.10/site-packages/kivy/app.py", line 956, in run
Thu, 11 Sep 2025 03:23:26.294791 GMT [WARNING] stderr:     runTouchApp()
Thu, 11 Sep 2025 03:23:26.294843 GMT [ERROR] runTouchApp()
Thu, 11 Sep 2025 03:23:26.294898 GMT [WARNING] stderr:   File "/home/cai_test_wi/Maha/Config_UI/M-Series/config/lib/python3.10/site-packages/kivy/base.py", line 574, in runTouchApp
Thu, 11 Sep 2025 03:23:26.294927 GMT [ERROR] File "/home/cai_test_wi/Maha/Config_UI/M-Series/config/lib/python3.10/site-packages/kivy/base.py", line 574, in runTouchApp
Thu, 11 Sep 2025 03:23:26.295422 GMT [WARNING] stderr:     EventLoop.mainloop()
Thu, 11 Sep 2025 03:23:26.295460 GMT [ERROR] EventLoop.mainloop()
Thu, 11 Sep 2025 03:23:26.295507 GMT [WARNING] stderr:   File "/home/cai_test_wi/Maha/Config_UI/M-Series/config/lib/python3.10/site-packages/kivy/base.py", line 339, in mainloop
Thu, 11 Sep 2025 03:23:26.295532 GMT [ERROR] File "/home/cai_test_wi/Maha/Config_UI/M-Series/config/lib/python3.10/site-packages/kivy/base.py", line 339, in mainloop
Thu, 11 Sep 2025 03:23:26.295623 GMT [WARNING] stderr:     self.idle()
Thu, 11 Sep 2025 03:23:26.295653 GMT [ERROR] self.idle()
Thu, 11 Sep 2025 03:23:26.295717 GMT [WARNING] stderr:   File "/home/cai_test_wi/Maha/Config_UI/M-Series/config/lib/python3.10/site-packages/kivy/base.py", line 379, in idle
Thu, 11 Sep 2025 03:23:26.295745 GMT [ERROR] File "/home/cai_test_wi/Maha/Config_UI/M-Series/config/lib/python3.10/site-packages/kivy/base.py", line 379, in idle
Thu, 11 Sep 2025 03:23:26.295830 GMT [WARNING] stderr:     Clock.tick()
Thu, 11 Sep 2025 03:23:26.295860 GMT [ERROR] Clock.tick()
Thu, 11 Sep 2025 03:23:26.295902 GMT [WARNING] stderr:   File "/home/cai_test_wi/Maha/Config_UI/M-Series/config/lib/python3.10/site-packages/kivy/clock.py", line 733, in tick
Thu, 11 Sep 2025 03:23:26.295928 GMT [ERROR] File "/home/cai_test_wi/Maha/Config_UI/M-Series/config/lib/python3.10/site-packages/kivy/clock.py", line 733, in tick
Thu, 11 Sep 2025 03:23:26.296809 GMT [WARNING] stderr:     self.post_idle(ts, self.idle())
Thu, 11 Sep 2025 03:23:26.296845 GMT [ERROR] self.post_idle(ts, self.idle())
Thu, 11 Sep 2025 03:23:26.296893 GMT [WARNING] stderr:   File "/home/cai_test_wi/Maha/Config_UI/M-Series/config/lib/python3.10/site-packages/kivy/clock.py", line 689, in idle
Thu, 11 Sep 2025 03:23:26.296919 GMT [ERROR] File "/home/cai_test_wi/Maha/Config_UI/M-Series/config/lib/python3.10/site-packages/kivy/clock.py", line 689, in idle
Thu, 11 Sep 2025 03:23:26.297105 GMT [WARNING] stderr:     usleep(1000000 * sleeptime)
Thu, 11 Sep 2025 03:23:26.297131 GMT [ERROR] usleep(1000000 * sleeptime)
Thu, 11 Sep 2025 03:23:26.297178 GMT [WARNING] stderr:   File "/home/cai_test_wi/Maha/Config_UI/M-Series/config/lib/python3.10/site-packages/kivy/clock.py", line 965, in usleep
Thu, 11 Sep 2025 03:23:26.297204 GMT [ERROR] File "/home/cai_test_wi/Maha/Config_UI/M-Series/config/lib/python3.10/site-packages/kivy/clock.py", line 965, in usleep
Thu, 11 Sep 2025 03:23:26.297415 GMT [WARNING] stderr:     _usleep(microseconds, self._sleep_obj)
Thu, 11 Sep 2025 03:23:26.297441 GMT [ERROR] _usleep(microseconds, self._sleep_obj)
Thu, 11 Sep 2025 03:23:26.297484 GMT [WARNING] stderr:   File "/home/cai_test_wi/Maha/Config_UI/M-Series/config/lib/python3.10/site-packages/kivy/clock.py", line 556, in _usleep
Thu, 11 Sep 2025 03:23:26.297509 GMT [ERROR] File "/home/cai_test_wi/Maha/Config_UI/M-Series/config/lib/python3.10/site-packages/kivy/clock.py", line 556, in _usleep
Thu, 11 Sep 2025 03:23:26.297700 GMT [WARNING] stderr:     _libc_usleep(int(microseconds))
Thu, 11 Sep 2025 03:23:26.297731 GMT [ERROR] _libc_usleep(int(microseconds))
Thu, 11 Sep 2025 03:23:26.297789 GMT [WARNING] stderr: KeyboardInterrupt
Thu, 11 Sep 2025 03:23:26.297817 GMT [ERROR] KeyboardInterrupt

********************************************************************************
APP STARTED at Thu, 11 Sep 2025 03:23:27.552954 GMT

********************************************************************************
APP STARTED at Thu, 11 Sep 2025 03:24:37.874415 GMT

********************************************************************************
APP STARTED at Thu, 11 Sep 2025 04:00:18.772813 GMT

********************************************************************************
APP STARTED at Thu, 11 Sep 2025 04:06:27.903413 GMT
Thu, 11 Sep 2025 04:06:28.218417 GMT [WARNING] stderr: Traceback (most recent call last):
Thu, 11 Sep 2025 04:06:28.218516 GMT [ERROR] Traceback (most recent call last):
Thu, 11 Sep 2025 04:06:28.218580 GMT [WARNING] stderr:   File "/home/cai_test_wi/Maha/Config_UI/M-Series/main.py", line 57, in <module>
Thu, 11 Sep 2025 04:06:28.218611 GMT [ERROR] File "/home/cai_test_wi/Maha/Config_UI/M-Series/main.py", line 57, in <module>
Thu, 11 Sep 2025 04:06:28.218748 GMT [WARNING] stderr:     ConfigApp().run()
Thu, 11 Sep 2025 04:06:28.218786 GMT [ERROR] ConfigApp().run()
Thu, 11 Sep 2025 04:06:28.218862 GMT [WARNING] stderr:   File "/home/cai_test_wi/Maha/Config_UI/M-Series/config/lib/python3.10/site-packages/kivy/app.py", line 955, in run
Thu, 11 Sep 2025 04:06:28.218893 GMT [ERROR] File "/home/cai_test_wi/Maha/Config_UI/M-Series/config/lib/python3.10/site-packages/kivy/app.py", line 955, in run
Thu, 11 Sep 2025 04:06:28.219118 GMT [WARNING] stderr:     self._run_prepare()
Thu, 11 Sep 2025 04:06:28.219151 GMT [ERROR] self._run_prepare()
Thu, 11 Sep 2025 04:06:28.219195 GMT [WARNING] stderr:   File "/home/cai_test_wi/Maha/Config_UI/M-Series/config/lib/python3.10/site-packages/kivy/app.py", line 925, in _run_prepare
Thu, 11 Sep 2025 04:06:28.219221 GMT [ERROR] File "/home/cai_test_wi/Maha/Config_UI/M-Series/config/lib/python3.10/site-packages/kivy/app.py", line 925, in _run_prepare
Thu, 11 Sep 2025 04:06:28.219442 GMT [WARNING] stderr:     root = self.build()
Thu, 11 Sep 2025 04:06:28.219471 GMT [ERROR] root = self.build()
Thu, 11 Sep 2025 04:06:28.219513 GMT [WARNING] stderr:   File "/home/cai_test_wi/Maha/Config_UI/M-Series/main.py", line 19, in build
Thu, 11 Sep 2025 04:06:28.219539 GMT [ERROR] File "/home/cai_test_wi/Maha/Config_UI/M-Series/main.py", line 19, in build
Thu, 11 Sep 2025 04:06:28.219604 GMT [WARNING] stderr:     sm.add_widget(AdminScreen(name="admin"))
Thu, 11 Sep 2025 04:06:28.219633 GMT [ERROR] sm.add_widget(AdminScreen(name="admin"))
Thu, 11 Sep 2025 04:06:28.219675 GMT [WARNING] stderr:   File "/home/cai_test_wi/Maha/Config_UI/M-Series/screens/admin.py", line 64, in __init__
Thu, 11 Sep 2025 04:06:28.219709 GMT [ERROR] File "/home/cai_test_wi/Maha/Config_UI/M-Series/screens/admin.py", line 64, in __init__
Thu, 11 Sep 2025 04:06:28.219788 GMT [WARNING] stderr:     self.camera_spinner.dropdown_cls.max_height = dp(120)
Thu, 11 Sep 2025 04:06:28.219819 GMT [ERROR] self.camera_spinner.dropdown_cls.max_height = dp(120)
Thu, 11 Sep 2025 04:06:28.219913 GMT [WARNING] stderr: AttributeError: 'AdminScreen' object has no attribute 'camera_spinner'. Did you mean: 'num_cam_spinner'?
Thu, 11 Sep 2025 04:06:28.219941 GMT [ERROR] AttributeError: 'AdminScreen' object has no attribute 'camera_spinner'. Did you mean: 'num_cam_spinner'?

********************************************************************************
APP STARTED at Thu, 11 Sep 2025 04:07:32.955958 GMT

********************************************************************************
APP STARTED at Thu, 11 Sep 2025 04:20:28.852360 GMT

********************************************************************************
APP STARTED at Thu, 11 Sep 2025 04:21:34.784958 GMT

********************************************************************************
APP STARTED at Thu, 11 Sep 2025 04:26:44.390976 GMT
Thu, 11 Sep 2025 04:26:44.695161 GMT [WARNING] stderr: Traceback (most recent call last):
Thu, 11 Sep 2025 04:26:44.695281 GMT [ERROR] Traceback (most recent call last):
Thu, 11 Sep 2025 04:26:44.695351 GMT [WARNING] stderr:   File "/home/cai_test_wi/Maha/Config_UI/M-Series/main.py", line 57, in <module>
Thu, 11 Sep 2025 04:26:44.695391 GMT [ERROR] File "/home/cai_test_wi/Maha/Config_UI/M-Series/main.py", line 57, in <module>
Thu, 11 Sep 2025 04:26:44.695528 GMT [WARNING] stderr:     ConfigApp().run()
Thu, 11 Sep 2025 04:26:44.695568 GMT [ERROR] ConfigApp().run()
Thu, 11 Sep 2025 04:26:44.695636 GMT [WARNING] stderr:   File "/home/cai_test_wi/Maha/Config_UI/M-Series/config/lib/python3.10/site-packages/kivy/app.py", line 955, in run
Thu, 11 Sep 2025 04:26:44.695666 GMT [ERROR] File "/home/cai_test_wi/Maha/Config_UI/M-Series/config/lib/python3.10/site-packages/kivy/app.py", line 955, in run
Thu, 11 Sep 2025 04:26:44.696017 GMT [WARNING] stderr:     self._run_prepare()
Thu, 11 Sep 2025 04:26:44.696111 GMT [ERROR] self._run_prepare()
Thu, 11 Sep 2025 04:26:44.696194 GMT [WARNING] stderr:   File "/home/cai_test_wi/Maha/Config_UI/M-Series/config/lib/python3.10/site-packages/kivy/app.py", line 925, in _run_prepare
Thu, 11 Sep 2025 04:26:44.696244 GMT [ERROR] File "/home/cai_test_wi/Maha/Config_UI/M-Series/config/lib/python3.10/site-packages/kivy/app.py", line 925, in _run_prepare
Thu, 11 Sep 2025 04:26:44.696614 GMT [WARNING] stderr:     root = self.build()
Thu, 11 Sep 2025 04:26:44.696690 GMT [ERROR] root = self.build()
Thu, 11 Sep 2025 04:26:44.696775 GMT [WARNING] stderr:   File "/home/cai_test_wi/Maha/Config_UI/M-Series/main.py", line 20, in build
Thu, 11 Sep 2025 04:26:44.696825 GMT [ERROR] File "/home/cai_test_wi/Maha/Config_UI/M-Series/main.py", line 20, in build
Thu, 11 Sep 2025 04:26:44.696944 GMT [WARNING] stderr:     sm.add_widget(UserScreen(name="user"))
Thu, 11 Sep 2025 04:26:44.697000 GMT [ERROR] sm.add_widget(UserScreen(name="user"))
Thu, 11 Sep 2025 04:26:44.697081 GMT [WARNING] stderr:   File "/home/cai_test_wi/Maha/Config_UI/M-Series/screens/user.py", line 31, in __init__
Thu, 11 Sep 2025 04:26:44.697131 GMT [ERROR] File "/home/cai_test_wi/Maha/Config_UI/M-Series/screens/user.py", line 31, in __init__
Thu, 11 Sep 2025 04:26:44.697249 GMT [WARNING] stderr:     self.internal_name = self.get_internal_camera_name(self.zone_spinner.text)
Thu, 11 Sep 2025 04:26:44.697307 GMT [ERROR] self.internal_name = self.get_internal_camera_name(self.zone_spinner.text)
Thu, 11 Sep 2025 04:26:44.697459 GMT [WARNING] stderr: AttributeError: 'UserScreen' object has no attribute 'zone_spinner'
Thu, 11 Sep 2025 04:26:44.697514 GMT [ERROR] AttributeError: 'UserScreen' object has no attribute 'zone_spinner'

********************************************************************************
APP STARTED at Thu, 11 Sep 2025 04:27:03.278049 GMT
Thu, 11 Sep 2025 04:27:03.699345 GMT [WARNING] stderr: Traceback (most recent call last):
Thu, 11 Sep 2025 04:27:03.699513 GMT [ERROR] Traceback (most recent call last):
Thu, 11 Sep 2025 04:27:03.699628 GMT [WARNING] stderr:   File "/home/cai_test_wi/Maha/Config_UI/M-Series/main.py", line 57, in <module>
Thu, 11 Sep 2025 04:27:03.699736 GMT [ERROR] File "/home/cai_test_wi/Maha/Config_UI/M-Series/main.py", line 57, in <module>
Thu, 11 Sep 2025 04:27:03.699994 GMT [WARNING] stderr:     ConfigApp().run()
Thu, 11 Sep 2025 04:27:03.700056 GMT [ERROR] ConfigApp().run()
Thu, 11 Sep 2025 04:27:03.700231 GMT [WARNING] stderr:   File "/home/cai_test_wi/Maha/Config_UI/M-Series/config/lib/python3.10/site-packages/kivy/app.py", line 955, in run
Thu, 11 Sep 2025 04:27:03.700279 GMT [ERROR] File "/home/cai_test_wi/Maha/Config_UI/M-Series/config/lib/python3.10/site-packages/kivy/app.py", line 955, in run
Thu, 11 Sep 2025 04:27:03.700708 GMT [WARNING] stderr:     self._run_prepare()
Thu, 11 Sep 2025 04:27:03.700765 GMT [ERROR] self._run_prepare()
Thu, 11 Sep 2025 04:27:03.700887 GMT [WARNING] stderr:   File "/home/cai_test_wi/Maha/Config_UI/M-Series/config/lib/python3.10/site-packages/kivy/app.py", line 925, in _run_prepare
Thu, 11 Sep 2025 04:27:03.700957 GMT [ERROR] File "/home/cai_test_wi/Maha/Config_UI/M-Series/config/lib/python3.10/site-packages/kivy/app.py", line 925, in _run_prepare
Thu, 11 Sep 2025 04:27:03.701339 GMT [WARNING] stderr:     root = self.build()
Thu, 11 Sep 2025 04:27:03.701394 GMT [ERROR] root = self.build()
Thu, 11 Sep 2025 04:27:03.701498 GMT [WARNING] stderr:   File "/home/cai_test_wi/Maha/Config_UI/M-Series/main.py", line 20, in build
Thu, 11 Sep 2025 04:27:03.701547 GMT [ERROR] File "/home/cai_test_wi/Maha/Config_UI/M-Series/main.py", line 20, in build
Thu, 11 Sep 2025 04:27:03.701682 GMT [WARNING] stderr:     sm.add_widget(UserScreen(name="user"))
Thu, 11 Sep 2025 04:27:03.701757 GMT [ERROR] sm.add_widget(UserScreen(name="user"))
Thu, 11 Sep 2025 04:27:03.701869 GMT [WARNING] stderr:   File "/home/cai_test_wi/Maha/Config_UI/M-Series/screens/user.py", line 31, in __init__
Thu, 11 Sep 2025 04:27:03.701902 GMT [ERROR] File "/home/cai_test_wi/Maha/Config_UI/M-Series/screens/user.py", line 31, in __init__
Thu, 11 Sep 2025 04:27:03.702035 GMT [WARNING] stderr:     self.internal_name = self.get_internal_camera_name(self.zone_spinner.text)
Thu, 11 Sep 2025 04:27:03.702091 GMT [ERROR] self.internal_name = self.get_internal_camera_name(self.zone_spinner.text)
Thu, 11 Sep 2025 04:27:03.702242 GMT [WARNING] stderr: AttributeError: 'UserScreen' object has no attribute 'zone_spinner'
Thu, 11 Sep 2025 04:27:03.702301 GMT [ERROR] AttributeError: 'UserScreen' object has no attribute 'zone_spinner'

********************************************************************************
APP STARTED at Thu, 11 Sep 2025 04:43:48.734949 GMT
Thu, 11 Sep 2025 04:43:48.954689 GMT [WARNING] stderr: Traceback (most recent call last):
Thu, 11 Sep 2025 04:43:48.954783 GMT [ERROR] Traceback (most recent call last):
Thu, 11 Sep 2025 04:43:48.954848 GMT [WARNING] stderr:   File "/home/cai_test_wi/Maha/Config_UI/M-Series/main.py", line 8, in <module>
Thu, 11 Sep 2025 04:43:48.954879 GMT [ERROR] File "/home/cai_test_wi/Maha/Config_UI/M-Series/main.py", line 8, in <module>
Thu, 11 Sep 2025 04:43:48.954969 GMT [WARNING] stderr:     from screens.user  import UserScreen
Thu, 11 Sep 2025 04:43:48.955004 GMT [ERROR] from screens.user  import UserScreen
Thu, 11 Sep 2025 04:43:48.955057 GMT [WARNING] stderr:   File "/home/cai_test_wi/Maha/Config_UI/M-Series/screens/user.py", line 292
Thu, 11 Sep 2025 04:43:48.955085 GMT [ERROR] File "/home/cai_test_wi/Maha/Config_UI/M-Series/screens/user.py", line 292
Thu, 11 Sep 2025 04:43:48.955128 GMT [WARNING] stderr:     self.friendly_name = text
Thu, 11 Sep 2025 04:43:48.955154 GMT [ERROR] self.friendly_name = text
Thu, 11 Sep 2025 04:43:48.955199 GMT [WARNING] stderr: IndentationError: unexpected indent
Thu, 11 Sep 2025 04:43:48.955226 GMT [ERROR] IndentationError: unexpected indent

********************************************************************************
APP STARTED at Thu, 11 Sep 2025 04:44:09.633821 GMT
Thu, 11 Sep 2025 04:44:21.909258 GMT [WARNING] stderr: Traceback (most recent call last):
Thu, 11 Sep 2025 04:44:21.909302 GMT [ERROR] Traceback (most recent call last):
Thu, 11 Sep 2025 04:44:21.909359 GMT [WARNING] stderr:   File "/home/cai_test_wi/Maha/Config_UI/M-Series/main.py", line 57, in <module>
Thu, 11 Sep 2025 04:44:21.909391 GMT [ERROR] File "/home/cai_test_wi/Maha/Config_UI/M-Series/main.py", line 57, in <module>
Thu, 11 Sep 2025 04:44:21.909508 GMT [WARNING] stderr:     ConfigApp().run()
Thu, 11 Sep 2025 04:44:21.909551 GMT [ERROR] ConfigApp().run()
Thu, 11 Sep 2025 04:44:21.909608 GMT [WARNING] stderr:   File "/home/cai_test_wi/Maha/Config_UI/M-Series/config/lib/python3.10/site-packages/kivy/app.py", line 956, in run
Thu, 11 Sep 2025 04:44:21.909638 GMT [ERROR] File "/home/cai_test_wi/Maha/Config_UI/M-Series/config/lib/python3.10/site-packages/kivy/app.py", line 956, in run
Thu, 11 Sep 2025 04:44:21.909891 GMT [WARNING] stderr:     runTouchApp()
Thu, 11 Sep 2025 04:44:21.909927 GMT [ERROR] runTouchApp()
Thu, 11 Sep 2025 04:44:21.909987 GMT [WARNING] stderr:   File "/home/cai_test_wi/Maha/Config_UI/M-Series/config/lib/python3.10/site-packages/kivy/base.py", line 574, in runTouchApp
Thu, 11 Sep 2025 04:44:21.910018 GMT [ERROR] File "/home/cai_test_wi/Maha/Config_UI/M-Series/config/lib/python3.10/site-packages/kivy/base.py", line 574, in runTouchApp
Thu, 11 Sep 2025 04:44:21.910138 GMT [WARNING] stderr:     EventLoop.mainloop()
Thu, 11 Sep 2025 04:44:21.910171 GMT [ERROR] EventLoop.mainloop()
Thu, 11 Sep 2025 04:44:21.910218 GMT [WARNING] stderr:   File "/home/cai_test_wi/Maha/Config_UI/M-Series/config/lib/python3.10/site-packages/kivy/base.py", line 339, in mainloop
Thu, 11 Sep 2025 04:44:21.910281 GMT [ERROR] File "/home/cai_test_wi/Maha/Config_UI/M-Series/config/lib/python3.10/site-packages/kivy/base.py", line 339, in mainloop
Thu, 11 Sep 2025 04:44:21.910374 GMT [WARNING] stderr:     self.idle()
Thu, 11 Sep 2025 04:44:21.910408 GMT [ERROR] self.idle()
Thu, 11 Sep 2025 04:44:21.910450 GMT [WARNING] stderr:   File "/home/cai_test_wi/Maha/Config_UI/M-Series/config/lib/python3.10/site-packages/kivy/base.py", line 383, in idle
Thu, 11 Sep 2025 04:44:21.910477 GMT [ERROR] File "/home/cai_test_wi/Maha/Config_UI/M-Series/config/lib/python3.10/site-packages/kivy/base.py", line 383, in idle
Thu, 11 Sep 2025 04:44:21.910566 GMT [WARNING] stderr:     self.dispatch_input()
Thu, 11 Sep 2025 04:44:21.910596 GMT [ERROR] self.dispatch_input()
Thu, 11 Sep 2025 04:44:21.910639 GMT [WARNING] stderr:   File "/home/cai_test_wi/Maha/Config_UI/M-Series/config/lib/python3.10/site-packages/kivy/base.py", line 334, in dispatch_input
Thu, 11 Sep 2025 04:44:21.910666 GMT [ERROR] File "/home/cai_test_wi/Maha/Config_UI/M-Series/config/lib/python3.10/site-packages/kivy/base.py", line 334, in dispatch_input
Thu, 11 Sep 2025 04:44:21.910759 GMT [WARNING] stderr:     post_dispatch_input(*pop(0))
Thu, 11 Sep 2025 04:44:21.910788 GMT [ERROR] post_dispatch_input(*pop(0))
Thu, 11 Sep 2025 04:44:21.910832 GMT [WARNING] stderr:   File "/home/cai_test_wi/Maha/Config_UI/M-Series/config/lib/python3.10/site-packages/kivy/base.py", line 302, in post_dispatch_input
Thu, 11 Sep 2025 04:44:21.910859 GMT [ERROR] File "/home/cai_test_wi/Maha/Config_UI/M-Series/config/lib/python3.10/site-packages/kivy/base.py", line 302, in post_dispatch_input
Thu, 11 Sep 2025 04:44:21.910939 GMT [WARNING] stderr:     wid.dispatch('on_touch_up', me)
Thu, 11 Sep 2025 04:44:21.910971 GMT [ERROR] wid.dispatch('on_touch_up', me)
Thu, 11 Sep 2025 04:44:21.911024 GMT [WARNING] stderr:   File "kivy/_event.pyx", line 731, in kivy._event.EventDispatcher.dispatch
Thu, 11 Sep 2025 04:44:21.911050 GMT [ERROR] File "kivy/_event.pyx", line 731, in kivy._event.EventDispatcher.dispatch
Thu, 11 Sep 2025 04:44:21.911144 GMT [WARNING] stderr:   File "/home/cai_test_wi/Maha/Config_UI/M-Series/config/lib/python3.10/site-packages/kivy/uix/behaviors/button.py", line 179, in on_touch_up
Thu, 11 Sep 2025 04:44:21.911177 GMT [ERROR] File "/home/cai_test_wi/Maha/Config_UI/M-Series/config/lib/python3.10/site-packages/kivy/uix/behaviors/button.py", line 179, in on_touch_up
Thu, 11 Sep 2025 04:44:21.912626 GMT [WARNING] stderr:     self.dispatch('on_release')
Thu, 11 Sep 2025 04:44:21.912694 GMT [ERROR] self.dispatch('on_release')
Thu, 11 Sep 2025 04:44:21.912753 GMT [WARNING] stderr:   File "kivy/_event.pyx", line 727, in kivy._event.EventDispatcher.dispatch
Thu, 11 Sep 2025 04:44:21.912784 GMT [ERROR] File "kivy/_event.pyx", line 727, in kivy._event.EventDispatcher.dispatch
Thu, 11 Sep 2025 04:44:21.912879 GMT [WARNING] stderr:   File "kivy/_event.pyx", line 1307, in kivy._event.EventObservers.dispatch
Thu, 11 Sep 2025 04:44:21.912916 GMT [ERROR] File "kivy/_event.pyx", line 1307, in kivy._event.EventObservers.dispatch
Thu, 11 Sep 2025 04:44:21.912981 GMT [WARNING] stderr:   File "kivy/_event.pyx", line 1231, in kivy._event.EventObservers._dispatch
Thu, 11 Sep 2025 04:44:21.913009 GMT [ERROR] File "kivy/_event.pyx", line 1231, in kivy._event.EventObservers._dispatch
Thu, 11 Sep 2025 04:44:21.913073 GMT [WARNING] stderr: TypeError: UserScreen.generate_coordinates() missing 2 required positional arguments: 'cam_index' and 'friendly_name'
Thu, 11 Sep 2025 04:44:21.913102 GMT [ERROR] TypeError: UserScreen.generate_coordinates() missing 2 required positional arguments: 'cam_index' and 'friendly_name'

********************************************************************************
APP STARTED at Thu, 11 Sep 2025 06:15:06.859877 GMT
Thu, 11 Sep 2025 07:12:32.758670 GMT [WARNING] stderr: Traceback (most recent call last):
Thu, 11 Sep 2025 07:12:32.758727 GMT [ERROR] Traceback (most recent call last):
Thu, 11 Sep 2025 07:12:32.758782 GMT [WARNING] stderr:   File "/home/cai_test_wi/Maha/Config_UI/M-Series/main.py", line 57, in <module>
Thu, 11 Sep 2025 07:12:32.758812 GMT [ERROR] File "/home/cai_test_wi/Maha/Config_UI/M-Series/main.py", line 57, in <module>
Thu, 11 Sep 2025 07:12:32.758913 GMT [WARNING] stderr:     ConfigApp().run()
Thu, 11 Sep 2025 07:12:32.758955 GMT [ERROR] ConfigApp().run()
Thu, 11 Sep 2025 07:12:32.759002 GMT [WARNING] stderr:   File "/home/cai_test_wi/Maha/Config_UI/M-Series/config/lib/python3.10/site-packages/kivy/app.py", line 956, in run
Thu, 11 Sep 2025 07:12:32.759032 GMT [ERROR] File "/home/cai_test_wi/Maha/Config_UI/M-Series/config/lib/python3.10/site-packages/kivy/app.py", line 956, in run
Thu, 11 Sep 2025 07:12:32.759259 GMT [WARNING] stderr:     runTouchApp()
Thu, 11 Sep 2025 07:12:32.759293 GMT [ERROR] runTouchApp()
Thu, 11 Sep 2025 07:12:32.759340 GMT [WARNING] stderr:   File "/home/cai_test_wi/Maha/Config_UI/M-Series/config/lib/python3.10/site-packages/kivy/base.py", line 574, in runTouchApp
Thu, 11 Sep 2025 07:12:32.759367 GMT [ERROR] File "/home/cai_test_wi/Maha/Config_UI/M-Series/config/lib/python3.10/site-packages/kivy/base.py", line 574, in runTouchApp
Thu, 11 Sep 2025 07:12:32.759475 GMT [WARNING] stderr:     EventLoop.mainloop()
Thu, 11 Sep 2025 07:12:32.759507 GMT [ERROR] EventLoop.mainloop()
Thu, 11 Sep 2025 07:12:32.759552 GMT [WARNING] stderr:   File "/home/cai_test_wi/Maha/Config_UI/M-Series/config/lib/python3.10/site-packages/kivy/base.py", line 339, in mainloop
Thu, 11 Sep 2025 07:12:32.759581 GMT [ERROR] File "/home/cai_test_wi/Maha/Config_UI/M-Series/config/lib/python3.10/site-packages/kivy/base.py", line 339, in mainloop
Thu, 11 Sep 2025 07:12:32.759671 GMT [WARNING] stderr:     self.idle()
Thu, 11 Sep 2025 07:12:32.759716 GMT [ERROR] self.idle()
Thu, 11 Sep 2025 07:12:32.759763 GMT [WARNING] stderr:   File "/home/cai_test_wi/Maha/Config_UI/M-Series/config/lib/python3.10/site-packages/kivy/base.py", line 379, in idle
Thu, 11 Sep 2025 07:12:32.759790 GMT [ERROR] File "/home/cai_test_wi/Maha/Config_UI/M-Series/config/lib/python3.10/site-packages/kivy/base.py", line 379, in idle
Thu, 11 Sep 2025 07:12:32.759881 GMT [WARNING] stderr:     Clock.tick()
Thu, 11 Sep 2025 07:12:32.759913 GMT [ERROR] Clock.tick()
Thu, 11 Sep 2025 07:12:32.759958 GMT [WARNING] stderr:   File "/home/cai_test_wi/Maha/Config_UI/M-Series/config/lib/python3.10/site-packages/kivy/clock.py", line 733, in tick
Thu, 11 Sep 2025 07:12:32.759985 GMT [ERROR] File "/home/cai_test_wi/Maha/Config_UI/M-Series/config/lib/python3.10/site-packages/kivy/clock.py", line 733, in tick
Thu, 11 Sep 2025 07:12:32.760206 GMT [WARNING] stderr:     self.post_idle(ts, self.idle())
Thu, 11 Sep 2025 07:12:32.760238 GMT [ERROR] self.post_idle(ts, self.idle())
Thu, 11 Sep 2025 07:12:32.760282 GMT [WARNING] stderr:   File "/home/cai_test_wi/Maha/Config_UI/M-Series/config/lib/python3.10/site-packages/kivy/clock.py", line 689, in idle
Thu, 11 Sep 2025 07:12:32.760314 GMT [ERROR] File "/home/cai_test_wi/Maha/Config_UI/M-Series/config/lib/python3.10/site-packages/kivy/clock.py", line 689, in idle
Thu, 11 Sep 2025 07:12:32.760531 GMT [WARNING] stderr:     usleep(1000000 * sleeptime)
Thu, 11 Sep 2025 07:12:32.760567 GMT [ERROR] usleep(1000000 * sleeptime)
Thu, 11 Sep 2025 07:12:32.760610 GMT [WARNING] stderr:   File "/home/cai_test_wi/Maha/Config_UI/M-Series/config/lib/python3.10/site-packages/kivy/clock.py", line 965, in usleep
Thu, 11 Sep 2025 07:12:32.760637 GMT [ERROR] File "/home/cai_test_wi/Maha/Config_UI/M-Series/config/lib/python3.10/site-packages/kivy/clock.py", line 965, in usleep
Thu, 11 Sep 2025 07:12:32.760880 GMT [WARNING] stderr:     _usleep(microseconds, self._sleep_obj)
Thu, 11 Sep 2025 07:12:32.760914 GMT [ERROR] _usleep(microseconds, self._sleep_obj)
Thu, 11 Sep 2025 07:12:32.760958 GMT [WARNING] stderr:   File "/home/cai_test_wi/Maha/Config_UI/M-Series/config/lib/python3.10/site-packages/kivy/clock.py", line 556, in _usleep
Thu, 11 Sep 2025 07:12:32.760984 GMT [ERROR] File "/home/cai_test_wi/Maha/Config_UI/M-Series/config/lib/python3.10/site-packages/kivy/clock.py", line 556, in _usleep
Thu, 11 Sep 2025 07:12:32.761182 GMT [WARNING] stderr:     _libc_usleep(int(microseconds))
Thu, 11 Sep 2025 07:12:32.761211 GMT [ERROR] _libc_usleep(int(microseconds))
Thu, 11 Sep 2025 07:12:32.761257 GMT [WARNING] stderr: KeyboardInterrupt
Thu, 11 Sep 2025 07:12:32.761285 GMT [ERROR] KeyboardInterrupt

********************************************************************************
APP STARTED at Thu, 11 Sep 2025 07:12:33.864742 GMT
Thu, 11 Sep 2025 07:12:41.861323 GMT [ERROR] Front Camera process exited with code -15. stderr:

Thu, 11 Sep 2025 07:12:41.862629 GMT [ERROR] [ERROR  ] [Front Camera process exited with code -15. stderr]

********************************************************************************
APP STARTED at Thu, 11 Sep 2025 07:13:25.195570 GMT
Thu, 11 Sep 2025 07:13:32.374672 GMT [ERROR] Front Camera process exited with code -15. stderr:

Thu, 11 Sep 2025 07:13:32.374835 GMT [ERROR] [ERROR  ] [Front Camera process exited with code -15. stderr]

********************************************************************************
APP STARTED at Thu, 11 Sep 2025 07:18:15.214606 GMT
Thu, 11 Sep 2025 07:18:22.180736 GMT [ERROR] Front Camera process exited with code -15. stderr:

Thu, 11 Sep 2025 07:18:22.180900 GMT [ERROR] [ERROR  ] [Front Camera process exited with code -15. stderr]

********************************************************************************
APP STARTED at Thu, 11 Sep 2025 07:18:32.276111 GMT

********************************************************************************
APP STARTED at Thu, 11 Sep 2025 07:21:04.544846 GMT

********************************************************************************
APP STARTED at Thu, 11 Sep 2025 07:22:42.527716 GMT
Thu, 11 Sep 2025 07:22:48.738247 GMT [ERROR] Front Camera process exited with code -15. stderr:

Thu, 11 Sep 2025 07:22:48.738474 GMT [ERROR] [ERROR  ] [Front Camera process exited with code -15. stderr]

********************************************************************************
APP STARTED at Thu, 11 Sep 2025 07:31:47.165499 GMT

********************************************************************************
APP STARTED at Thu, 11 Sep 2025 08:42:32.062253 GMT

********************************************************************************
APP STARTED at Thu, 11 Sep 2025 08:43:16.935124 GMT

********************************************************************************
APP STARTED at Thu, 11 Sep 2025 08:45:36.192307 GMT

********************************************************************************
APP STARTED at Thu, 11 Sep 2025 08:46:03.171991 GMT

********************************************************************************
APP STARTED at Thu, 11 Sep 2025 08:46:30.667018 GMT

********************************************************************************
APP STARTED at Thu, 11 Sep 2025 08:46:57.210584 GMT

********************************************************************************
APP STARTED at Thu, 11 Sep 2025 08:47:13.992438 GMT

********************************************************************************
APP STARTED at Thu, 11 Sep 2025 08:47:36.055049 GMT

********************************************************************************
APP STARTED at Thu, 11 Sep 2025 08:48:02.016758 GMT

********************************************************************************
APP STARTED at Thu, 11 Sep 2025 08:48:39.100700 GMT

********************************************************************************
APP STARTED at Thu, 11 Sep 2025 08:49:03.176871 GMT

********************************************************************************
APP STARTED at Thu, 11 Sep 2025 08:49:28.873922 GMT

********************************************************************************
APP STARTED at Thu, 11 Sep 2025 08:50:46.949352 GMT

********************************************************************************
APP STARTED at Thu, 11 Sep 2025 08:51:32.882684 GMT

********************************************************************************
APP STARTED at Thu, 11 Sep 2025 08:52:18.756289 GMT

********************************************************************************
APP STARTED at Thu, 11 Sep 2025 08:52:54.346453 GMT

********************************************************************************
APP STARTED at Thu, 11 Sep 2025 08:53:32.964726 GMT

********************************************************************************
APP STARTED at Thu, 11 Sep 2025 08:54:12.790992 GMT

********************************************************************************
APP STARTED at Thu, 11 Sep 2025 08:54:57.075636 GMT

********************************************************************************
APP STARTED at Thu, 11 Sep 2025 08:55:28.679553 GMT

********************************************************************************
APP STARTED at Thu, 11 Sep 2025 08:55:52.331244 GMT

********************************************************************************
APP STARTED at Thu, 11 Sep 2025 08:57:04.041112 GMT

********************************************************************************
APP STARTED at Thu, 11 Sep 2025 09:00:36.889159 GMT

********************************************************************************
APP STARTED at Thu, 11 Sep 2025 09:04:49.426805 GMT

********************************************************************************
APP STARTED at Thu, 11 Sep 2025 09:05:26.523205 GMT

********************************************************************************
APP STARTED at Thu, 11 Sep 2025 09:34:41.835638 GMT

********************************************************************************
APP STARTED at Thu, 11 Sep 2025 09:42:45.292427 GMT

********************************************************************************
APP STARTED at Thu, 11 Sep 2025 11:22:59.675387 GMT

********************************************************************************
APP STARTED at Mon, 15 Sep 2025 03:11:43.989181 GMT
Mon, 15 Sep 2025 03:15:28.775522 GMT [ERROR] Front Camera process exited with code -15. stderr:

Mon, 15 Sep 2025 03:15:28.775678 GMT [ERROR] [ERROR  ] [Front Camera process exited with code -15. stderr]

********************************************************************************
APP STARTED at Mon, 15 Sep 2025 07:10:41.266350 GMT

********************************************************************************
APP STARTED at Tue, 16 Sep 2025 03:10:11.499565 GMT

********************************************************************************
APP STARTED at Tue, 16 Sep 2025 03:13:09.309280 GMT

********************************************************************************
APP STARTED at Tue, 16 Sep 2025 03:15:12.947696 GMT

********************************************************************************
APP STARTED at Tue, 16 Sep 2025 03:15:38.204804 GMT

********************************************************************************
APP STARTED at Tue, 16 Sep 2025 03:16:28.770161 GMT

********************************************************************************
APP STARTED at Tue, 16 Sep 2025 03:16:54.258210 GMT

********************************************************************************
APP STARTED at Tue, 16 Sep 2025 03:18:15.736188 GMT

********************************************************************************
APP STARTED at Tue, 16 Sep 2025 05:03:09.599801 GMT

********************************************************************************
APP STARTED at Mon, 22 Sep 2025 09:08:41.087635 GMT
Mon, 22 Sep 2025 09:46:49.051827 GMT [ERROR] Front Camera process exited with code 1. stderr:
[ WARN:0@0.049] global cap_v4l.cpp:914 open VIDEOIO(V4L2:/dev/video0): can't open camera by index
[ERROR:0@0.049] global obsensor_uvc_stream_channel.cpp:163 getStreamChannelGroup Camera index out of range
Traceback (most recent call last):
  File "/home/cai_test_wi/Maha/Config_UI/M-Series/co_ord.py", line 119, in <module>
    raise Exception(f"Could not open camera: {cam_id}")
Exception: Could not open camera: 0

Mon, 22 Sep 2025 09:46:49.051986 GMT [ERROR] [ERROR  ] [Front Camera process exited with code 1. stderr]
[ WARN:0@0.049] global cap_v4l.cpp:914 open VIDEOIO(V4L2:/dev/video0): can't open camera by index
[ERROR:0@0.049] global obsensor_uvc_stream_channel.cpp:163 getStreamChannelGroup Camera index out of range
Traceback (most recent call last):
  File "/home/cai_test_wi/Maha/Config_UI/M-Series/co_ord.py", line 119, in <module>
    raise Exception(f"Could not open camera: {cam_id}")
Exception: Could not open camera: 0
